CreditScore,Age,Tenure,Balance,NumOfProducts,HasCrCard,IsActiveMember,EstimatedSalary,Exited,Geography_Germany,Geography_Spain,Gender_Male,Churn_Probability,Risk_Level,CustomerId
619,42,2,0.0,1,1,1,101348.88,1,False,False,False,0.19,Low,15634602
608,41,1,83807.86,1,0,1,112542.58,0,False,True,False,0.21,Low,15647311
502,42,8,159660.8,3,1,0,113931.57,1,False,False,False,0.98,High,15619304
699,39,1,0.0,2,0,0,93826.63,0,False,False,False,0.14,Low,15701354
850,43,2,125510.82,1,1,1,79084.1,0,False,True,False,0.06,Low,15737888
645,44,8,113755.78,2,1,0,149756.71,1,False,True,True,0.67,Medium,15574012
822,50,7,0.0,2,1,1,10062.8,0,False,False,True,0.02,Low,15592531
376,29,4,115046.74,4,1,0,119346.88,1,True,False,False,0.99,High,15656148
501,44,4,142051.07,2,0,1,74940.5,0,False,False,True,0.24,Low,15792365
684,27,2,134603.88,1,1,1,71725.73,0,False,False,True,0.02,Low,15592389
528,31,6,102016.72,2,0,0,80181.12,0,False,False,True,0.04,Low,15767821
497,24,3,0.0,2,1,0,76390.01,0,False,True,True,0.0,,15737173
476,34,10,0.0,2,1,0,26260.98,0,False,False,False,0.05,Low,15632264
549,25,5,0.0,2,0,0,190857.79,0,False,False,False,0.0,,15691483
635,35,7,0.0,2,1,1,65951.65,0,False,True,False,0.09,Low,15600882
616,45,3,143129.41,2,0,1,64327.26,0,True,False,True,0.05,Low,15643966
653,58,1,132602.88,1,1,0,5097.67,1,True,False,True,0.98,High,15737452
549,24,9,0.0,2,1,1,14406.41,0,False,True,False,0.09,Low,15788218
587,45,6,0.0,1,0,0,158684.81,0,False,True,True,0.17,Low,15661507
726,24,6,0.0,2,1,1,54724.03,0,False,False,False,0.04,Low,15568982
732,41,8,0.0,2,1,1,170886.17,0,False,False,True,0.0,,15577657
636,32,8,0.0,2,1,0,138555.46,0,False,True,False,0.02,Low,15597945
510,38,4,0.0,1,1,0,118913.53,1,False,True,False,0.76,High,15699309
669,46,3,0.0,2,0,1,8487.75,0,False,False,True,0.1,Low,15725737
846,38,5,0.0,1,1,1,187616.16,0,False,False,False,0.02,Low,15625047
577,25,3,0.0,2,0,1,124508.29,0,False,False,True,0.01,Low,15738191
756,36,2,136815.64,1,1,1,170041.95,0,True,False,True,0.13,Low,15736816
571,44,9,0.0,2,0,0,38433.35,0,False,False,True,0.04,Low,15700772
574,43,3,141349.43,1,1,1,100187.43,0,True,False,False,0.12,Low,15728693
411,29,0,59697.17,2,1,1,53483.21,0,False,False,True,0.07,Low,15656300
591,39,3,0.0,3,1,0,140469.38,1,False,True,False,0.85,High,15589475
533,36,7,85311.7,1,0,1,156731.91,0,False,False,True,0.09,Low,15706552
553,41,9,110112.54,2,0,0,81898.81,0,True,False,True,0.02,Low,15750181
520,42,6,0.0,2,1,1,34410.55,0,False,True,False,0.06,Low,15659428
722,29,9,0.0,2,1,1,142033.07,0,False,True,False,0.0,,15732963
475,45,0,134264.04,1,1,0,27822.99,1,False,False,False,0.46,Medium,15794171
490,31,3,145260.23,1,0,1,114066.77,0,False,True,True,0.04,Low,15788448
804,33,7,76548.6,1,0,1,98453.45,0,False,True,True,0.0,,15729599
850,36,7,0.0,1,1,1,40812.9,0,False,False,True,0.05,Low,15717426
582,41,6,70349.48,2,0,1,178074.04,0,True,False,True,0.07,Low,15585768
472,40,4,0.0,1,1,0,70154.22,0,False,True,True,0.13,Low,15619360
465,51,8,122522.32,1,0,0,181297.65,1,False,False,False,0.93,High,15738148
556,61,2,117419.35,1,1,1,94153.83,0,False,False,False,0.08,Low,15687946
834,49,2,131394.56,1,0,0,194365.76,1,False,False,False,0.88,High,15755196
660,61,5,155931.11,1,1,1,158338.39,0,False,True,False,0.12,Low,15684171
776,32,4,109421.13,2,1,1,126517.46,0,True,False,False,0.08,Low,15754849
829,27,9,112045.67,1,1,1,119708.21,1,True,False,False,0.73,High,15602280
637,39,9,137843.8,1,1,1,117622.8,1,True,False,False,0.5,Medium,15771573
550,38,2,103391.38,1,0,1,90878.13,0,True,False,True,0.08,Low,15766205
776,37,2,103769.22,2,1,0,194099.12,0,True,False,False,0.13,Low,15771873
698,44,10,116363.37,2,1,0,198059.16,0,True,False,True,0.3,Low,15616550
585,36,5,146050.97,2,0,0,86424.57,0,True,False,True,0.05,Low,15768193
788,33,5,0.0,2,0,0,116978.19,0,False,False,False,0.01,Low,15683553
655,41,8,125561.97,1,0,0,164040.94,1,True,False,True,0.73,High,15702298
601,42,1,98495.72,1,1,0,40014.76,1,True,False,True,0.89,High,15569590
619,43,1,125211.92,1,1,1,113410.49,0,False,False,True,0.13,Low,15760861
656,45,5,127864.4,1,1,0,87107.57,0,False,False,True,0.07,Low,15630053
725,19,0,75888.2,1,0,0,45613.75,0,True,False,True,0.05,Low,15647091
511,66,4,0.0,1,1,0,1643.11,1,False,True,False,0.6,Medium,15623944
614,51,4,40685.92,1,1,1,46775.28,0,False,False,True,0.33,Medium,15804771
742,35,5,136857.0,1,0,0,84509.57,0,True,False,True,0.14,Low,15651280
687,27,9,152328.88,2,0,0,126494.82,0,True,False,False,0.04,Low,15773469
555,33,1,56084.69,2,0,0,178798.13,0,False,True,True,0.07,Low,15702014
684,56,8,78707.16,1,1,1,99398.36,0,False,True,True,0.12,Low,15751208
603,26,4,109166.37,1,1,1,92840.67,0,True,False,True,0.01,Low,15592461
751,36,6,169831.46,2,1,1,27758.36,0,True,False,False,0.02,Low,15789484
581,34,1,101633.04,1,1,0,110431.51,0,True,False,False,0.12,Low,15696061
735,43,10,123180.01,2,1,1,196673.28,0,True,False,True,0.05,Low,15641582
661,35,5,150725.53,2,0,1,113656.85,0,True,False,False,0.02,Low,15638424
675,21,8,98373.26,1,1,0,18203.0,0,False,False,False,0.04,Low,15755648
738,58,2,133745.44,4,1,0,28373.86,1,True,False,True,0.97,High,15703793
813,29,6,0.0,1,1,0,33953.87,0,False,False,True,0.03,Low,15620344
657,37,0,163607.18,1,0,1,44203.55,0,False,True,False,0.04,Low,15812518
604,25,5,157780.84,2,1,1,58426.81,0,True,False,False,0.01,Low,15779052
519,36,9,0.0,2,0,1,145562.4,0,False,False,True,0.0,,15770811
735,21,1,178718.19,2,1,0,22388.0,0,False,False,False,0.05,Low,15780961
664,55,8,0.0,2,1,1,139161.64,0,False,False,True,0.05,Low,15614049
678,32,9,0.0,1,1,1,148210.64,0,False,False,False,0.03,Low,15662085
757,33,5,77253.22,1,0,1,194239.63,0,False,True,True,0.03,Low,15575185
416,41,10,122189.66,2,1,0,98301.61,0,True,False,False,0.19,Low,15803136
665,34,1,96645.54,2,0,0,171413.66,0,False,False,False,0.03,Low,15706021
777,32,2,0.0,1,1,0,136458.19,1,False,False,False,0.72,High,15663706
543,36,3,0.0,2,0,0,26019.59,0,False,False,False,0.03,Low,15641732
506,34,4,90307.62,1,1,1,159235.29,0,False,False,False,0.04,Low,15701164
493,46,4,0.0,2,1,0,1907.66,0,False,False,False,0.06,Low,15738751
652,75,10,0.0,2,1,1,114675.75,0,False,True,False,0.0,,15805254
750,22,3,121681.82,1,1,0,128643.35,1,False,True,True,0.67,Medium,15762418
729,30,9,0.0,2,1,0,151869.35,0,False,False,True,0.01,Low,15625759
646,46,4,0.0,3,1,0,93251.42,1,False,False,False,0.83,High,15622897
635,28,3,81623.67,2,1,1,156791.36,0,True,False,False,0.01,Low,15767954
647,44,5,0.0,3,1,1,174205.22,1,False,True,False,0.98,High,15757535
808,45,7,118626.55,2,1,0,147132.46,0,False,False,True,0.15,Low,15731511
524,36,10,0.0,2,1,0,109614.57,0,False,False,False,0.05,Low,15809248
769,29,8,0.0,2,1,1,172290.61,0,False,False,True,0.0,,15640635
730,42,4,0.0,2,0,1,85982.47,0,False,True,True,0.0,,15676966
515,35,10,176273.95,1,0,1,121277.78,0,False,True,True,0.12,Low,15699461
773,41,9,102827.44,1,0,1,64595.25,0,False,True,True,0.04,Low,15738721
814,29,8,97086.4,2,1,1,197276.13,0,True,False,True,0.02,Low,15693683
710,22,8,0.0,2,0,0,99645.04,0,False,True,True,0.0,,15604348
413,34,9,0.0,2,0,0,6534.18,0,False,False,True,0.0,,15633059
665,40,6,0.0,1,1,1,161848.03,0,False,False,False,0.08,Low,15808582
623,44,6,0.0,2,0,0,167162.43,0,False,False,False,0.24,Low,15743192
738,31,9,82674.15,1,1,0,41970.72,0,False,False,True,0.02,Low,15580146
528,36,7,0.0,2,1,0,60536.56,0,False,True,True,0.02,Low,15776605
670,65,1,0.0,1,1,1,177655.68,1,False,True,False,0.65,Medium,15804919
622,46,4,107073.27,2,1,1,30984.59,1,False,True,False,0.72,High,15613854
582,32,1,88938.62,1,1,1,10054.53,0,True,False,True,0.08,Low,15599195
785,36,2,99806.85,1,0,1,36976.52,0,True,False,False,0.43,Medium,15812878
605,33,5,150092.8,1,0,0,71862.79,0,False,True,True,0.05,Low,15602312
479,35,9,92833.89,1,1,0,99449.86,1,True,False,True,0.75,High,15744689
685,30,3,90536.81,1,0,1,63082.88,0,True,False,True,0.02,Low,15803526
538,39,7,108055.1,2,1,0,27231.26,0,True,False,True,0.05,Low,15665790
562,42,2,100238.35,1,0,0,86797.41,0,False,False,True,0.13,Low,15715951
675,36,9,106190.55,1,0,1,22994.32,0,False,True,True,0.0,,15591100
721,28,9,154475.54,2,0,1,101300.94,1,True,False,True,0.66,Medium,15609618
628,30,9,132351.29,2,1,1,74169.13,0,True,False,False,0.0,,15675522
668,37,6,167864.4,1,1,0,115638.29,0,True,False,False,0.02,Low,15705512
506,41,1,0.0,2,1,0,31766.3,0,False,False,False,0.02,Low,15698028
524,31,8,107818.63,1,1,0,199725.39,1,True,False,False,0.82,High,15661670
699,34,4,185173.81,2,1,0,120834.48,0,True,False,True,0.03,Low,15600781
828,34,8,129433.34,2,0,0,38131.77,0,False,False,True,0.06,Low,15682472
674,39,6,120193.42,1,0,0,100130.95,0,False,True,True,0.03,Low,15580203
656,39,6,0.0,2,1,0,141069.88,0,False,False,False,0.0,,15690673
684,48,10,126384.42,1,1,1,198129.36,0,True,False,False,0.11,Low,15760085
625,28,3,0.0,1,0,0,183646.41,0,False,False,False,0.16,Low,15779659
432,42,9,152603.45,1,1,0,110265.24,1,False,False,True,0.82,High,15627360
549,52,1,0.0,1,0,1,8636.05,1,False,False,False,0.92,High,15671137
625,56,0,148507.24,1,1,0,46824.08,1,True,False,True,0.95,High,15782688
828,41,7,0.0,2,1,0,171378.77,0,False,False,False,0.09,Low,15575492
770,24,9,101827.07,1,1,0,167256.35,0,False,False,True,0.01,Low,15591607
758,34,3,0.0,2,1,1,124226.16,0,False,False,False,0.0,,15740404
795,33,9,130862.43,1,1,1,114935.21,0,True,False,False,0.64,Medium,15718369
687,38,9,122570.87,1,1,1,35608.88,0,False,False,True,0.08,Low,15677871
686,25,1,0.0,2,0,1,16459.37,0,False,False,True,0.01,Low,15642004
789,39,7,124828.46,2,1,1,124411.08,0,True,False,True,0.02,Low,15712543
589,50,5,144895.05,2,1,1,34941.23,0,True,False,False,0.38,Medium,15584518
461,34,5,63663.93,1,0,1,167784.28,0,True,False,False,0.1,Low,15802381
637,40,2,133463.1,1,0,1,93165.34,0,False,False,True,0.09,Low,15610156
584,48,2,213146.2,1,1,0,75161.25,1,False,True,False,0.78,High,15594408
579,35,1,129490.36,2,0,1,8590.83,1,False,True,False,0.58,Medium,15640905
756,44,10,137452.09,1,1,0,189543.9,0,True,False,True,0.21,Low,15698932
663,34,7,0.0,2,1,1,180427.24,0,False,False,True,0.0,,15724944
682,43,5,125851.93,1,1,1,193318.33,0,False,False,False,0.1,Low,15628145
793,52,2,0.0,1,1,0,159123.82,1,False,True,True,0.94,High,15713483
691,31,5,40915.55,1,1,0,126213.84,1,False,False,False,0.4,Medium,15612350
485,21,5,113157.22,1,1,1,54141.5,0,False,True,False,0.02,Low,15800703
635,29,8,138296.94,2,1,0,141075.51,0,False,True,False,0.05,Low,15705707
650,37,5,106967.18,1,0,0,24495.03,0,False,False,True,0.04,Low,15754105
735,44,9,120681.63,1,1,0,74836.34,0,False,False,True,0.05,Low,15703264
416,32,0,0.0,2,0,1,878.87,0,False,False,True,0.05,Low,15794413
754,32,7,0.0,2,1,0,89520.75,0,False,True,False,0.0,,15650237
535,48,9,0.0,1,1,0,149892.79,1,False,False,False,0.95,High,15759618
716,42,8,0.0,2,1,0,180800.42,0,False,True,True,0.06,Low,15811589
539,37,2,127609.59,1,1,0,98646.22,0,False,False,True,0.02,Low,15689044
614,43,6,0.0,2,1,1,109041.53,0,False,False,False,0.01,Low,15709368
706,57,7,0.0,1,1,0,17941.16,1,False,True,True,0.92,High,15679145
758,33,7,0.0,2,0,0,82996.47,0,False,False,False,0.01,Low,15655007
586,28,2,0.0,2,1,1,92067.35,0,False,True,False,0.02,Low,15623595
646,73,6,97259.25,1,0,1,104719.66,0,False,False,False,0.01,Low,15589975
631,33,4,123246.7,1,0,0,112687.57,0,True,False,False,0.15,Low,15804017
717,22,6,101060.25,1,0,1,84699.56,0,False,True,False,0.02,Low,15692132
684,30,2,0.0,2,1,0,83473.82,0,False,False,True,0.02,Low,15641122
800,49,7,108007.36,1,0,0,47125.11,0,False,False,False,0.23,Low,15630910
721,36,2,0.0,2,1,1,106977.8,0,False,True,False,0.0,,15680772
683,29,0,133702.89,1,1,0,55582.54,1,False,True,True,0.74,High,15658929
660,31,9,125189.75,2,1,1,139874.43,0,True,False,True,0.02,Low,15585388
704,24,7,113034.22,1,1,0,162503.48,1,True,False,False,0.66,Medium,15724623
615,41,9,109013.23,1,1,0,196499.96,0,False,True,False,0.13,Low,15588537
667,39,2,0.0,2,1,0,40721.24,1,False,True,False,0.63,Medium,15574692
682,24,9,57929.81,2,0,0,53134.3,0,True,False,True,0.08,Low,15611325
484,29,4,130114.39,1,1,0,164017.89,0,False,False,False,0.03,Low,15587562
628,27,5,95826.49,2,1,0,155996.96,0,True,False,True,0.02,Low,15613172
480,44,10,129608.57,1,1,0,5472.7,1,True,False,True,0.86,High,15651022
578,30,4,169462.09,1,1,0,112187.11,0,False,False,True,0.01,Low,15586310
512,40,5,0.0,2,1,1,146457.83,0,False,False,True,0.0,,15625524
484,35,7,133868.21,1,1,1,27286.1,0,False,True,False,0.07,Low,15755209
510,30,0,0.0,2,1,1,130553.47,0,False,False,False,0.01,Low,15645248
606,36,5,190479.48,2,0,0,179351.89,0,True,False,True,0.06,Low,15790355
597,40,8,101993.12,1,0,1,94774.12,0,False,True,False,0.05,Low,15762615
754,55,3,161608.81,1,1,0,8080.85,1,True,False,False,0.97,High,15625426
850,45,2,122311.21,1,1,1,19482.5,0,False,True,False,0.16,Low,15716334
510,65,2,0.0,2,1,1,48071.61,0,False,False,True,0.02,Low,15789669
778,45,1,162150.42,2,1,0,174531.27,0,True,False,False,0.14,Low,15621075
636,42,2,0.0,2,1,1,55470.78,0,False,False,True,0.0,,15810845
804,50,4,0.0,1,1,1,8546.87,1,False,False,False,0.88,High,15719377
514,32,8,0.0,2,1,0,95857.18,0,False,False,True,0.02,Low,15654506
730,39,1,99010.67,1,1,0,194945.8,0,False,False,False,0.06,Low,15771977
525,37,0,0.0,1,0,1,131521.72,0,False,True,False,0.22,Low,15708710
616,30,5,0.0,2,0,1,196108.51,0,False,True,True,0.0,,15726676
687,34,7,111388.18,2,1,0,148564.76,0,True,False,False,0.06,Low,15587421
715,41,8,56214.85,2,0,0,92982.61,1,False,False,False,0.66,Medium,15726931
512,36,3,84327.77,2,1,0,17675.36,0,False,False,False,0.05,Low,15771086
479,40,1,0.0,2,0,0,114996.43,0,False,False,True,0.02,Low,15756850
601,32,8,93012.89,1,1,0,86957.42,0,False,False,True,0.0,,15702741
580,29,9,61710.44,2,1,0,128077.8,0,False,True,True,0.02,Low,15679200
807,35,3,174790.15,1,1,1,600.36,0,False,False,True,0.03,Low,15594815
616,32,6,0.0,2,1,1,43001.46,0,False,True,False,0.03,Low,15635905
721,37,3,107720.64,1,1,1,158591.12,0,True,False,True,0.16,Low,15777892
501,57,10,0.0,2,1,1,47847.19,0,False,False,True,0.07,Low,15656176
521,35,6,96423.84,1,1,0,10488.44,0,False,False,True,0.01,Low,15811127
850,30,2,141040.01,1,1,1,5978.2,0,False,True,True,0.03,Low,15604482
759,42,4,105420.18,1,0,1,121409.06,0,False,False,True,0.08,Low,15622911
516,50,5,0.0,1,0,1,146145.93,1,False,True,True,0.74,High,15600974
711,38,2,129022.06,2,1,1,14374.86,1,False,False,False,0.67,Medium,15727868
512,33,3,176666.62,1,1,0,94670.77,0,False,True,True,0.03,Low,15627801
550,37,3,0.0,1,1,1,179670.31,0,False,False,True,0.16,Low,15773039
608,41,3,89763.84,1,0,0,199304.74,1,False,True,False,0.79,High,15755262
618,34,5,134954.53,1,1,1,151954.39,0,False,False,True,0.0,,15679531
643,45,5,0.0,1,1,0,142513.5,1,False,False,True,0.82,High,15684181
671,45,2,106376.85,1,0,1,158264.62,0,False,False,True,0.11,Low,15612087
689,33,2,161814.64,2,1,0,169381.9,0,True,False,True,0.0,,15752047
603,31,8,0.0,2,1,1,169915.02,0,False,False,True,0.0,,15624592
620,41,9,0.0,2,0,0,88852.47,0,False,False,False,0.06,Low,15573152
676,34,1,63095.01,1,1,1,40645.81,0,False,False,False,0.04,Low,15594917
572,26,4,118287.01,2,0,0,60427.3,0,True,False,True,0.01,Low,15785542
668,47,7,106854.21,1,0,1,157959.02,1,True,False,True,0.87,High,15723488
695,46,7,49512.55,1,1,0,133007.34,0,False,False,True,0.12,Low,15680920
730,33,9,0.0,2,0,0,176576.62,0,False,True,False,0.02,Low,15786308
807,43,1,105799.32,2,1,0,34888.04,1,False,False,True,0.72,High,15659366
592,54,8,0.0,1,1,1,28737.71,1,False,False,True,0.74,High,15774854
726,31,9,114722.05,2,1,1,98178.57,0,False,False,False,0.0,,15725311
514,30,7,0.0,1,0,1,125010.24,0,False,True,True,0.15,Low,15787155
567,42,2,0.0,2,1,1,167984.61,0,False,False,True,0.01,Low,15727829
850,33,10,0.0,1,1,0,4861.72,1,False,False,True,0.72,High,15733247
671,45,6,99564.22,1,1,1,108872.45,1,True,False,True,0.73,High,15568748
670,37,4,170557.91,2,1,0,198252.88,0,False,False,True,0.05,Low,15699029
694,30,9,0.0,2,1,1,26960.31,0,False,False,False,0.01,Low,15774393
547,39,6,74596.15,3,1,1,85746.52,1,True,False,False,0.88,High,15676895
751,50,2,96888.39,1,1,0,77206.25,1,True,False,True,0.92,High,15637753
594,29,3,130830.22,1,1,0,61048.53,0,True,False,False,0.11,Low,15605461
673,72,1,0.0,2,0,1,111981.19,0,False,False,True,0.0,,15808473
610,40,0,0.0,2,1,0,62232.6,0,False,False,True,0.03,Low,15627000
512,37,1,0.0,2,0,1,156105.03,0,False,False,False,0.01,Low,15787174
767,20,3,119714.25,2,0,1,150135.38,0,True,False,True,0.06,Low,15723886
585,67,5,113978.97,2,0,1,93146.11,0,False,False,False,0.08,Low,15704769
763,42,6,100160.75,1,1,0,33462.94,1,True,False,True,0.71,High,15772896
712,29,2,0.0,1,1,1,144375.0,0,False,False,False,0.08,Low,15711540
539,43,3,116220.5,3,1,0,55803.96,1,True,False,False,1.0,High,15764866
668,46,2,0.0,3,1,0,89048.46,1,False,False,False,0.93,High,15794056
703,28,2,81173.83,2,0,1,162812.16,0,False,False,True,0.03,Low,15795149
662,38,4,0.0,2,1,0,136259.65,0,False,True,True,0.01,Low,15812009
725,39,5,116803.8,1,1,0,124052.97,0,True,False,False,0.19,Low,15651001
703,37,8,105961.68,2,0,1,74158.8,0,False,False,True,0.02,Low,15813844
659,67,6,117411.6,1,1,1,45071.09,1,True,False,True,0.69,Medium,15596175
523,34,7,0.0,2,1,0,62030.06,0,False,True,True,0.0,,15576269
635,40,10,123497.58,1,1,0,131953.23,1,False,False,False,0.33,Medium,15797219
772,26,7,152400.51,2,1,0,79414.0,0,True,False,True,0.02,Low,15685500
545,26,1,0.0,2,1,1,199638.56,0,False,False,False,0.03,Low,15599792
634,24,8,103097.85,1,1,1,157577.29,0,True,False,True,0.03,Low,15657566
739,54,8,126418.14,1,1,0,134420.75,1,True,False,True,0.95,High,15772423
771,36,5,77846.9,1,0,0,99805.99,0,True,False,False,0.15,Low,15628112
587,34,1,0.0,2,1,1,97932.68,0,False,True,False,0.02,Low,15753754
681,79,0,0.0,2,0,1,170968.99,0,False,False,False,0.04,Low,15793726
544,37,2,79731.91,1,1,1,57558.95,0,True,False,True,0.07,Low,15694717
696,28,8,0.0,1,0,0,176713.47,0,False,True,True,0.08,Low,15665834
766,41,0,0.0,2,0,1,34283.23,0,False,True,True,0.05,Low,15765297
727,34,10,0.0,2,1,1,198637.34,0,False,False,True,0.0,,15636684
671,34,6,37266.67,2,0,0,156917.12,0,True,False,False,0.01,Low,15592979
693,30,6,127992.25,1,1,1,50457.2,0,False,False,False,0.01,Low,15750803
850,38,3,54901.01,1,1,1,140075.55,0,True,False,True,0.09,Low,15607178
732,42,9,108748.08,2,1,1,65323.11,0,True,False,True,0.03,Low,15713853
726,48,6,99906.19,1,1,0,64323.24,0,False,True,False,0.24,Low,15673481
557,32,6,184686.41,2,1,0,14956.44,0,False,False,False,0.03,Low,15686776
682,26,0,110654.02,1,0,1,111879.21,0,False,False,False,0.06,Low,15673693
738,31,9,79019.8,1,1,1,18606.23,0,False,True,True,0.01,Low,15700696
531,36,9,99240.51,1,1,0,123137.01,0,False,True,False,0.19,Low,15813163
498,34,2,0.0,2,1,1,148528.24,0,False,False,True,0.0,,15653857
651,36,7,0.0,2,1,0,13898.31,0,False,False,True,0.02,Low,15777076
549,39,7,0.0,1,0,0,81259.25,1,False,True,False,0.82,High,15717398
791,35,7,52436.2,1,1,0,161051.75,0,True,False,False,0.06,Low,15799217
650,41,9,0.0,2,0,1,191599.67,0,False,True,True,0.02,Low,15787071
733,34,3,100337.96,3,1,0,48559.19,1,True,False,True,0.89,High,15619955
811,34,1,149297.19,2,1,1,186339.74,0,True,False,False,0.03,Low,15796505
707,30,8,0.0,2,1,0,33159.37,0,False,False,True,0.0,,15725166
712,28,4,145605.44,1,0,1,93883.53,0,True,False,True,0.05,Low,15800116
706,37,7,0.0,2,1,1,110899.3,0,False,True,False,0.01,Low,15758685
756,62,3,0.0,1,1,1,11199.04,1,False,False,True,0.81,High,15694456
777,53,10,0.0,2,1,0,189992.97,0,False,False,False,0.26,Low,15767339
646,35,6,84026.86,1,0,1,164255.69,0,False,False,True,0.01,Low,15683562
714,46,1,0.0,1,1,0,152167.79,1,False,False,True,0.9,High,15782210
782,39,8,0.0,2,1,1,33949.67,0,False,False,True,0.0,,15668893
775,29,10,0.0,2,1,1,68143.93,0,False,True,True,0.02,Low,15669169
479,35,4,138718.92,1,1,1,47251.79,1,True,False,True,0.78,High,15643024
807,42,7,118274.71,1,1,1,25885.72,0,False,False,True,0.05,Low,15699389
799,22,8,174185.98,2,0,1,192633.85,0,False,False,False,0.09,Low,15708608
675,40,7,113208.86,2,1,0,34577.36,0,False,False,True,0.02,Low,15626144
602,29,5,103907.28,1,1,0,161229.84,0,False,True,True,0.04,Low,15573112
475,32,8,119023.28,1,1,0,100816.29,0,False,False,False,0.05,Low,15790678
744,26,5,166297.89,1,1,1,181694.44,0,False,True,False,0.05,Low,15727556
588,34,10,0.0,2,1,0,79078.91,0,False,True,True,0.02,Low,15697307
703,42,9,63227.0,1,0,1,137316.32,0,True,False,True,0.3,Low,15652266
747,41,5,94521.17,2,1,0,194926.86,0,False,True,False,0.2,Low,15607098
583,27,7,0.0,2,1,0,51285.49,0,False,False,True,0.0,,15655774
750,34,9,112822.26,1,0,0,150401.53,1,False,True,False,0.65,Medium,15590241
681,38,3,0.0,2,1,1,112491.96,0,False,False,True,0.0,,15785819
773,25,2,135903.33,1,1,0,73656.38,0,False,False,True,0.05,Low,15723654
714,31,4,125169.26,1,1,1,106636.89,0,False,False,False,0.01,Low,15774510
687,44,7,0.0,3,1,0,155853.52,1,False,True,False,0.96,High,15684173
511,58,0,149117.31,1,1,1,162599.51,0,False,False,True,0.12,Low,15650068
627,33,5,0.0,2,1,1,103737.82,0,False,False,True,0.0,,15811490
694,31,10,0.0,2,1,0,160990.27,0,False,False,False,0.01,Low,15803976
616,36,6,132311.71,1,0,0,15462.84,0,False,True,False,0.02,Low,15682541
687,35,8,0.0,2,1,0,10334.05,0,False,False,True,0.0,,15695699
712,33,6,0.0,2,1,1,190686.16,0,False,False,False,0.0,,15624188
553,33,4,118082.89,1,0,0,94440.45,0,False,False,True,0.01,Low,15812191
667,31,1,119266.69,1,1,1,28257.63,0,False,False,True,0.0,,15636673
731,43,2,0.0,1,1,1,170034.95,1,False,False,True,0.65,Medium,15594898
629,35,7,156847.29,2,1,0,31824.29,0,True,False,True,0.03,Low,15660211
614,50,4,137104.47,1,1,0,127166.49,1,False,False,True,0.84,High,15773972
438,31,8,78398.69,1,1,0,44937.01,0,True,False,True,0.12,Low,15746726
652,80,4,0.0,2,1,1,188603.07,0,False,False,False,0.02,Low,15712287
729,30,6,63669.42,1,1,0,145111.37,0,True,False,True,0.06,Low,15702919
642,38,3,0.0,2,0,0,171463.83,0,False,False,True,0.02,Low,15674398
806,59,0,135296.33,1,1,0,182822.5,0,True,False,False,0.29,Low,15797960
744,36,2,153804.44,1,1,1,87213.33,0,False,True,True,0.01,Low,15631868
474,37,3,0.0,2,0,0,57175.32,0,False,True,True,0.06,Low,15581539
559,49,2,147069.78,1,1,0,120540.83,1,False,False,True,0.74,High,15662736
706,42,9,0.0,2,1,1,28714.34,0,False,True,True,0.02,Low,15666252
628,22,3,0.0,1,1,0,85426.28,0,False,True,False,0.32,Medium,15677512
429,24,4,95741.75,1,1,0,46170.75,0,False,False,True,0.05,Low,15626114
525,57,2,145965.33,1,1,1,64448.36,0,False,True,False,0.1,Low,15810834
680,30,8,141441.75,1,1,1,16278.97,0,False,False,False,0.06,Low,15678910
749,40,1,139290.41,1,1,0,182855.42,1,False,False,True,0.7,Medium,15694408
763,31,4,0.0,2,0,0,50404.72,0,False,False,False,0.02,Low,15585215
734,30,3,0.0,2,1,0,107640.25,0,False,False,True,0.0,,15682757
716,35,4,144428.87,1,1,0,134132.65,0,False,False,True,0.0,,15736601
594,35,2,0.0,2,1,0,103480.69,0,False,False,True,0.0,,15601848
644,46,9,95441.27,1,1,0,108761.05,1,False,False,False,0.87,High,15736008
671,35,1,144848.74,1,1,1,179012.3,0,True,False,True,0.08,Low,15669064
664,26,7,116244.14,2,1,1,95145.14,0,True,False,True,0.0,,15624528
656,50,7,0.0,2,0,1,72143.44,0,False,False,True,0.05,Low,15598493
667,40,1,146502.07,1,1,0,19162.89,0,False,True,False,0.09,Low,15601274
663,44,2,117028.6,2,0,1,144680.18,0,True,False,True,0.04,Low,15702669
584,30,8,112013.81,1,1,0,177772.03,1,True,False,False,0.41,Medium,15728669
626,37,6,108269.37,1,1,0,5597.94,0,False,True,False,0.14,Low,15742668
485,29,7,182123.79,1,1,0,116828.51,1,False,False,True,0.12,Low,15697441
659,32,3,150923.74,2,0,1,174652.51,0,True,False,False,0.03,Low,15740476
649,33,2,0.0,2,1,0,2010.98,0,False,False,True,0.0,,15648064
805,39,5,165272.13,1,1,0,14109.85,1,False,True,False,0.72,High,15636624
716,39,10,115301.31,1,1,0,43527.4,1,True,False,False,0.82,High,15807923
642,40,6,129502.49,2,0,1,86099.23,1,True,False,False,0.74,High,15745844
659,31,4,118342.26,1,0,0,161574.19,0,False,False,True,0.0,,15786170
545,47,5,0.0,2,1,1,38970.14,0,False,True,False,0.06,Low,15681081
543,22,8,0.0,2,0,0,127587.22,0,False,False,True,0.0,,15684484
718,25,7,0.0,2,1,0,30380.12,0,False,False,False,0.0,,15785869
840,43,7,0.0,2,1,0,90908.95,0,False,False,False,0.03,Low,15763859
630,34,9,106937.05,2,1,0,138275.01,0,True,False,False,0.11,Low,15658935
643,59,3,170331.37,1,1,1,32171.79,0,True,False,True,0.31,Medium,15747358
654,32,1,114510.85,1,1,1,126143.23,0,True,False,False,0.03,Low,15735203
582,39,5,0.0,2,1,1,129892.93,0,False,False,True,0.0,,15576256
659,32,3,107594.11,2,1,1,102416.84,0,False,True,True,0.01,Low,15659420
762,39,2,81273.13,1,1,1,18719.67,0,False,True,True,0.06,Low,15593365
568,32,7,169399.6,1,1,0,61936.22,0,False,True,False,0.03,Low,15777352
670,25,6,0.0,2,1,1,78358.94,0,False,True,True,0.01,Low,15812007
613,45,1,187841.99,2,1,1,147224.27,0,False,False,False,0.19,Low,15625461
539,30,0,0.0,2,1,0,160979.66,0,False,False,True,0.0,,15739438
850,57,8,126776.3,2,1,1,132298.49,0,False,True,False,0.14,Low,15611759
522,34,9,126436.29,1,1,0,174248.52,1,False,True,True,0.65,Medium,15661629
737,41,1,101960.74,1,1,1,123547.28,0,False,False,True,0.04,Low,15633950
520,58,3,0.0,2,0,1,32790.02,0,False,False,True,0.13,Low,15592386
706,28,3,0.0,2,0,1,181543.67,0,False,True,True,0.03,Low,15803716
643,45,2,150842.93,1,0,1,2319.96,1,True,False,False,0.87,High,15696674
648,50,9,102535.57,1,1,1,189543.19,0,False,False,False,0.1,Low,15706365
443,29,9,99027.61,2,1,0,10940.4,0,True,False,False,0.08,Low,15745088
640,68,9,0.0,2,1,1,199493.38,0,False,False,True,0.07,Low,15676715
628,33,3,0.0,1,1,1,188193.25,0,False,True,False,0.02,Low,15613085
540,42,9,87271.41,2,1,0,172572.64,0,True,False,False,0.04,Low,15633537
460,35,8,102742.91,2,1,1,189339.6,0,True,False,False,0.11,Low,15594720
636,34,2,40105.51,2,0,1,53512.16,0,True,False,True,0.0,,15684042
593,29,2,152265.43,1,1,0,34004.44,0,False,False,False,0.0,,15583303
801,42,4,141947.67,1,1,1,10598.29,0,False,True,True,0.02,Low,15611579
640,75,1,106307.91,2,0,1,113428.77,0,True,False,False,0.19,Low,15774696
611,31,0,107884.81,2,1,1,183487.98,0,True,False,True,0.01,Low,15694506
802,31,1,125013.72,1,1,1,187658.09,0,True,False,True,0.05,Low,15688074
717,35,7,58469.37,2,1,1,172459.39,0,True,False,True,0.01,Low,15759537
769,39,8,0.0,1,0,1,21016.0,0,False,False,False,0.08,Low,15758449
745,45,10,117231.63,3,1,1,122381.02,1,True,False,True,0.97,High,15583456
572,35,4,152390.26,1,1,0,128123.66,0,False,True,True,0.03,Low,15667871
629,30,2,34013.63,1,1,0,19570.63,0,False,True,False,0.22,Low,15677371
687,39,2,0.0,3,0,0,188150.6,1,False,True,False,0.74,High,15629677
483,50,9,0.0,2,1,1,111020.24,0,False,False,False,0.13,Low,15713578
690,36,7,101583.11,2,1,0,123775.15,0,False,False,True,0.02,Low,15591509
492,30,10,77168.87,2,0,1,146700.22,0,True,False,False,0.08,Low,15568240
709,28,8,124695.72,2,1,0,145251.35,0,True,False,True,0.0,,15622993
705,44,3,105934.96,1,1,0,82463.69,0,True,False,True,0.2,Low,15689294
560,66,9,0.0,1,1,1,15928.49,0,False,False,False,0.08,Low,15720910
611,46,6,0.0,2,1,0,45886.33,0,False,True,True,0.07,Low,15721181
730,62,2,0.0,2,1,1,186489.95,0,False,True,True,0.0,,15776433
709,45,2,0.0,2,0,1,162922.65,0,False,True,False,0.05,Low,15748936
544,21,10,161525.96,2,1,0,9262.77,0,False,False,False,0.03,Low,15717225
712,29,7,147199.07,1,1,1,84932.4,0,True,False,False,0.08,Low,15685226
752,38,3,183102.29,1,1,1,71557.12,0,True,False,True,0.06,Low,15785611
648,46,9,127209.0,2,1,0,77405.95,1,False,True,True,0.77,High,15573456
556,38,8,0.0,2,0,0,417.41,1,False,True,True,0.12,Low,15684548
594,24,0,97378.54,1,1,1,71405.17,0,False,True,False,0.08,Low,15620505
645,37,2,136925.09,2,0,1,153400.24,0,True,False,False,0.02,Low,15807432
557,33,3,54503.55,1,1,1,371.05,0,False,False,True,0.07,Low,15584766
547,32,8,155726.85,1,1,0,67789.99,0,True,False,True,0.11,Low,15612187
701,39,9,0.0,2,0,1,145894.9,0,False,False,False,0.02,Low,15762218
616,66,1,135842.41,1,1,0,183840.51,1,False,False,False,0.93,High,15646372
605,52,1,63349.75,1,1,0,108887.44,0,False,False,True,0.82,High,15690452
593,38,4,129499.42,1,1,1,154071.27,0,True,False,False,0.1,Low,15747795
751,52,8,0.0,2,0,1,179291.85,0,False,True,True,0.05,Low,15781589
443,36,6,70438.01,2,0,1,56937.43,0,False,True,True,0.06,Low,15732674
685,23,8,0.0,2,1,1,112239.03,0,False,False,True,0.0,,15642291
718,36,9,0.0,1,1,0,45909.87,0,False,False,True,0.04,Low,15692761
538,49,9,141434.04,1,0,0,173779.25,1,False,True,False,0.81,High,15578045
611,37,4,0.0,2,1,0,125696.26,0,False,True,False,0.01,Low,15745354
668,37,10,152958.29,2,1,1,159585.61,0,True,False,True,0.05,Low,15701376
537,41,3,138306.34,1,1,0,106761.47,0,True,False,False,0.16,Low,15691625
709,23,10,0.0,2,0,0,129590.18,0,False,True,True,0.06,Low,15566594
850,38,1,0.0,2,1,1,80006.65,0,False,False,True,0.0,,15760431
745,31,3,124328.84,1,1,1,140451.52,0,False,True,False,0.01,Low,15686302
693,41,9,181461.48,3,1,1,187929.43,1,True,False,False,0.93,High,15801559
795,35,8,0.0,2,1,0,167155.36,0,False,True,True,0.01,Low,15810432
626,26,8,0.0,2,0,0,191420.71,0,False,True,True,0.0,,15809616
487,61,5,110368.03,1,0,0,11384.45,1,True,False,False,0.91,High,15720559
556,39,9,89588.35,1,1,1,94898.1,0,False,False,False,0.01,Low,15695632
643,46,6,0.0,2,0,0,106781.59,0,False,False,False,0.01,Low,15659843
605,28,6,0.0,2,0,0,159508.52,0,False,False,False,0.01,Low,15615624
756,60,3,115924.89,1,1,0,93524.19,1,True,False,False,0.95,High,15810418
586,38,2,0.0,2,1,0,87168.46,0,False,False,False,0.09,Low,15716186
535,40,7,111756.5,1,1,0,8128.32,1,True,False,True,0.86,High,15674551
678,35,4,0.0,1,1,0,125518.32,0,False,False,False,0.19,Low,15622834
596,39,9,0.0,1,1,0,48963.59,0,False,False,True,0.07,Low,15566111
648,26,9,162923.85,1,1,0,98368.24,0,False,False,True,0.01,Low,15784597
492,39,10,124576.65,2,1,0,148584.61,0,True,False,True,0.11,Low,15652883
702,45,0,80793.58,1,1,1,27474.81,0,False,False,True,0.3,Low,15806964
486,40,9,71340.09,1,1,0,76192.21,0,True,False,False,0.06,Low,15576313
568,40,1,99282.63,1,0,0,134600.94,1,True,False,True,0.72,High,15806467
619,57,3,137946.39,1,1,1,72467.99,1,True,False,True,0.76,High,15597602
724,41,2,127892.57,2,0,1,199645.45,0,True,False,True,0.09,Low,15743040
548,33,0,101084.36,1,1,0,42749.85,0,True,False,False,0.13,Low,15705521
545,37,8,114754.08,1,1,0,136050.44,1,True,False,False,0.77,High,15595039
683,33,8,0.0,1,0,0,73564.44,0,False,False,True,0.03,Low,15799384
762,51,3,99286.98,1,0,1,85578.63,0,False,False,False,0.15,Low,15581197
627,30,4,79871.02,2,1,0,129826.89,0,True,False,False,0.04,Low,15693737
516,35,10,104088.59,2,0,0,119666.0,0,False,False,True,0.04,Low,15624623
800,38,2,168190.33,2,1,0,68052.08,0,False,False,False,0.08,Low,15783501
464,42,3,85679.25,1,1,1,164104.74,0,True,False,False,0.22,Low,15690134
626,35,3,0.0,1,0,0,80190.36,0,False,False,False,0.24,Low,15782735
790,31,9,0.0,2,1,0,84126.75,0,False,False,False,0.0,,15611088
534,34,7,121551.58,2,1,1,70179.0,0,False,False,False,0.02,Low,15672145
745,46,2,122220.19,1,1,1,118024.1,0,False,False,True,0.01,Low,15732628
553,47,3,116528.15,1,0,0,145704.19,1,False,True,True,0.75,High,15787470
748,26,1,77780.29,1,0,1,183049.41,0,False,False,False,0.06,Low,15803406
722,37,2,0.0,1,0,0,120906.83,0,False,False,True,0.07,Low,15730460
501,40,4,125832.2,1,1,1,100433.83,0,False,False,True,0.17,Low,15644572
675,38,6,68065.8,1,0,0,138777.0,1,False,False,False,0.65,Medium,15694860
778,47,6,127299.34,2,1,0,124694.99,0,False,True,False,0.2,Low,15658169
494,38,7,174937.64,1,1,0,40084.32,0,True,False,False,0.25,Low,15794396
850,40,9,0.0,2,0,1,119232.33,0,False,False,True,0.02,Low,15785798
592,31,7,110071.1,1,0,0,43921.36,0,False,True,True,0.05,Low,15710825
590,44,3,139432.37,1,1,0,62222.81,0,False,True,False,0.39,Medium,15668444
758,39,6,127357.76,1,0,1,56577.0,0,False,False,False,0.1,Low,15726631
506,36,5,0.0,2,1,0,164253.35,0,False,False,True,0.02,Low,15733797
733,33,3,0.0,1,1,1,7666.73,0,False,False,True,0.05,Low,15747960
711,38,3,0.0,2,1,0,68487.51,0,False,False,True,0.04,Low,15634632
514,43,1,95556.31,1,0,1,199273.98,1,True,False,True,0.79,High,15707362
637,37,8,0.0,1,1,1,186062.36,0,False,True,True,0.07,Low,15662976
468,29,1,111681.98,2,1,1,195711.16,0,True,False,True,0.0,,15732778
539,39,3,0.0,2,1,0,36692.17,0,False,False,True,0.02,Low,15718443
509,25,3,108738.71,2,1,0,106920.57,0,False,True,False,0.28,Low,15670039
662,32,4,133950.37,1,1,1,48725.68,1,False,False,False,0.6,Medium,15773792
818,26,4,0.0,2,1,1,167036.94,0,False,True,True,0.0,,15613786
608,33,9,89968.69,1,1,0,68777.26,0,False,False,True,0.08,Low,15726032
850,32,9,0.0,2,1,1,18924.92,0,False,True,False,0.08,Low,15663252
816,38,5,130878.75,3,1,0,71905.77,1,True,False,False,0.91,High,15593782
536,35,8,0.0,2,1,0,64833.28,0,False,False,True,0.0,,15633283
753,35,3,0.0,2,1,1,184843.77,0,False,False,True,0.0,,15749167
631,27,10,134169.62,1,1,1,176730.02,0,False,True,True,0.05,Low,15759298
703,37,1,149762.08,1,1,0,20629.4,1,False,False,True,0.66,Medium,15683625
774,26,2,93844.69,1,1,0,28415.36,0,False,False,True,0.0,,15635367
785,28,8,0.0,2,1,0,77231.27,0,False,False,True,0.0,,15681705
571,33,1,0.0,2,1,0,102750.7,0,False,False,False,0.03,Low,15603156
621,46,6,141078.37,1,0,0,34580.8,1,True,False,True,0.92,High,15591986
605,31,1,117992.59,1,1,1,183598.77,0,True,False,False,0.14,Low,15798888
611,40,8,100812.33,2,1,0,147358.27,0,False,False,False,0.14,Low,15809722
569,38,7,0.0,1,1,1,108469.2,0,False,False,True,0.06,Low,15677538
658,29,4,80262.6,1,1,1,20612.82,0,False,False,True,0.02,Low,15797736
788,34,6,156478.62,1,0,1,181196.76,0,False,True,True,0.02,Low,15695585
525,23,5,0.0,2,1,0,160249.1,0,False,False,False,0.0,,15744398
798,37,8,0.0,3,0,0,110783.28,0,False,False,True,0.16,Low,15750658
486,37,9,115217.99,2,1,0,144995.33,0,True,False,True,0.37,Medium,15578186
615,61,9,0.0,2,1,0,150227.85,1,False,True,True,0.72,High,15676519
730,35,0,155470.55,1,1,1,53718.28,0,False,False,False,0.03,Low,15637954
641,37,7,0.0,2,1,0,75248.3,0,False,False,True,0.0,,15758639
542,39,3,135096.77,1,1,1,14353.43,1,False,False,True,0.04,Low,15613772
692,30,2,0.0,2,0,1,130486.57,0,False,False,True,0.02,Low,15731744
714,55,9,180075.22,1,1,1,100127.71,0,True,False,False,0.15,Low,15807709
591,29,1,97541.24,1,1,1,196356.17,0,False,True,True,0.08,Low,15714689
710,41,2,156067.05,1,1,1,9983.88,0,False,False,False,0.1,Low,15699005
639,38,4,81550.94,2,0,1,118974.77,0,False,False,False,0.04,Low,15624170
531,47,6,0.0,1,0,0,194998.34,1,False,False,False,0.94,High,15725679
673,38,2,170061.92,2,0,0,134901.34,1,False,False,False,0.72,High,15585865
765,36,8,92310.54,2,1,1,72924.56,0,True,False,True,0.05,Low,15804256
622,32,6,169089.38,2,1,0,101057.95,0,False,False,False,0.17,Low,15662403
806,40,5,80613.93,1,1,1,142838.64,0,False,False,True,0.07,Low,15733616
757,26,8,121581.56,2,1,1,127059.04,0,True,False,True,0.03,Low,15591995
570,58,8,0.0,1,0,1,116503.92,1,False,False,False,0.76,High,15677020
555,32,4,0.0,2,1,1,54405.79,0,False,True,True,0.0,,15727688
692,54,5,0.0,2,1,1,88721.84,0,False,False,True,0.0,,15715941
774,60,5,85891.55,1,1,0,74135.48,1,False,False,True,0.89,High,15714485
638,44,9,77637.35,2,1,1,111346.22,0,False,True,True,0.03,Low,15730059
543,41,4,0.0,1,0,0,194902.16,0,False,True,False,0.3,Low,15715527
584,31,5,0.0,2,1,0,31474.27,0,False,False,True,0.0,,15576623
691,30,7,116927.89,1,1,0,21198.39,0,True,False,True,0.06,Low,15805565
684,40,6,137326.65,1,1,0,186976.6,0,True,False,False,0.24,Low,15677307
733,22,5,0.0,2,1,1,117202.19,0,False,False,True,0.03,Low,15773890
599,37,2,0.0,2,1,1,143739.29,0,False,True,False,0.02,Low,15598883
524,31,10,67238.98,2,1,1,161811.23,0,True,False,False,0.08,Low,15568506
632,38,6,86569.76,2,1,0,98090.91,0,True,False,False,0.13,Low,15761043
735,34,5,0.0,2,0,0,71095.41,0,False,True,True,0.01,Low,15782236
734,34,6,133598.4,1,1,1,13107.24,0,False,False,True,0.04,Low,15593601
605,51,3,136188.78,1,1,1,67110.59,1,False,False,False,0.79,High,15682048
793,38,9,0.0,2,1,0,88225.02,0,False,True,True,0.02,Low,15746902
468,56,10,0.0,3,0,1,62256.87,1,False,False,False,0.87,High,15752081
779,37,7,120092.52,2,1,0,135925.72,0,True,False,True,0.08,Low,15781307
698,48,4,101238.24,2,0,1,177815.87,1,False,False,True,0.21,Low,15775912
707,58,6,89685.92,1,0,1,126471.13,0,False,False,True,0.03,Low,15745417
850,35,1,211774.31,1,1,0,188574.12,1,False,False,False,0.79,High,15671256
850,56,7,131317.48,1,1,1,119175.45,0,False,False,True,0.15,Low,15653547
527,37,5,93722.73,2,1,1,139093.73,0,False,True,True,0.01,Low,15595766
696,32,8,101160.99,1,1,1,115916.55,0,True,False,True,0.08,Low,15742358
661,48,3,120320.54,1,0,0,96463.25,0,False,False,True,0.18,Low,15763274
776,31,2,0.0,2,1,1,112349.51,0,False,False,False,0.01,Low,15786063
701,43,2,0.0,2,1,1,165303.79,0,False,False,True,0.01,Low,15600258
610,26,8,0.0,2,1,0,166031.08,0,False,False,True,0.01,Low,15573318
572,48,3,152827.99,1,1,0,38411.79,1,True,False,False,0.93,High,15653849
673,30,1,64097.75,1,1,1,77783.35,0,False,False,True,0.03,Low,15694272
519,57,2,119035.35,2,1,1,29871.79,0,False,True,False,0.06,Low,15736112
702,26,4,135219.57,1,0,1,59747.63,0,False,True,False,0.01,Low,15749851
729,32,6,93694.42,1,1,1,79919.13,0,False,False,True,0.0,,15663478
543,35,10,59408.63,1,1,0,76773.53,0,False,True,True,0.25,Low,15592300
550,40,7,114354.95,1,1,0,54018.93,0,False,False,False,0.09,Low,15567832
608,59,1,0.0,1,1,0,70649.64,1,False,False,True,0.96,High,15776780
639,35,10,128173.9,2,1,0,59093.39,0,True,False,True,0.08,Low,15592846
686,34,9,0.0,2,1,0,127569.8,0,False,True,True,0.0,,15739803
564,62,5,114931.35,3,0,1,18260.98,1,True,False,False,0.82,High,15794142
745,28,1,111071.36,1,1,0,73275.96,1,True,False,False,0.79,High,15762729
833,37,8,151226.18,2,1,1,136129.49,0,False,False,True,0.01,Low,15667896
622,26,9,0.0,2,1,1,153237.59,0,False,False,True,0.0,,15626578
597,42,4,64740.12,1,1,1,106841.12,0,False,False,False,0.09,Low,15776223
721,51,0,169312.13,1,1,0,109078.35,1,False,True,True,0.68,Medium,15705953
504,49,7,0.0,3,0,1,87822.14,1,False,False,False,0.91,High,15802593
842,44,2,112652.08,2,1,0,126644.98,0,False,True,False,0.11,Low,15615457
587,38,0,0.0,2,1,0,47414.15,0,False,False,True,0.01,Low,15708916
479,30,7,143964.36,2,1,0,41879.99,0,True,False,False,0.04,Low,15720187
508,49,7,122451.46,2,1,1,75808.1,0,False,False,True,0.06,Low,15595440
749,24,1,0.0,3,1,1,47911.03,0,False,False,True,0.11,Low,15600651
721,36,3,65253.07,2,1,0,28737.78,0,True,False,False,0.06,Low,15750141
674,47,6,106901.94,1,1,1,2079.2,1,True,False,True,0.89,High,15657284
685,25,10,128509.63,1,1,0,121562.33,0,False,True,False,0.1,Low,15763063
417,34,7,0.0,2,1,0,55003.79,0,False,False,True,0.0,,15709324
574,33,3,129834.67,1,1,0,193131.42,0,True,False,True,0.26,Low,15711309
590,51,3,154962.99,3,0,1,191932.27,1,False,True,False,0.98,High,15775318
587,40,5,138241.9,2,1,0,159418.1,0,True,False,True,0.08,Low,15705515
598,41,3,91536.93,1,1,0,191468.78,1,True,False,True,0.68,Medium,15634844
741,53,3,0.0,2,1,1,38913.68,0,False,True,True,0.06,Low,15717046
850,70,5,0.0,1,1,1,705.18,0,False,True,False,0.12,Low,15571816
584,29,7,105204.01,1,0,1,138490.03,0,True,False,False,0.09,Low,15670080
650,61,1,152968.73,1,0,1,82970.69,0,False,True,True,0.06,Low,15800440
607,36,8,158261.68,1,1,1,76744.72,0,False,True,True,0.01,Low,15665678
509,46,1,0.0,1,1,0,71244.59,1,False,False,False,0.62,Medium,15665956
689,38,6,121021.05,1,1,1,12182.15,0,False,True,False,0.01,Low,15788126
543,36,4,0.0,2,1,1,141210.5,0,False,False,True,0.0,,15811773
438,54,2,0.0,1,0,0,191763.07,1,False,True,False,0.94,High,15651674
687,63,1,137715.66,1,1,1,37938.74,0,False,True,False,0.17,Low,15689614
737,31,5,121192.22,2,1,1,74890.58,0,True,False,True,0.01,Low,15795564
761,31,7,0.0,3,1,1,166698.18,0,False,False,True,0.17,Low,15706647
601,44,1,100486.18,2,1,1,62678.53,0,False,False,True,0.09,Low,15728505
651,45,1,0.0,1,1,0,67740.08,1,False,False,True,0.88,High,15730076
745,35,9,92566.53,2,1,0,161519.77,0,False,False,True,0.01,Low,15622003
648,49,10,0.0,2,1,1,159835.78,1,False,True,False,0.68,Medium,15607312
848,40,3,110929.96,1,1,1,30876.84,0,False,True,True,0.05,Low,15644753
546,27,8,0.0,2,1,1,14858.1,0,False,False,False,0.02,Low,15653620
439,32,3,138901.61,1,1,0,75685.97,0,False,True,False,0.18,Low,15761986
755,30,4,123217.66,2,0,1,144183.1,0,False,False,True,0.02,Low,15633922
593,41,6,0.0,1,1,0,65170.66,0,False,False,False,0.13,Low,15734674
701,39,2,0.0,2,1,1,82526.92,0,False,False,True,0.0,,15658032
701,36,8,0.0,2,1,0,169161.46,0,False,True,True,0.0,,15692671
607,33,2,108431.87,2,0,1,109291.39,1,False,True,False,0.6,Medium,15737741
586,57,3,0.0,2,0,1,6057.81,0,False,True,False,0.16,Low,15576352
547,30,9,72392.41,1,1,0,77077.14,0,True,False,False,0.05,Low,15753719
647,51,1,119741.77,2,0,0,54954.51,1,True,False,False,0.97,High,15803689
760,51,2,100946.71,1,0,0,179614.8,1,False,False,False,0.96,High,15718057
621,53,9,170491.84,1,1,0,35588.07,1,False,True,True,0.59,Medium,15722010
725,44,5,0.0,1,1,1,117356.14,0,False,False,True,0.09,Low,15680998
526,36,1,0.0,1,1,0,160696.72,0,False,False,True,0.02,Low,15614782
519,47,6,157296.02,2,0,0,147278.43,1,False,True,False,0.73,High,15591047
713,38,7,144606.22,1,1,1,56594.36,1,True,False,False,0.3,Low,15788291
700,38,8,134811.3,1,1,0,1299.75,0,False,False,True,0.09,Low,15604044
666,34,9,115897.12,1,1,1,25095.03,0,False,False,False,0.07,Low,15679587
630,32,4,82034.0,1,0,0,146326.45,0,False,True,True,0.01,Low,15775153
779,26,4,174318.13,2,0,1,38296.21,0,False,True,False,0.16,Low,15603925
611,41,2,114206.84,1,1,0,164061.6,0,True,False,False,0.09,Low,15680970
685,43,9,0.0,2,1,0,107811.28,0,False,True,True,0.04,Low,15697183
646,39,9,111574.41,1,1,1,30838.51,0,True,False,True,0.09,Low,15567446
683,57,5,162448.69,1,0,0,9221.78,1,True,False,False,0.96,High,15637476
484,34,4,148249.54,1,0,1,33738.27,0,True,False,False,0.07,Low,15714939
601,43,8,0.0,3,0,1,110916.15,1,False,False,False,0.9,High,15683503
762,26,7,123709.46,2,1,1,169654.57,0,False,True,False,0.09,Low,15645569
687,72,9,0.0,1,0,1,69829.4,0,False,False,False,0.04,Low,15782569
566,30,5,0.0,1,1,0,54926.51,1,False,False,True,0.04,Low,15592387
702,37,10,150525.8,1,1,1,94728.49,0,False,False,True,0.0,,15609286
601,29,9,0.0,1,1,1,80393.27,0,False,False,True,0.05,Low,15814035
699,53,4,0.0,2,0,1,111307.98,0,False,False,True,0.03,Low,15661249
584,28,10,0.0,2,1,0,19834.32,0,False,False,True,0.0,,15629117
699,35,5,0.0,2,1,1,78397.24,0,False,False,True,0.0,,15607170
698,51,2,111018.98,1,1,0,86410.28,0,True,False,False,0.3,Low,15586585
495,30,10,129755.99,1,0,0,172749.65,0,False,False,True,0.07,Low,15686611
650,27,6,0.0,2,1,0,1002.39,0,False,False,False,0.12,Low,15603203
605,64,2,129555.7,1,1,1,13601.79,0,False,False,False,0.12,Low,15619857
667,38,1,87202.38,1,1,1,77866.91,0,False,True,True,0.0,,15805062
688,26,8,146133.39,1,1,1,175296.76,0,True,False,True,0.02,Low,15660271
727,31,0,0.0,1,1,0,121751.04,1,False,True,False,0.74,High,15745295
754,39,6,170184.99,2,1,0,89593.26,0,False,True,True,0.02,Low,15719352
612,62,8,140745.33,1,1,0,193437.89,1,True,False,False,0.82,High,15766575
546,42,7,139070.51,1,1,1,86945.0,0,False,True,True,0.05,Low,15594594
673,37,8,0.0,2,1,1,183318.79,0,False,True,False,0.0,,15646161
593,35,9,114193.24,1,1,0,71154.1,0,False,False,True,0.12,Low,15682585
656,40,10,167878.5,1,0,1,151887.16,0,False,True,False,0.33,Medium,15603134
535,53,5,141616.55,2,1,1,75888.65,0,True,False,False,0.16,Low,15636444
678,36,3,145747.67,2,0,1,89566.74,0,True,False,True,0.05,Low,15773456
477,48,2,129120.64,1,0,1,26475.79,0,False,True,False,0.39,Medium,15745307
850,35,7,110349.82,1,0,0,126355.8,0,False,True,True,0.12,Low,15604119
427,29,1,141325.56,1,1,1,93839.3,0,False,False,True,0.01,Low,15626900
752,49,2,78653.84,1,1,0,7698.6,0,False,False,True,0.22,Low,15605447
649,47,1,0.0,2,1,1,145593.85,0,False,False,True,0.01,Low,15589030
799,28,3,142253.65,1,1,0,45042.56,0,False,True,False,0.02,Low,15692463
589,61,1,0.0,1,1,0,61108.56,1,False,False,False,0.92,High,15712403
583,54,6,115988.86,1,1,0,57553.98,1,True,False,False,0.97,High,15811762
839,33,10,75592.43,1,1,0,62674.42,0,False,True,False,0.05,Low,15718673
540,44,3,164113.04,2,1,1,12120.79,0,True,False,True,0.06,Low,15724282
850,31,6,67996.23,2,0,0,50129.87,1,False,False,True,0.55,Medium,15738181
696,51,5,0.0,2,1,0,55022.43,0,False,True,False,0.09,Low,15633648
660,33,1,0.0,2,0,0,117834.91,0,False,True,False,0.0,,15603323
682,48,1,138778.15,1,0,1,168840.23,0,False,False,True,0.31,Medium,15583725
744,43,10,147832.15,1,0,1,24234.11,0,False,False,False,0.07,Low,15588350
785,36,4,135438.4,1,0,0,190627.01,0,False,False,False,0.03,Low,15798398
752,48,5,116060.08,1,1,0,156618.38,1,False,True,True,0.86,High,15784844
706,29,5,112564.62,1,1,0,42334.38,0,False,False,False,0.0,,15580684
583,27,1,125406.58,1,1,1,110784.42,0,False,False,False,0.0,,15809663
660,39,5,135134.99,1,1,0,173683.0,1,True,False,False,0.73,High,15640078
819,39,9,133102.92,1,1,0,27046.46,1,False,False,False,0.81,High,15698786
673,34,8,42157.08,1,1,0,20598.59,1,False,False,False,0.78,High,15569807
752,30,3,0.0,2,1,1,104991.28,0,False,False,False,0.0,,15730830
578,38,7,82259.29,1,1,0,8996.97,0,False,False,True,0.26,Low,15805112
438,36,4,0.0,2,1,0,64420.5,0,False,False,False,0.02,Low,15633064
652,38,6,0.0,2,1,1,145700.22,0,False,False,True,0.0,,15703119
629,49,4,0.0,2,1,1,196335.48,0,False,False,False,0.05,Low,15730447
720,52,7,0.0,1,1,1,14781.12,0,False,False,True,0.15,Low,15813850
668,42,3,150461.07,1,1,0,108139.23,0,False,False,True,0.14,Low,15711889
459,48,4,133994.52,1,1,1,19287.06,1,True,False,True,0.62,Medium,15664610
729,31,8,164870.81,2,1,1,9567.39,0,False,True,True,0.03,Low,15751710
498,25,8,121702.73,1,1,1,132210.49,0,True,False,True,0.07,Low,15692926
549,25,6,193858.2,1,0,1,21600.11,0,False,True,True,0.05,Low,15813741
601,54,1,131039.97,2,1,1,199661.5,0,True,False,False,0.13,Low,15698474
544,64,9,113829.45,1,1,1,124341.49,0,False,False,True,0.02,Low,15568595
751,30,6,0.0,2,1,0,15766.1,0,False,False,False,0.01,Low,15603065
632,41,3,81877.38,1,1,1,33642.21,0,True,False,False,0.09,Low,15592937
694,57,8,116326.07,1,1,1,117704.65,0,False,True,True,0.13,Low,15699637
678,31,2,0.0,2,1,1,58803.28,0,False,False,True,0.01,Low,15667215
695,46,4,0.0,2,1,1,137537.22,0,False,False,True,0.0,,15788659
661,41,1,0.0,2,0,1,131300.68,0,False,False,False,0.02,Low,15763218
661,33,9,0.0,2,1,1,84174.81,0,False,False,True,0.0,,15645772
559,31,3,127070.73,1,0,1,160941.78,0,False,False,False,0.0,,15725511
503,29,3,0.0,2,1,1,143954.99,0,False,False,True,0.0,,15575024
695,46,3,122549.64,1,1,1,56297.85,0,False,True,True,0.15,Low,15640825
640,42,5,176099.13,1,1,1,8404.73,0,False,False,False,0.22,Low,15662397
624,48,3,122388.38,2,0,0,30020.09,0,True,False,False,0.15,Low,15576368
667,42,9,0.0,2,0,1,58137.42,0,False,False,True,0.0,,15674991
642,26,0,0.0,1,0,0,47472.68,0,False,False,True,0.02,Low,15721024
640,32,6,118879.35,2,1,1,19131.71,0,False,True,False,0.13,Low,15745621
529,35,5,0.0,2,1,1,187288.5,0,False,True,True,0.0,,15642394
563,39,5,0.0,2,1,1,17603.81,0,False,False,False,0.0,,15754605
593,38,4,88736.44,2,1,0,67020.03,0,False,True,False,0.16,Low,15607040
739,45,7,102703.62,1,0,1,147802.94,1,True,False,True,0.86,High,15715142
788,70,1,0.0,2,1,1,41610.62,0,False,True,False,0.03,Low,15810978
684,38,3,0.0,2,1,0,44255.65,0,False,True,False,0.15,Low,15668886
482,55,5,97318.25,1,0,1,78416.14,0,False,False,True,0.14,Low,15780804
591,58,5,128468.69,1,0,1,137254.55,0,False,True,True,0.09,Low,15613880
651,41,4,133432.59,1,0,1,151303.48,0,True,False,False,0.11,Low,15775238
749,40,8,141782.57,2,0,0,86333.63,0,True,False,False,0.13,Low,15786905
583,24,9,135125.28,1,0,0,89801.9,0,False,False,True,0.03,Low,15747867
661,42,2,178820.91,1,0,0,29358.57,1,False,True,True,0.82,High,15600337
715,31,2,112212.14,2,1,1,181600.72,0,False,False,False,0.03,Low,15801277
769,45,5,126674.81,1,1,0,124118.71,1,True,False,False,0.89,High,15579334
625,51,7,136294.97,1,1,0,38867.46,1,False,False,False,0.82,High,15802741
641,36,5,66392.64,1,1,0,31106.67,0,False,False,False,0.08,Low,15720649
716,27,1,122552.34,2,1,0,67611.36,0,True,False,True,0.02,Low,15589493
767,43,1,76408.85,2,1,0,77837.63,0,False,False,True,0.08,Low,15688251
745,36,8,145071.24,1,0,0,6078.46,0,True,False,True,0.1,Low,15665238
589,34,6,0.0,2,1,1,177896.92,0,False,False,True,0.0,,15740900
796,45,2,109730.22,1,1,1,123882.73,0,False,False,False,0.07,Low,15681068
664,57,6,0.0,2,1,1,15304.08,0,False,False,True,0.0,,15748625
445,62,1,64119.38,1,1,1,76569.64,1,False,True,True,0.26,Low,15727299
543,57,1,106138.33,2,1,1,120657.32,1,True,False,False,0.85,High,15620204
746,36,2,0.0,2,1,1,16436.56,0,False,True,True,0.0,,15669516
742,33,0,181656.51,1,1,1,107667.91,0,True,False,True,0.01,Low,15736534
750,32,5,0.0,2,1,0,95611.47,0,False,False,False,0.01,Low,15803457
669,30,7,95128.86,1,0,0,19799.26,0,False,False,True,0.02,Low,15659098
594,49,2,126615.94,2,0,1,123214.74,0,False,True,False,0.15,Low,15603436
574,36,1,0.0,2,0,1,71709.12,0,False,True,True,0.01,Low,15566292
659,36,2,76190.48,2,1,1,149066.14,0,True,False,True,0.0,,15808621
750,40,5,168286.81,3,1,0,20451.99,1,True,False,True,0.83,High,15580148
626,35,4,88109.81,1,1,1,32825.5,0,True,False,True,0.02,Low,15776231
620,42,4,0.0,2,1,0,6232.31,0,False,False,True,0.02,Low,15773809
580,35,8,0.0,2,0,1,10357.03,0,False,False,False,0.05,Low,15649423
686,34,3,123971.51,2,1,0,147794.63,0,False,False,False,0.01,Low,15734886
540,48,0,148116.48,1,0,0,116973.48,0,False,False,True,0.56,Medium,15722548
634,35,6,116269.01,1,1,0,129964.94,0,True,False,True,0.41,Medium,15650288
632,38,1,120599.21,1,1,0,92816.86,0,False,True,True,0.16,Low,15629448
501,41,3,144260.5,1,1,0,172114.67,0,False,False,False,0.4,Medium,15716164
650,25,3,86605.5,3,1,0,16649.31,1,False,True,False,0.94,High,15807609
786,34,9,0.0,2,1,0,144517.19,0,False,False,True,0.01,Low,15578977
554,37,4,58629.97,1,0,0,182038.6,0,True,False,False,0.06,Low,15677369
701,42,5,0.0,2,0,0,24210.56,0,False,True,False,0.02,Low,15804072
474,45,10,0.0,2,0,0,172175.9,0,False,False,True,0.15,Low,15696859
621,43,5,0.0,1,1,1,47578.45,0,False,False,False,0.03,Low,15653780
672,56,2,209767.31,2,1,1,150694.42,1,False,True,False,0.83,High,15721658
459,42,6,129634.25,2,1,1,177683.02,1,False,True,False,0.69,Medium,15578761
669,23,1,0.0,2,0,0,66088.83,0,False,False,True,0.01,Low,15736879
776,38,2,169824.46,1,1,0,169291.7,0,False,False,False,0.18,Low,15571973
694,36,3,97530.25,1,1,1,117140.41,0,False,False,True,0.01,Low,15626742
787,42,10,145988.65,2,1,1,79510.37,0,False,False,False,0.11,Low,15672692
580,37,9,0.0,2,0,1,77108.66,0,False,False,True,0.0,,15673570
711,25,7,0.0,3,1,1,9679.28,0,False,False,False,0.21,Low,15767432
673,40,5,137494.28,1,1,0,81753.92,0,False,False,False,0.11,Low,15654238
499,57,1,0.0,1,0,0,131372.38,1,False,False,False,0.92,High,15612525
591,24,6,147360.0,1,1,1,25310.82,0,False,False,True,0.04,Low,15812750
769,25,10,0.0,2,0,0,187925.75,0,False,False,False,0.01,Low,15790757
657,31,3,125167.02,1,0,0,98820.39,0,False,True,True,0.0,,15723873
738,43,9,121152.05,2,1,0,64166.7,1,True,False,True,0.16,Low,15744607
545,60,7,128981.07,1,0,1,176924.21,1,True,False,False,0.79,High,15612966
497,47,6,0.0,1,1,1,90055.08,0,False,False,True,0.48,Medium,15784209
816,67,6,151858.98,1,1,1,72814.31,0,False,True,True,0.05,Low,15794278
525,36,2,114628.4,1,0,1,168290.06,0,False,False,True,0.04,Low,15766741
725,46,6,0.0,2,1,0,161767.38,0,False,False,True,0.01,Low,15661036
692,28,8,95059.02,2,1,0,44420.18,0,False,False,False,0.02,Low,15705639
618,24,7,128736.39,1,0,1,37147.61,0,False,False,False,0.01,Low,15637414
546,24,8,156325.38,1,1,1,125381.02,0,False,False,True,0.01,Low,15716835
635,29,7,105405.97,1,1,1,149853.89,0,False,False,True,0.03,Low,15696231
611,49,2,88915.37,3,0,0,161435.02,1,False,False,False,0.88,High,15641675
650,60,8,0.0,2,1,1,102925.76,0,False,False,True,0.0,,15670755
606,40,5,0.0,2,1,1,70899.27,0,False,False,True,0.0,,15640059
844,18,2,160980.03,1,0,0,145936.28,0,False,False,True,0.12,Low,15787619
450,46,5,177619.71,1,1,0,54227.06,0,False,True,False,0.39,Medium,15587535
727,38,2,62276.99,1,1,1,59280.79,0,False,True,True,0.1,Low,15813034
460,46,4,127559.97,2,1,1,126952.5,0,True,False,True,0.14,Low,15698839
649,41,0,0.0,2,0,1,130567.02,0,False,False,True,0.02,Low,15790314
758,47,9,95523.16,1,1,0,73294.48,0,True,False,False,0.34,Medium,15634245
490,35,7,107749.03,1,1,1,3937.37,0,False,False,False,0.07,Low,15677305
815,37,2,110777.26,2,1,0,2383.59,0,True,False,True,0.08,Low,15661526
838,39,5,166733.92,2,1,0,14279.44,0,False,True,False,0.05,Low,15685997
803,31,9,157120.86,2,1,0,141300.53,0,False,False,True,0.04,Low,15660101
664,36,2,127160.78,2,1,0,78140.75,0,True,False,False,0.01,Low,15637979
736,28,2,0.0,2,1,1,117431.1,0,False,True,False,0.0,,15815364
633,37,9,156091.97,1,1,0,72008.61,0,False,False,False,0.21,Low,15647099
664,58,5,98668.18,1,1,1,60887.58,0,False,False,True,0.03,Low,15625944
600,43,5,134022.06,1,1,0,194764.83,0,False,False,False,0.07,Low,15583212
693,35,5,124151.09,1,1,0,88705.14,1,False,False,False,0.04,Low,15582741
663,36,6,77253.5,1,0,0,35817.97,1,True,False,False,0.74,High,15637876
742,21,1,114292.48,1,1,0,31520.4,0,True,False,False,0.44,Medium,15622750
710,43,2,140080.32,3,1,1,157908.19,1,True,False,True,0.91,High,15672056
710,27,2,135277.96,1,1,0,142200.15,0,False,True,False,0.19,Low,15812351
700,82,2,0.0,2,0,1,182055.36,0,False,False,False,0.04,Low,15810864
720,60,9,115920.62,2,0,0,157552.08,1,True,False,True,0.88,High,15677921
684,41,2,119782.72,2,0,0,120284.67,0,False,True,True,0.04,Low,15724296
531,63,1,114715.71,1,0,1,24506.95,1,False,False,False,0.74,High,15685329
742,36,2,129748.54,2,0,0,47271.61,1,True,False,False,0.68,Medium,15584091
717,31,4,129722.57,1,0,0,41176.6,0,False,False,True,0.01,Low,15640442
589,32,2,0.0,2,0,1,9468.64,0,False,False,True,0.0,,15639314
767,36,3,139180.2,1,0,0,123880.19,0,False,False,True,0.04,Low,15685320
636,49,6,113599.74,2,1,0,158887.09,1,True,False,True,0.71,High,15789158
648,33,7,134944.0,1,1,1,117036.38,0,False,False,True,0.0,,15752137
622,58,7,116922.25,1,1,0,120415.61,1,True,False,False,1.0,High,15712551
692,28,9,118945.09,1,0,0,16064.25,1,False,True,True,0.69,Medium,15628936
754,28,8,0.0,2,1,1,52615.62,0,False,False,True,0.0,,15797227
679,35,8,119182.73,1,0,0,121210.09,0,False,True,False,0.04,Low,15769974
639,27,8,0.0,2,1,0,192247.35,0,False,False,True,0.0,,15737051
774,28,1,71264.02,2,0,1,68759.57,0,False,False,False,0.02,Low,15585595
517,41,2,0.0,2,0,1,75937.47,0,False,False,True,0.02,Low,15654060
571,35,8,0.0,2,0,0,84569.13,0,False,False,False,0.03,Low,15745196
747,58,7,116313.57,1,1,1,190696.35,1,True,False,True,0.85,High,15571221
792,36,5,92140.15,1,0,1,67468.67,0,False,True,True,0.01,Low,15660155
688,26,1,0.0,2,1,1,104435.94,0,False,False,True,0.02,Low,15605284
714,42,2,177640.09,1,0,1,47166.55,0,True,False,True,0.1,Low,15694366
562,35,0,0.0,2,1,0,119899.52,0,False,True,False,0.02,Low,15600739
704,48,8,167997.6,1,1,1,173498.45,0,False,True,True,0.27,Low,15653253
698,36,2,82275.35,2,1,1,93249.26,0,False,False,True,0.02,Low,15763431
611,49,3,0.0,2,1,1,142917.54,0,False,False,True,0.05,Low,15643696
850,48,6,111962.99,1,1,0,111755.8,0,True,False,False,0.27,Low,15707473
743,34,1,131736.88,1,1,1,108543.21,0,True,False,False,0.09,Low,15769504
654,29,1,0.0,1,1,0,180345.44,0,False,False,True,0.06,Low,15776807
761,36,8,108239.11,2,0,0,99444.02,0,True,False,True,0.22,Low,15686870
702,46,9,98444.19,1,0,1,109563.28,0,False,False,False,0.11,Low,15668747
488,32,3,114540.38,1,1,0,92568.07,0,True,False,True,0.1,Low,15766908
683,35,6,187530.66,2,1,1,37976.36,0,False,False,False,0.04,Low,15570134
601,42,9,133636.16,1,0,1,103315.74,0,True,False,False,0.41,Medium,15567367
605,52,7,0.0,2,1,1,173952.5,0,False,False,True,0.02,Low,15747542
671,44,0,84745.03,2,0,1,34673.98,0,True,False,False,0.07,Low,15762238
614,31,7,120599.38,2,1,1,46163.44,0,True,False,False,0.01,Low,15681554
511,29,9,0.0,2,0,1,140676.98,0,False,True,False,0.0,,15712825
850,39,4,127771.35,2,0,1,151738.54,0,False,False,True,0.05,Low,15640280
790,46,9,0.0,1,0,0,14679.81,1,False,True,False,0.77,High,15756026
793,33,0,0.0,1,0,0,175544.02,0,False,False,False,0.14,Low,15613319
628,69,5,0.0,2,1,1,181964.6,0,False,False,True,0.0,,15798906
598,53,10,167772.96,1,1,1,136886.86,0,True,False,True,0.1,Low,15708917
657,37,6,95845.6,1,1,0,122218.23,0,False,False,False,0.17,Low,15778463
618,35,10,0.0,2,1,0,180439.75,0,False,False,False,0.05,Low,15699430
681,65,7,134714.7,2,0,1,190419.81,0,False,True,True,0.1,Low,15649992
516,33,3,0.0,2,1,1,58685.59,0,False,True,False,0.0,,15578980
421,28,8,122384.22,3,1,1,89017.38,1,True,False,True,0.9,High,15775306
700,26,2,0.0,2,0,0,50051.42,0,False,False,False,0.01,Low,15641655
745,25,5,157993.15,2,1,0,146041.45,0,False,False,True,0.0,,15619708
696,29,8,0.0,2,1,0,191166.09,0,False,False,True,0.0,,15734565
580,42,2,123331.36,1,0,0,103516.08,1,True,False,False,0.72,High,15806438
497,27,9,75263.16,1,1,1,164825.04,0,False,True,True,0.07,Low,15591969
720,43,6,137824.03,2,1,0,172557.77,0,False,False,False,0.03,Low,15747807
659,36,4,132578.92,2,1,0,84320.94,0,True,False,True,0.03,Low,15596939
841,36,5,156021.31,1,0,0,122662.98,0,False,False,False,0.04,Low,15716155
642,34,8,0.0,1,1,0,72085.1,0,False,True,True,0.08,Low,15765311
732,69,9,137453.43,1,0,1,110932.24,1,False,True,False,0.64,Medium,15757811
600,36,4,0.0,2,1,0,143635.36,0,False,True,True,0.0,,15603830
464,33,8,164284.72,2,1,1,3710.34,0,True,False,True,0.01,Low,15660602
680,47,5,0.0,2,1,1,179843.33,0,False,False,False,0.01,Low,15660535
758,56,1,0.0,2,1,1,10643.38,0,False,True,True,0.03,Low,15666633
630,31,2,112373.49,2,1,1,131167.98,0,True,False,False,0.0,,15596914
577,39,10,0.0,2,1,0,10553.31,0,False,False,False,0.02,Low,15639788
684,34,6,0.0,2,1,1,130928.22,0,False,False,False,0.0,,15695846
708,41,5,0.0,1,0,1,157003.99,0,False,True,False,0.01,Low,15726234
732,29,1,154333.82,1,1,1,138527.56,0,True,False,False,0.02,Low,15797964
634,37,3,111432.77,2,1,1,167032.49,0,True,False,True,0.06,Low,15625881
633,30,6,0.0,2,0,0,41642.29,0,False,False,False,0.01,Low,15780628
559,34,2,137390.11,2,1,0,9677.0,0,False,False,True,0.02,Low,15575883
694,37,3,0.0,2,1,1,147012.22,0,False,True,False,0.0,,15585036
686,56,5,111642.08,1,1,1,80553.87,0,True,False,False,0.55,Medium,15589488
553,48,3,0.0,1,0,1,30730.95,1,False,True,False,0.82,High,15585888
507,36,4,83543.37,1,0,0,140134.43,0,False,False,True,0.02,Low,15727915
732,50,6,145338.76,1,0,0,91936.1,1,True,False,True,0.96,High,15707567
818,31,1,186796.37,1,0,0,178252.63,0,False,False,False,0.47,Medium,15737792
660,35,8,58641.43,1,0,1,198674.08,0,True,False,True,0.08,Low,15599433
773,41,5,0.0,1,1,0,28266.9,1,False,True,False,0.86,High,15672012
640,44,3,137148.68,1,1,0,92381.01,0,False,False,True,0.17,Low,15806983
505,49,7,80001.23,1,0,0,135180.11,0,False,False,True,0.17,Low,15592222
714,21,6,86402.52,2,0,0,27330.59,0,True,False,True,0.04,Low,15608968
468,42,5,0.0,2,1,0,125305.34,0,False,False,False,0.1,Low,15586959
611,51,1,122874.74,1,1,1,149648.45,0,False,True,True,0.04,Low,15646558
705,25,0,97544.29,1,0,1,59887.15,0,False,False,True,0.01,Low,15725811
646,46,1,170826.55,2,1,0,45041.32,0,True,False,True,0.43,Medium,15572265
667,48,1,97133.92,2,0,0,113316.77,1,True,False,False,0.78,High,15794048
511,41,8,153895.65,1,1,1,39087.42,0,True,False,False,0.31,Medium,15677610
653,43,6,0.0,2,1,1,7330.59,0,False,False,False,0.01,Low,15745012
675,57,8,0.0,2,0,1,95463.29,0,False,False,False,0.03,Low,15601589
523,32,4,0.0,2,1,0,167848.02,0,False,True,True,0.02,Low,15686436
567,49,5,134956.02,1,1,0,93953.84,1,True,False,False,0.73,High,15693864
741,39,7,143637.58,2,0,1,174227.66,0,False,True,True,0.0,,15760550
456,32,9,147506.25,1,1,1,135399.21,0,False,True,True,0.05,Low,15686137
598,64,1,0.0,2,1,0,195635.3,1,False,False,True,0.78,High,15809087
667,43,8,190227.46,1,1,0,97508.04,1,False,False,True,0.85,High,15807663
548,32,2,172448.77,1,1,0,188083.77,1,False,False,False,0.68,Medium,15809100
725,41,7,113980.21,1,1,1,116704.25,0,False,False,True,0.08,Low,15794916
717,53,6,0.0,2,0,1,97614.87,0,False,False,True,0.0,,15614215
594,38,4,0.0,2,0,0,186884.04,0,False,False,True,0.01,Low,15805449
678,25,10,76968.12,2,0,1,131501.72,0,True,False,False,0.01,Low,15686983
545,38,1,88293.13,2,1,1,24302.95,0,False,False,True,0.06,Low,15808017
636,48,1,170833.46,1,1,0,110510.28,1,False,False,False,0.85,High,15756804
603,44,6,108122.39,2,1,0,108488.33,1,True,False,True,0.73,High,15646810
435,36,4,0.0,1,1,1,197015.2,0,False,False,True,0.13,Low,15710424
535,40,8,0.0,1,1,1,27689.77,0,False,False,False,0.02,Low,15799422
629,45,7,129818.39,3,1,0,9217.55,1,True,False,False,0.88,High,15692750
722,35,2,163943.89,2,1,1,15068.18,0,False,False,False,0.16,Low,15794549
561,28,7,0.0,2,1,0,7797.01,0,False,False,True,0.0,,15803764
645,38,5,101430.3,2,0,1,4400.32,0,False,False,False,0.05,Low,15674840
501,39,9,117301.66,1,0,0,182025.95,0,False,False,False,0.11,Low,15653762
502,32,1,173340.83,1,0,1,122763.95,0,True,False,False,0.07,Low,15581229
652,42,4,0.0,2,1,1,38152.01,0,False,True,False,0.0,,15800228
574,33,3,134348.57,1,1,0,63163.99,0,False,False,False,0.02,Low,15656333
518,45,9,105525.65,2,1,1,73418.29,0,False,False,False,0.17,Low,15697497
749,60,6,0.0,1,1,0,17978.68,1,False,False,False,0.96,High,15585362
679,43,4,0.0,3,1,0,115136.51,1,False,False,False,0.89,High,15571928
565,36,6,106192.1,1,1,0,149575.59,0,False,False,True,0.03,Low,15785519
643,45,4,45144.43,1,1,0,60917.24,1,False,False,False,0.69,Medium,15743007
515,65,7,92113.61,1,1,1,142548.33,0,False,False,True,0.05,Low,15777211
521,25,7,0.0,2,1,1,157878.67,0,False,False,True,0.0,,15721935
739,38,0,128366.44,1,1,0,12796.43,0,False,True,True,0.14,Low,15591711
585,42,2,0.0,2,1,1,18657.77,0,False,False,True,0.0,,15625021
733,74,3,106545.53,1,1,1,134589.58,0,True,False,True,0.05,Low,15702968
542,43,8,145618.37,1,0,1,10350.74,0,False,False,False,0.14,Low,15600462
788,37,8,141541.25,1,0,0,66013.27,0,False,True,True,0.1,Low,15768104
435,32,2,57017.06,2,1,1,5907.11,0,True,False,True,0.02,Low,15780140
577,42,9,0.0,1,1,0,74077.91,0,False,False,True,0.09,Low,15585255
703,51,3,0.0,3,1,1,77294.56,1,False,False,False,0.94,High,15772781
728,35,8,125884.95,2,1,0,54359.02,1,True,False,False,0.6,Medium,15669987
728,32,5,61825.5,1,1,1,156124.93,0,True,False,True,0.02,Low,15697000
718,35,8,0.0,2,1,0,94820.85,0,False,False,True,0.0,,15733119
621,40,6,0.0,1,1,0,155155.25,0,False,False,False,0.09,Low,15782390
523,40,2,102967.41,1,1,0,128702.1,1,False,False,False,0.78,High,15654700
657,25,2,171770.55,1,1,0,22745.5,0,True,False,True,0.07,Low,15632210
727,40,1,93051.64,2,1,0,71865.31,1,True,False,True,0.7,Medium,15642041
643,36,7,161064.64,2,0,1,84294.82,0,False,False,True,0.03,Low,15709737
645,48,7,90612.34,1,1,1,149139.13,0,False,False,False,0.1,Low,15792388
568,28,5,145105.64,2,1,0,185489.11,0,False,False,True,0.01,Low,15786014
599,58,4,0.0,1,0,0,176407.15,1,False,False,True,0.97,High,15794580
672,45,9,0.0,1,1,1,92027.69,1,False,False,False,0.66,Medium,15675964
685,33,6,174912.72,1,1,1,43932.54,0,False,False,True,0.06,Low,15814275
516,46,1,104947.72,1,1,0,115789.25,1,False,False,False,0.84,High,15724848
685,31,10,135213.71,1,1,1,125777.28,0,False,True,True,0.04,Low,15754713
806,25,7,0.0,2,1,0,18461.9,0,False,True,True,0.0,,15693814
604,36,6,116229.85,2,1,1,79633.38,0,False,False,True,0.0,,15599660
648,53,6,111201.41,1,1,1,121542.29,0,False,True,False,0.07,Low,15746490
545,32,4,0.0,1,1,0,94739.2,0,False,True,False,0.15,Low,15566091
756,27,1,131899.0,1,1,0,93302.29,0,True,False,True,0.16,Low,15655961
569,35,10,124525.52,1,1,1,193793.78,0,False,False,True,0.1,Low,15710404
596,47,6,0.0,1,1,0,74835.65,0,False,False,True,0.31,Medium,15775625
475,39,6,0.0,1,1,1,56999.9,1,False,False,True,0.79,High,15792328
646,45,3,47134.75,1,1,1,57236.44,0,False,False,False,0.11,Low,15719856
784,35,3,0.0,2,0,0,81483.64,0,False,True,True,0.03,Low,15593773
552,45,9,0.0,2,1,0,26752.56,0,False,True,True,0.08,Low,15733114
729,44,5,0.0,2,0,1,9200.54,0,False,False,True,0.01,Low,15797748
609,61,1,0.0,1,1,0,22447.85,1,False,True,True,0.86,High,15743411
555,51,5,0.0,3,1,0,189122.89,1,False,False,True,0.95,High,15753337
572,19,1,138657.08,1,1,1,16161.82,0,True,False,False,0.02,Low,15601026
785,34,9,70302.48,1,1,1,68600.36,0,False,False,False,0.1,Low,15658485
714,36,1,101609.01,2,1,1,447.73,0,True,False,False,0.08,Low,15636731
738,35,3,0.0,1,1,1,15650.73,0,False,True,True,0.05,Low,15628303
639,38,5,130170.82,1,1,1,149599.62,0,True,False,True,0.26,Low,15633461
520,61,8,133802.29,2,1,1,90304.01,0,True,False,True,0.04,Low,15677135
764,24,7,106234.02,1,0,0,115676.38,0,False,False,False,0.03,Low,15590876
661,39,6,132628.98,1,0,0,38812.67,0,False,True,True,0.05,Low,15790782
564,41,9,103522.75,2,1,1,34338.21,0,True,False,True,0.02,Low,15700476
708,42,8,192390.52,2,1,0,823.36,0,True,False,False,0.38,Medium,15634141
512,36,1,0.0,1,0,1,135482.26,1,False,True,True,0.65,Medium,15737795
592,37,9,0.0,3,1,1,10656.89,0,False,True,True,0.57,Medium,15790299
619,38,3,0.0,2,0,1,116467.35,0,False,False,False,0.02,Low,15675316
775,52,8,109922.61,1,1,1,96823.32,1,False,False,True,0.69,Medium,15613630
850,44,5,128605.32,1,0,1,171096.2,0,True,False,False,0.28,Low,15662100
577,37,4,0.0,1,1,1,79881.39,0,False,False,False,0.03,Low,15668032
724,37,10,68598.56,1,1,0,157862.82,0,False,False,False,0.14,Low,15599289
710,35,1,106518.52,1,1,1,127951.81,0,False,True,True,0.0,,15754084
696,31,8,0.0,2,0,0,191074.11,0,False,False,False,0.0,,15676521
376,46,6,0.0,1,1,0,157333.69,1,False,False,False,0.97,High,15804586
675,29,8,121326.42,1,1,0,133457.52,0,True,False,False,0.02,Low,15781465
745,36,8,67226.37,1,1,0,130789.6,0,False,False,True,0.05,Low,15729362
697,25,5,82931.85,2,1,1,128373.88,0,False,True,False,0.02,Low,15709295
599,39,4,0.0,1,1,0,194273.2,1,False,True,False,0.8,High,15745324
715,38,5,118590.41,1,1,1,5684.17,1,False,False,False,0.73,High,15741336
659,67,4,145981.87,1,1,1,131043.2,0,False,False,True,0.03,Low,15783659
684,48,3,73309.38,1,0,0,21228.34,1,False,False,False,0.88,High,15620981
635,48,8,130796.33,2,1,1,43250.3,0,False,False,False,0.12,Low,15630328
789,33,8,151607.56,1,1,0,4389.4,0,True,False,True,0.07,Low,15785899
571,66,9,111577.01,1,0,1,189271.9,0,True,False,False,0.38,Medium,15606149
694,39,0,107042.74,1,1,1,102284.2,0,False,True,True,0.0,,15671139
665,42,2,156371.61,2,0,1,156774.94,1,False,True,False,0.64,Medium,15660429
706,44,4,129605.99,1,0,0,69865.49,0,False,False,False,0.11,Low,15571002
807,43,0,0.0,2,0,1,85523.24,0,False,True,False,0.06,Low,15631681
771,67,8,0.0,2,1,1,51219.8,0,False,True,False,0.0,,15731522
531,27,8,132576.25,1,0,0,7222.92,0,False,True,True,0.1,Low,15619529
629,37,6,129101.3,1,1,1,23971.33,0,False,False,False,0.04,Low,15628034
850,31,1,108822.4,1,1,1,132173.31,0,True,False,False,0.19,Low,15686164
685,35,4,137948.51,1,1,0,113639.64,0,False,True,True,0.03,Low,15582797
642,32,7,100433.8,1,1,1,39768.59,0,False,True,True,0.01,Low,15753831
529,63,4,96134.11,3,1,0,108732.96,1,False,True,True,0.98,High,15731815
683,43,4,115888.04,1,1,1,117349.19,1,True,False,False,0.48,Medium,15580956
663,42,5,124626.07,1,1,1,78004.5,0,False,False,False,0.17,Low,15602084
563,34,6,139810.34,1,1,1,152417.79,0,False,False,False,0.03,Low,15589805
637,34,9,0.0,2,0,0,26057.08,0,False,True,False,0.02,Low,15720893
544,37,3,84496.71,1,0,0,79972.09,0,False,False,True,0.04,Low,15641009
649,70,9,116854.71,2,0,1,107125.79,0,True,False,True,0.06,Low,15605926
638,48,10,138333.03,1,1,1,47679.14,0,False,False,False,0.34,Medium,15805955
723,25,3,0.0,2,1,1,134509.47,0,False,False,True,0.02,Low,15801488
635,43,5,78992.75,2,0,0,153265.31,0,True,False,True,0.03,Low,15605918
750,38,7,97257.41,2,0,1,179883.04,0,False,True,False,0.01,Low,15779711
730,34,5,122453.37,2,1,0,138882.98,0,False,False,True,0.02,Low,15705620
750,36,8,112940.07,1,0,1,9855.81,0,False,True,False,0.06,Low,15685357
586,43,8,132558.26,1,1,0,67046.83,1,False,False,False,0.71,High,15570060
520,38,4,0.0,2,1,0,56388.63,0,False,False,False,0.02,Low,15582616
652,48,8,133297.24,1,1,0,77764.37,0,False,False,False,0.19,Low,15799515
550,46,7,0.0,2,1,0,130590.35,0,False,False,False,0.06,Low,15642937
594,27,0,197041.8,1,0,0,151912.49,0,False,False,True,0.07,Low,15624729
749,44,0,71497.79,2,0,0,151083.8,0,True,False,False,0.07,Low,15566156
668,32,7,0.0,2,1,1,777.37,0,False,False,True,0.01,Low,15792360
614,35,6,128100.28,1,0,0,69454.24,1,True,False,False,0.73,High,15807008
773,25,1,124532.78,2,0,1,11723.57,0,False,False,True,0.01,Low,15704770
551,31,9,82293.82,2,1,1,91565.25,0,True,False,True,0.03,Low,15756475
566,36,1,142120.91,1,1,0,79616.37,0,False,False,True,0.05,Low,15655339
569,34,0,151839.26,1,1,0,102299.81,1,False,True,True,0.72,High,15613749
659,31,7,149620.88,2,1,1,104533.51,0,False,True,True,0.0,,15664521
722,49,3,168197.66,1,1,0,140765.57,1,False,False,False,0.85,High,15681206
655,37,5,93147.0,2,1,0,66214.13,0,False,False,True,0.02,Low,15745527
615,35,2,97440.02,2,1,1,139816.1,0,False,False,False,0.02,Low,15806926
752,42,3,65046.08,2,0,1,140139.28,0,True,False,False,0.08,Low,15724563
661,28,7,95357.49,1,0,0,102297.15,0,False,True,False,0.05,Low,15782899
838,43,9,123105.88,2,1,0,145765.83,0,False,True,True,0.24,Low,15623521
610,29,9,0.0,3,0,1,83912.24,0,False,True,True,0.24,Low,15810218
811,44,3,0.0,2,0,1,78439.73,0,False,True,True,0.04,Low,15645621
587,62,7,121286.27,1,0,1,6776.92,0,False,True,True,0.06,Low,15608114
811,28,4,167738.82,2,1,1,9903.42,0,True,False,False,0.04,Low,15659557
759,38,1,104091.29,1,0,0,91561.91,0,False,False,False,0.12,Low,15787772
648,42,8,121980.56,2,1,0,4027.02,0,True,False,False,0.06,Low,15691111
788,43,10,0.0,2,1,1,116111.51,0,False,False,False,0.05,Low,15592089
725,39,1,50880.98,2,1,1,184023.54,0,True,False,True,0.07,Low,15633897
646,42,3,175159.9,2,0,0,67124.48,1,False,False,False,0.68,Medium,15701301
601,26,7,105514.69,2,1,0,50070.59,0,True,False,False,0.02,Low,15723685
521,52,5,116497.31,3,0,0,53793.1,1,True,False,True,0.94,High,15701602
561,33,6,0.0,2,1,0,45261.47,0,False,True,False,0.02,Low,15739189
564,42,7,99824.45,1,1,1,36721.4,0,False,False,True,0.03,Low,15573086
444,45,6,0.0,1,1,0,130009.85,1,False,False,True,0.8,High,15569050
650,71,0,0.0,1,1,1,175380.77,0,False,True,True,0.15,Low,15750765
724,40,10,0.0,1,1,0,127847.25,1,False,False,True,0.26,Low,15799811
719,35,3,122964.88,1,1,1,138231.7,0,False,True,True,0.0,,15698442
548,29,4,0.0,2,0,1,48673.18,0,False,False,False,0.0,,15655274
635,24,4,0.0,2,1,1,70668.77,0,False,True,True,0.0,,15603594
496,43,3,0.0,2,0,1,199505.53,0,False,True,False,0.08,Low,15585961
676,37,5,89634.69,1,1,1,169583.18,1,False,False,False,0.62,Medium,15686936
541,40,7,95710.11,2,1,0,49063.42,0,True,False,True,0.04,Low,15770424
778,41,7,139706.31,1,1,0,63337.19,0,True,False,True,0.15,Low,15587451
850,45,5,103909.86,1,1,0,60083.11,1,True,False,False,0.53,Medium,15602010
633,31,1,0.0,1,1,0,48606.71,0,False,False,True,0.01,Low,15600583
625,49,6,173434.9,1,1,0,165580.93,1,False,False,True,0.49,Medium,15654673
485,32,6,102238.01,2,1,1,194010.12,0,False,True,True,0.01,Low,15717164
547,48,1,179380.74,2,0,1,69263.1,0,False,False,False,0.48,Medium,15765014
642,32,3,0.0,2,1,1,88698.83,0,False,False,True,0.0,,15682639
718,25,4,108691.95,1,1,0,63030.97,0,False,False,False,0.03,Low,15729279
582,32,4,0.0,2,1,0,59668.81,0,False,False,False,0.0,,15759805
628,33,6,0.0,2,0,0,184230.23,0,False,False,True,0.04,Low,15767864
737,35,0,133377.8,1,0,1,64050.19,0,True,False,True,0.1,Low,15769948
828,34,9,0.0,2,1,1,81853.98,0,False,True,True,0.0,,15686345
609,53,10,0.0,1,1,1,154642.91,0,False,True,True,0.19,Low,15688071
730,39,1,116537.6,1,0,0,145679.6,0,False,False,True,0.0,,15681174
631,22,3,0.0,2,0,0,30781.77,0,False,False,False,0.02,Low,15667521
830,40,4,0.0,2,0,1,81622.52,0,False,True,True,0.01,Low,15750243
645,29,1,130131.08,2,0,1,196474.35,0,False,False,True,0.0,,15695475
663,46,3,0.0,2,0,1,176276.1,0,False,False,True,0.07,Low,15689176
678,30,0,0.0,1,1,0,35113.08,0,False,True,True,0.05,Low,15652955
521,30,2,107316.09,1,1,0,64299.82,0,False,False,True,0.01,Low,15668958
625,24,1,0.0,2,1,1,180969.55,0,False,False,False,0.0,,15631054
523,30,1,83181.29,1,1,1,138176.78,0,False,False,True,0.03,Low,15581479
714,72,3,0.0,1,1,1,86733.61,0,False,False,False,0.05,Low,15577478
580,67,3,153946.14,1,1,1,7418.92,0,False,True,True,0.05,Low,15780870
722,30,5,0.0,2,1,0,166376.54,0,False,False,True,0.0,,15692317
630,39,7,135483.17,1,1,0,140881.2,1,False,True,False,0.71,High,15593969
579,35,1,0.0,2,1,0,4460.2,0,False,False,True,0.01,Low,15570417
670,38,4,119624.54,2,1,1,110472.12,0,False,False,False,0.02,Low,15779059
588,34,6,121132.26,2,1,0,86460.28,0,False,True,True,0.02,Low,15785980
807,42,1,0.0,1,1,0,16500.66,1,False,True,False,0.49,Medium,15644200
726,48,4,0.0,1,1,0,114020.06,1,False,False,False,0.95,High,15793949
812,25,5,54817.55,1,1,0,131660.31,0,True,False,True,0.06,Low,15645103
631,40,3,107949.45,1,1,0,52449.62,1,True,False,True,0.85,High,15705860
682,30,4,0.0,1,0,1,161465.31,0,False,False,True,0.03,Low,15623828
625,49,2,80816.45,1,1,1,20018.79,0,False,True,False,0.14,Low,15715003
607,38,3,98205.77,1,1,0,176318.27,0,True,False,True,0.15,Low,15623471
600,50,6,94684.27,1,1,1,50488.91,0,False,True,False,0.06,Low,15798348
602,22,7,141604.76,1,1,0,30379.6,0,False,True,False,0.01,Low,15743016
545,74,3,0.0,2,1,1,161326.73,0,False,True,False,0.05,Low,15769499
675,33,3,0.0,2,1,0,45348.08,0,False,True,True,0.01,Low,15798521
581,47,1,122949.14,1,0,0,180251.68,1,False,False,False,0.71,High,15706534
640,33,8,81677.22,2,0,0,34925.56,0,True,False,True,0.01,Low,15706186
850,38,7,80293.98,1,0,0,126555.74,0,False,False,True,0.06,Low,15812197
490,48,8,155413.06,1,1,0,187921.3,0,False,True,False,0.19,Low,15650933
710,38,4,0.0,2,1,1,136390.88,0,False,True,False,0.02,Low,15692991
613,38,9,67111.65,1,1,0,78566.64,1,True,False,True,0.64,Medium,15631189
812,34,5,103818.43,1,1,1,166038.27,0,False,False,True,0.0,,15762198
723,20,4,0.0,2,1,1,140385.33,0,False,False,False,0.0,,15699598
512,36,4,152169.12,2,0,0,38629.3,1,False,False,True,0.69,Medium,15692744
731,52,10,0.0,1,1,1,24998.75,1,False,False,False,0.8,High,15688963
650,26,4,214346.96,2,1,0,128815.33,0,True,False,True,0.06,Low,15599131
594,57,6,0.0,1,1,0,19376.56,1,False,False,True,0.93,High,15680303
844,40,7,113348.14,1,1,0,31904.31,1,False,False,True,0.71,High,15628674
686,47,5,170935.94,1,1,0,173179.79,1,True,False,False,0.78,High,15648075
695,52,8,103023.26,1,1,1,22485.64,0,True,False,True,0.5,Medium,15586970
624,23,6,0.0,2,0,1,196668.51,0,False,True,False,0.0,,15625698
503,37,6,0.0,2,0,0,136506.86,0,False,True,True,0.02,Low,15790497
535,31,7,111855.04,2,1,1,36278.89,0,False,False,False,0.01,Low,15682618
743,32,6,140348.56,2,1,1,163254.39,0,True,False,False,0.02,Low,15762937
702,39,8,0.0,2,1,0,99654.13,0,False,True,True,0.0,,15750929
658,29,3,145512.84,1,1,0,20207.02,0,False,False,True,0.03,Low,15729832
677,41,8,146720.98,2,1,1,4195.84,0,True,False,False,0.21,Low,15633650
664,32,10,107209.73,1,1,1,112340.2,0,False,False,True,0.01,Low,15748856
766,38,7,130933.74,1,0,1,2035.94,0,True,False,False,0.09,Low,15589195
461,35,8,0.0,1,1,0,132295.95,0,False,True,False,0.14,Low,15699911
688,36,0,89772.3,1,1,0,177383.68,1,False,True,True,0.68,Medium,15663438
678,32,5,0.0,2,1,0,90284.47,0,False,False,False,0.01,Low,15692583
796,24,8,0.0,2,1,0,61349.37,0,False,False,True,0.0,,15591257
803,42,5,0.0,1,1,0,196466.83,1,False,False,True,0.82,High,15646513
712,36,2,100749.5,3,0,0,70758.37,1,False,False,True,0.92,High,15708063
498,31,10,0.0,2,1,0,13892.57,0,False,False,False,0.05,Low,15696098
850,22,2,0.0,2,1,1,9684.52,0,False,True,True,0.0,,15645517
628,51,3,123981.31,2,1,1,40546.15,0,False,False,False,0.18,Low,15649744
539,34,4,91622.42,1,1,1,136603.42,0,True,False,False,0.16,Low,15604304
732,36,7,126195.81,1,1,1,133172.48,0,False,False,True,0.02,Low,15784092
715,41,4,94267.9,1,0,1,152821.12,1,False,False,True,0.69,Medium,15585198
651,40,4,0.0,2,1,1,147715.83,0,False,False,True,0.0,,15624347
813,34,0,0.0,2,1,0,43169.15,0,False,False,True,0.02,Low,15621687
692,29,4,0.0,1,1,0,76755.99,1,False,False,True,0.04,Low,15689081
756,39,3,100717.85,3,1,1,73406.04,1,True,False,False,0.95,High,15813168
543,36,6,0.0,2,1,0,176728.28,0,False,False,True,0.0,,15604295
790,26,4,141581.71,2,0,0,98309.27,0,False,False,False,0.05,Low,15724127
494,38,7,0.0,2,1,1,6203.66,0,False,True,True,0.0,,15673055
850,39,2,148586.64,1,1,1,176791.27,0,False,False,False,0.06,Low,15768201
703,29,9,0.0,2,1,0,50679.48,0,False,True,True,0.0,,15782219
432,38,7,0.0,2,1,0,150580.88,0,False,True,True,0.03,Low,15746410
512,32,2,123403.85,2,1,0,80120.19,0,True,False,False,0.13,Low,15780144
589,28,7,0.0,2,1,0,151645.96,0,False,False,True,0.01,Low,15590476
514,46,3,106511.85,1,1,0,55072.32,0,False,False,False,0.25,Low,15624293
678,38,2,0.0,2,0,0,115068.99,0,False,False,False,0.02,Low,15618182
420,34,1,135549.9,1,0,0,149471.13,1,True,False,False,0.17,Low,15660316
679,38,7,110555.37,2,1,0,46522.68,0,True,False,True,0.06,Low,15678886
595,31,4,0.0,2,1,0,189995.86,0,False,False,True,0.0,,15616330
713,52,0,185891.54,1,1,1,46369.57,1,False,False,False,0.75,High,15592229
833,59,1,130854.59,1,1,1,30722.52,1,True,False,True,0.62,Medium,15798424
690,42,3,92578.14,2,0,0,70810.6,0,False,False,False,0.09,Low,15714750
731,21,8,132312.06,1,1,0,106663.46,1,True,False,False,0.32,Medium,15648800
608,62,8,144976.5,1,0,0,175836.03,1,False,False,False,0.94,High,15626147
479,48,5,87070.23,1,0,1,85646.41,0,False,True,True,0.18,Low,15626608
519,42,8,0.0,2,1,1,101485.72,0,False,False,True,0.0,,15723250
731,47,1,115414.19,3,0,0,191734.67,1,False,False,False,0.93,High,15592583
617,61,7,91070.43,1,1,1,101839.77,0,False,True,True,0.02,Low,15759381
756,29,2,117412.19,2,1,0,4888.91,0,False,True,True,0.04,Low,15585241
848,31,4,90018.45,2,1,0,193132.98,0,True,False,True,0.03,Low,15589358
809,24,4,0.0,2,1,0,193518.76,0,False,False,False,0.08,Low,15672704
698,56,1,112414.81,2,0,0,93982.02,1,True,False,True,0.87,High,15789955
779,33,1,158456.76,1,1,1,197000.92,1,True,False,True,0.13,Low,15596800
606,35,7,0.0,1,1,0,106837.06,1,False,True,True,0.74,High,15627305
612,58,1,149641.53,1,1,1,115161.28,0,True,False,False,0.27,Low,15645316
663,33,8,122528.18,1,1,0,196260.3,0,False,True,False,0.08,Low,15593973
549,45,3,143734.01,2,1,1,96404.38,0,True,False,False,0.28,Low,15647301
675,32,2,155663.31,1,1,0,97658.66,0,False,False,False,0.02,Low,15750258
669,35,7,0.0,1,1,1,49108.23,1,False,False,False,0.65,Medium,15685309
571,34,1,101736.66,1,0,1,195651.66,0,True,False,False,0.09,Low,15628205
500,37,9,125822.21,1,1,0,111698.0,0,False,True,True,0.07,Low,15733974
628,37,0,0.0,2,1,1,171707.93,0,False,False,True,0.0,,15762110
559,34,4,0.0,2,1,1,66721.98,0,False,False,True,0.0,,15706899
769,27,2,0.0,1,1,1,57876.05,0,False,False,False,0.03,Low,15732660
733,31,6,157791.07,2,0,0,177994.81,0,True,False,True,0.04,Low,15656121
750,22,5,0.0,2,0,1,105125.65,0,False,False,True,0.02,Low,15614220
583,42,4,0.0,2,1,0,17439.66,0,False,False,False,0.02,Low,15645269
468,42,9,181627.14,2,1,0,172668.39,0,True,False,True,0.05,Low,15698510
727,57,1,109679.72,1,0,1,753.37,0,False,True,False,0.11,Low,15569247
618,37,5,96652.86,1,1,0,98686.4,1,False,False,False,0.65,Medium,15566251
617,40,5,190008.32,2,1,1,107047.92,0,False,False,True,0.03,Low,15716134
793,41,9,0.0,2,1,0,152153.74,0,False,True,True,0.07,Low,15763625
630,43,9,0.0,2,1,1,34338.04,0,False,False,True,0.01,Low,15605965
765,43,4,148962.76,1,0,1,173878.87,1,True,False,True,0.3,Low,15694821
546,28,8,0.0,1,1,0,159254.29,0,False,False,True,0.19,Low,15601688
614,30,3,131344.52,2,1,0,54776.64,0,True,False,False,0.03,Low,15575581
593,29,5,101713.84,3,1,0,134594.99,0,True,False,False,0.9,High,15671209
613,34,3,0.0,1,1,1,41724.72,0,False,True,True,0.14,Low,15616529
655,38,4,0.0,2,0,0,110527.71,0,False,False,True,0.01,Low,15773906
700,27,6,137963.07,1,0,0,8996.79,0,False,False,False,0.02,Low,15722993
826,29,4,129938.07,1,0,1,190200.53,0,False,True,False,0.08,Low,15752463
652,45,2,151421.44,1,0,1,115333.43,0,True,False,True,0.14,Low,15589754
755,45,7,135643.0,1,0,0,143619.52,1,True,False,False,0.74,High,15669899
538,39,2,122773.5,2,1,1,58467.08,0,False,True,True,0.0,,15766887
729,34,3,152303.8,1,1,0,12128.69,0,False,False,True,0.26,Low,15768006
615,49,3,0.0,2,1,1,49872.33,0,False,False,True,0.06,Low,15741295
700,54,1,79415.67,1,0,1,139735.54,0,False,True,True,0.03,Low,15811327
434,58,9,125801.03,2,1,0,60891.8,1,True,False,False,0.94,High,15690007
729,37,10,0.0,2,1,0,100862.54,0,False,True,True,0.01,Low,15690664
513,35,8,0.0,1,1,0,76640.29,1,False,False,True,0.66,Medium,15719348
755,41,6,104817.41,1,1,0,126013.58,1,False,False,True,0.77,High,15781802
615,30,9,0.0,1,1,0,87347.82,0,False,False,False,0.28,Low,15752731
747,32,5,67495.04,2,0,1,77370.37,0,True,False,False,0.01,Low,15600997
850,36,0,164850.54,1,1,1,62722.44,0,False,False,False,0.05,Low,15750776
712,49,5,154776.42,2,0,0,196257.68,0,True,False,False,0.18,Low,15723907
622,28,1,143124.63,2,1,0,81723.8,0,True,False,False,0.04,Low,15633419
548,35,10,0.0,1,1,1,31299.71,0,False,False,False,0.1,Low,15702430
607,27,2,0.0,2,1,0,63495.86,0,False,False,False,0.03,Low,15710456
653,38,8,102133.38,1,1,1,166520.96,0,False,False,False,0.06,Low,15650351
699,26,6,79932.41,1,0,0,150242.44,0,False,True,True,0.04,Low,15590820
693,40,0,120711.73,1,0,0,27345.18,1,True,False,True,0.81,High,15640454
647,43,3,122717.53,2,1,1,87000.39,0,True,False,False,0.12,Low,15697789
478,36,3,92363.3,2,1,0,44912.7,0,False,True,False,0.01,Low,15808182
705,40,5,203715.15,1,1,0,179978.68,1,False,True,False,0.88,High,15588670
719,39,5,0.0,2,1,0,145759.7,0,False,True,True,0.01,Low,15721292
726,34,9,0.0,2,0,0,14121.61,0,False,False,True,0.01,Low,15604217
626,21,1,0.0,2,1,0,66232.23,0,False,False,True,0.0,,15651369
552,49,4,0.0,1,1,1,190296.76,1,False,False,True,0.89,High,15782454
807,31,1,93460.47,2,0,0,172782.69,0,True,False,False,0.01,Low,15814032
621,34,6,0.0,2,1,1,99128.13,0,False,False,True,0.0,,15570326
651,24,7,40224.7,1,1,1,178341.33,0,True,False,False,0.05,Low,15624428
673,43,5,168069.73,1,1,1,146992.24,1,False,False,False,0.69,Medium,15755638
652,36,1,0.0,2,1,1,151314.98,0,False,False,True,0.0,,15600992
584,47,7,130538.77,1,1,0,92915.84,0,True,False,True,0.33,Medium,15755649
756,37,3,132623.6,1,1,1,58974.0,0,False,False,True,0.01,Low,15795228
670,35,3,103465.02,2,1,1,174627.06,0,False,False,False,0.02,Low,15589257
765,50,9,126547.8,1,1,1,79579.94,1,False,False,False,0.74,High,15719302
528,30,2,128262.72,2,1,0,50771.16,0,False,False,True,0.04,Low,15639882
701,40,5,169742.64,1,1,1,153537.55,1,False,False,True,0.73,High,15791279
797,29,1,0.0,2,1,1,132975.39,0,False,False,False,0.01,Low,15636935
639,27,3,150795.81,1,0,1,85208.93,0,True,False,True,0.05,Low,15686909
785,61,4,129855.72,2,1,0,170214.82,1,False,True,False,0.9,High,15589572
363,28,6,146098.43,3,1,0,100615.14,1,False,True,False,0.96,High,15779947
764,24,7,0.0,2,1,0,186105.99,0,False,False,False,0.02,Low,15573769
676,43,2,0.0,1,1,1,55119.53,0,False,False,False,0.21,Low,15578866
718,28,4,65643.3,1,1,0,28760.99,0,True,False,True,0.04,Low,15739131
590,34,6,0.0,2,1,0,171021.44,0,False,True,False,0.0,,15813444
584,38,9,104584.16,1,1,0,176678.72,0,False,False,True,0.06,Low,15678058
645,41,7,0.0,1,0,1,28667.56,0,False,False,True,0.23,Low,15769169
772,30,6,99785.28,2,0,0,197238.03,0,True,False,True,0.06,Low,15804602
399,46,2,127655.22,1,1,0,139994.68,1,True,False,True,0.92,High,15651052
529,22,5,0.0,1,1,0,151169.83,0,False,False,True,0.04,Low,15724334
463,35,2,101257.16,1,1,1,118113.64,0,False,False,True,0.01,Low,15569451
630,40,7,0.0,2,1,1,34453.17,0,False,False,False,0.0,,15650098
780,76,10,121313.88,1,0,1,64872.33,0,False,False,True,0.02,Low,15724307
584,32,5,0.0,2,1,0,10956.82,0,False,True,True,0.01,Low,15599268
752,30,4,81523.38,1,1,1,36885.85,0,True,False,True,0.0,,15594864
697,47,6,128252.66,1,1,1,168053.4,0,False,False,False,0.31,Medium,15616451
850,32,7,0.0,2,0,0,155227.0,0,False,False,False,0.02,Low,15715667
711,51,7,0.0,3,1,0,38409.79,1,False,False,True,0.79,High,15658969
452,32,5,0.0,2,0,1,75279.39,0,False,False,False,0.01,Low,15738174
610,42,6,0.0,2,1,0,158302.59,1,False,True,True,0.7,Medium,15813590
694,22,4,0.0,2,1,1,11525.72,0,False,False,False,0.02,Low,15624229
579,33,6,0.0,1,1,0,94993.04,1,False,True,True,0.68,Medium,15674148
745,54,8,0.0,1,1,0,173912.29,1,False,True,False,0.94,High,15625080
572,33,5,0.0,1,0,1,41139.05,0,False,False,True,0.06,Low,15682528
505,29,3,145541.56,2,1,1,58019.95,0,True,False,True,0.04,Low,15696900
706,23,5,0.0,1,0,0,164128.41,1,False,False,False,0.69,Medium,15730038
693,44,5,124601.58,2,1,1,46998.13,1,True,False,True,0.78,High,15812272
725,33,7,115182.84,2,1,1,177279.41,0,True,False,False,0.05,Low,15654654
791,37,2,163789.49,2,1,0,75832.53,0,False,False,True,0.01,Low,15697625
536,46,1,65733.41,1,1,0,61094.53,0,False,False,True,0.65,Medium,15616280
699,47,1,0.0,2,0,1,30117.44,0,False,True,True,0.03,Low,15654229
500,47,8,128486.11,1,1,0,179227.12,0,False,True,False,0.5,Medium,15628298
707,53,6,109663.47,1,1,1,52110.45,0,False,True,False,0.07,Low,15733387
531,42,6,88324.31,2,1,0,75248.75,0,True,False,False,0.03,Low,15775572
557,28,7,146445.24,2,1,0,184317.74,0,False,False,False,0.03,Low,15613844
659,38,3,0.0,2,1,0,158553.1,0,False,False,False,0.0,,15578515
575,31,6,0.0,2,1,1,95686.42,0,False,True,False,0.0,,15607598
775,36,2,109949.05,2,0,1,71682.54,0,True,False,True,0.04,Low,15742480
772,30,4,78653.05,1,1,0,1790.48,0,False,True,True,0.03,Low,15749482
587,46,9,107850.82,1,1,0,139431.0,1,True,False,True,0.94,High,15607537
667,39,4,83765.35,2,1,0,118358.54,0,True,False,False,0.05,Low,15575410
771,66,7,143773.07,1,1,1,130827.88,0,False,False,False,0.03,Low,15684865
523,63,6,116227.27,1,1,1,119404.63,0,True,False,True,0.16,Low,15600700
662,33,0,103471.52,1,1,1,162703.0,0,True,False,True,0.05,Low,15774155
717,42,5,0.0,2,1,0,172665.21,0,False,False,True,0.0,,15634267
746,24,3,137492.35,2,0,1,170142.09,0,False,False,True,0.01,Low,15619626
569,28,7,0.0,2,1,0,73977.23,0,False,False,True,0.0,,15660422
579,36,9,129829.59,1,1,1,60906.12,0,False,False,True,0.02,Low,15617934
519,21,1,146329.57,2,1,1,194867.27,0,False,False,False,0.02,Low,15760774
696,30,4,114027.7,1,1,1,193716.56,0,True,False,True,0.05,Low,15813132
693,25,6,146580.69,1,0,1,14633.35,0,True,False,True,0.1,Low,15593331
587,38,0,132122.42,2,0,0,31730.32,0,True,False,False,0.12,Low,15616709
626,44,10,81553.93,1,1,0,20063.63,1,False,False,False,0.37,Medium,15658052
666,66,7,0.0,2,1,1,99792.82,0,False,False,False,0.0,,15721189
512,24,6,0.0,2,1,0,37654.31,0,False,False,True,0.0,,15711288
689,28,3,0.0,2,1,1,192449.02,0,False,True,False,0.0,,15770030
803,26,4,0.0,2,1,1,181208.47,0,False,False,False,0.0,,15803681
548,32,5,175214.71,1,1,1,155165.61,0,True,False,True,0.04,Low,15702789
588,40,10,125534.51,1,1,0,121504.18,1,True,False,False,0.83,High,15814930
693,68,4,97705.99,1,1,1,61569.07,0,False,False,True,0.0,,15658306
499,55,4,126817.65,2,1,0,123269.71,0,True,False,False,0.76,High,15699523
628,46,1,46870.43,4,1,0,31272.14,1,False,False,False,0.91,High,15610383
624,46,3,0.0,2,1,1,62825.03,0,False,True,True,0.01,Low,15615032
733,42,9,120094.93,1,1,0,184056.45,0,False,False,True,0.09,Low,15781989
628,38,3,0.0,2,1,1,48924.73,0,False,False,False,0.0,,15647402
633,33,3,0.0,2,1,0,191111.02,0,False,False,False,0.02,Low,15740494
559,36,1,104356.94,2,0,1,54184.06,0,True,False,False,0.03,Low,15701265
704,27,5,147004.34,1,1,0,64381.33,1,True,False,True,0.69,Medium,15743532
744,38,6,73023.17,2,1,0,78770.86,0,True,False,True,0.11,Low,15794870
665,40,1,173432.55,1,0,1,116766.79,0,False,True,False,0.05,Low,15747591
638,42,7,165679.92,1,0,0,32916.29,0,False,False,False,0.25,Low,15726557
837,31,9,104678.62,1,0,1,50972.6,0,False,True,True,0.01,Low,15732199
534,55,8,116973.26,3,1,0,122066.5,1,False,False,False,1.0,High,15662291
548,36,3,0.0,1,1,0,65996.9,0,False,False,False,0.08,Low,15749050
837,38,2,126732.85,1,1,1,79577.38,0,True,False,True,0.08,Low,15781586
658,44,6,148481.09,1,1,0,130529.13,0,False,False,False,0.08,Low,15617078
554,38,4,137654.05,2,1,1,172629.67,0,False,False,False,0.05,Low,15723339
724,30,7,115315.04,1,1,0,15216.53,0,True,False,True,0.08,Low,15671322
723,42,2,99095.73,1,1,1,17512.53,0,False,False,True,0.06,Low,15793854
585,39,7,165610.41,2,0,0,131852.01,0,True,False,False,0.04,Low,15756539
474,33,5,0.0,2,1,0,181945.52,1,False,False,True,0.69,Medium,15612064
562,32,6,161628.66,1,1,0,91482.5,0,False,True,True,0.03,Low,15625916
719,32,9,146605.27,1,1,1,77119.45,0,False,False,True,0.0,,15683195
635,37,5,113488.68,1,1,0,95611.74,1,True,False,True,0.6,Medium,15690182
743,42,7,77002.2,2,1,1,80428.42,0,False,False,True,0.09,Low,15721719
681,67,7,0.0,2,0,1,163714.92,0,False,True,True,0.02,Low,15641690
521,39,6,0.0,2,0,1,27375.15,0,False,False,False,0.0,,15634896
741,25,4,0.0,2,1,1,73873.65,0,False,True,True,0.02,Low,15671590
790,46,8,182364.53,1,0,0,139266.48,1,False,True,True,0.75,High,15779182
622,35,8,0.0,2,1,1,131772.51,0,False,False,True,0.0,,15778287
669,45,7,149364.58,1,0,1,173454.07,0,False,False,True,0.06,Low,15609510
583,59,7,127450.14,1,0,1,67552.71,0,False,False,True,0.04,Low,15742229
520,63,5,162278.32,1,1,1,34765.33,0,False,True,False,0.29,Low,15658532
579,37,5,152212.88,2,0,0,120219.14,0,False,True,True,0.07,Low,15590993
698,39,9,161993.89,1,0,0,90212.38,0,False,True,False,0.07,Low,15565701
548,39,7,131468.44,1,1,0,164975.82,0,False,True,True,0.13,Low,15597239
672,40,10,102980.44,1,1,0,1285.81,1,True,False,True,0.82,High,15688880
653,31,9,143321.97,1,1,0,83679.46,0,True,False,True,0.17,Low,15813917
734,37,2,130404.92,1,0,0,34548.74,0,False,True,False,0.05,Low,15679611
794,41,7,0.0,2,1,1,74275.08,0,False,False,False,0.02,Low,15636589
641,30,2,87505.47,2,0,1,7278.57,0,False,False,True,0.02,Low,15687752
824,30,0,133634.02,1,1,1,162053.92,0,False,False,True,0.01,Low,15584363
534,33,3,151233.62,1,0,0,199336.63,0,False,True,False,0.16,Low,15737748
653,55,2,70263.83,1,0,1,62347.71,0,False,True,True,0.08,Low,15803365
498,34,5,0.0,2,1,1,91711.66,0,False,False,True,0.04,Low,15793247
683,30,10,57657.49,1,0,0,79240.9,0,False,False,True,0.03,Low,15572360
618,42,8,153572.31,2,1,1,76679.6,0,True,False,True,0.01,Low,15795166
538,37,1,134752.08,1,1,0,162511.55,0,False,False,True,0.03,Low,15724620
643,34,3,83132.09,1,1,1,21360.88,0,False,True,True,0.0,,15800856
428,31,2,0.0,2,1,0,54487.43,0,False,False,False,0.01,Low,15671097
593,32,9,134096.53,2,1,0,53931.05,1,True,False,False,0.64,Medium,15683930
718,31,0,118100.59,2,1,0,103165.15,0,False,False,False,0.05,Low,15749004
811,52,10,76915.4,1,0,0,146359.81,1,True,False,True,0.9,High,15800434
823,46,3,81576.75,1,1,1,28370.95,1,False,True,False,0.69,Medium,15709117
645,49,2,0.0,2,0,0,10023.15,0,False,True,True,0.03,Low,15638806
710,33,10,118327.17,2,1,1,192928.82,0,False,False,True,0.01,Low,15662294
591,30,8,124857.69,2,0,0,50485.7,0,False,True,True,0.01,Low,15690079
748,27,2,90971.85,1,1,1,131662.47,0,True,False,False,0.12,Low,15759317
850,37,7,153147.75,1,1,1,152235.3,0,False,False,False,0.05,Low,15750497
542,38,8,65942.26,1,1,1,68093.23,1,False,False,True,0.68,Medium,15596181
809,38,3,0.0,2,1,1,80061.31,0,False,False,True,0.0,,15576602
675,54,2,0.0,1,1,0,149583.67,1,False,False,True,0.93,High,15644833
607,27,5,100912.19,1,0,0,7631.27,0,False,True,False,0.08,Low,15734634
850,31,4,0.0,2,1,1,33082.81,0,False,False,False,0.0,,15808689
789,37,3,0.0,1,1,0,121883.87,1,False,False,True,0.73,High,15720702
598,43,5,0.0,3,1,1,100722.72,1,False,False,False,0.73,High,15665077
756,41,2,124439.49,2,0,1,47093.11,0,True,False,True,0.04,Low,15763612
687,47,7,0.0,2,1,1,177624.01,0,False,False,False,0.02,Low,15596493
724,40,6,0.0,2,0,0,106149.48,0,False,False,True,0.02,Low,15704483
700,44,2,58781.76,1,1,0,16874.92,0,False,False,False,0.14,Low,15598846
635,50,7,159453.64,2,0,0,54560.79,1,False,True,True,0.82,High,15629244
687,26,2,142721.52,1,1,1,153605.75,0,True,False,True,0.03,Low,15765537
613,46,8,167795.6,1,0,1,44390.38,0,False,False,False,0.09,Low,15729975
781,38,3,128345.69,2,1,0,63218.85,0,False,False,False,0.06,Low,15682773
703,20,3,165260.98,1,1,1,41626.78,0,False,True,True,0.02,Low,15688007
593,62,3,118233.81,1,0,1,24765.53,1,True,False,False,0.6,Medium,15574331
743,40,6,0.0,1,1,0,28280.8,1,False,False,False,0.83,High,15645572
640,46,8,0.0,2,1,0,89043.19,0,False,True,False,0.09,Low,15742854
849,37,7,143452.74,2,1,1,17294.12,0,True,False,True,0.02,Low,15575417
778,38,3,145018.49,2,1,1,126702.41,0,False,False,True,0.01,Low,15796721
539,38,8,82407.51,1,1,0,13123.41,0,True,False,False,0.12,Low,15734942
489,28,1,79460.98,2,1,1,167973.63,0,True,False,True,0.01,Low,15664772
568,43,9,0.0,1,1,0,125870.79,1,False,True,False,0.72,High,15576683
618,38,5,126473.99,1,1,0,91972.49,0,False,True,True,0.05,Low,15682563
710,30,10,133537.1,2,1,0,155593.74,0,True,False,False,0.04,Low,15650889
625,52,5,164978.01,1,1,1,67788.49,0,False,False,True,0.08,Low,15612108
682,46,7,128029.72,1,1,1,62615.35,0,False,True,True,0.13,Low,15761132
727,43,2,97403.18,1,1,1,107415.02,1,False,True,True,0.64,Medium,15645511
794,41,7,176845.41,3,1,0,166526.26,1,False,False,False,0.93,High,15609824
652,71,4,0.0,1,1,1,120107.1,0,False,True,True,0.07,Low,15640268
670,42,3,81589.04,1,1,0,188227.8,0,False,True,True,0.16,Low,15645778
460,40,6,119507.58,2,1,0,91560.63,1,True,False,False,0.72,High,15691104
568,26,6,0.0,2,0,0,166495.2,0,False,True,False,0.0,,15714567
643,30,5,94443.77,1,1,1,165614.4,0,False,False,True,0.01,Low,15777826
521,37,2,0.0,2,1,1,86372.24,0,False,False,True,0.04,Low,15668445
615,32,7,92199.84,1,1,1,2755.53,0,False,False,True,0.0,,15576162
575,43,3,0.0,1,1,0,83594.51,0,False,True,True,0.25,Low,15778135
717,41,3,135756.96,1,1,1,103706.41,0,False,False,False,0.02,Low,15613141
648,54,9,120633.42,1,0,0,5924.38,1,False,False,False,0.81,High,15635435
535,48,5,134542.73,1,1,1,58203.67,1,True,False,True,0.8,High,15596552
626,29,7,0.0,2,1,0,49361.84,0,False,True,True,0.0,,15623644
611,52,7,0.0,1,0,1,73585.18,1,False,True,True,0.73,High,15683403
734,39,6,0.0,1,1,1,95135.27,0,False,True,True,0.08,Low,15615029
709,49,4,154344.49,2,1,1,38794.57,0,False,False,True,0.1,Low,15769005
591,43,3,0.0,2,0,1,198926.36,0,False,False,True,0.08,Low,15746326
664,43,9,189026.53,2,1,1,56099.86,0,False,False,True,0.1,Low,15722364
431,37,0,120764.08,1,1,1,117023.08,0,False,False,True,0.09,Low,15704954
647,22,3,97975.82,2,0,1,62083.0,0,True,False,False,0.07,Low,15694409
578,32,4,0.0,2,1,1,141822.8,0,False,False,True,0.0,,15754068
555,41,10,113270.2,2,1,1,185387.14,0,True,False,True,0.01,Low,15683841
775,30,4,0.0,2,0,1,57461.13,0,False,True,True,0.0,,15789095
850,39,3,124548.99,2,1,1,120380.12,0,True,False,True,0.03,Low,15719958
625,43,8,201696.07,1,1,0,133020.9,1,False,False,True,0.83,High,15689514
645,37,7,0.0,2,1,0,13589.93,0,False,True,False,0.0,,15621353
608,44,7,114203.47,1,1,1,77830.36,1,True,False,True,0.72,High,15627232
689,31,4,0.0,2,1,1,136610.02,0,False,True,False,0.0,,15745843
652,50,8,125437.64,1,1,1,17160.94,1,True,False,True,0.63,Medium,15722902
769,26,7,0.0,2,1,0,176843.53,0,False,False,False,0.02,Low,15791767
611,43,8,64897.75,1,1,0,114996.33,0,False,False,False,0.17,Low,15792722
489,38,8,0.0,2,0,1,196990.79,0,False,False,True,0.05,Low,15723006
528,46,9,135555.66,1,1,0,133146.03,1,True,False,False,0.83,High,15771942
632,44,3,107764.75,1,1,0,185667.72,0,False,False,True,0.14,Low,15774738
429,27,6,117307.44,2,1,1,24020.49,0,False,False,False,0.03,Low,15574004
457,41,8,73700.12,3,1,1,185750.02,1,False,False,True,0.91,High,15587233
768,44,6,60603.4,1,1,1,178045.97,0,False,True,False,0.1,Low,15808228
715,35,4,40169.88,2,1,1,199857.47,0,False,True,False,0.02,Low,15682834
668,32,10,92041.87,1,1,1,43595.9,0,True,False,False,0.04,Low,15571752
625,26,3,130483.95,1,1,0,122810.53,0,True,False,True,0.02,Low,15743067
846,41,5,0.0,3,1,0,3440.47,1,False,False,False,0.85,High,15714466
661,42,3,0.0,2,1,0,35989.41,0,False,True,False,0.05,Low,15617982
571,23,10,151097.28,1,0,1,17163.75,0,False,False,False,0.12,Low,15696637
582,46,8,67563.31,1,1,0,44506.09,1,False,True,False,0.78,High,15690647
716,35,8,112808.18,1,0,1,17848.3,0,False,False,False,0.01,Low,15672756
758,42,7,0.0,2,0,1,76209.56,0,False,False,False,0.02,Low,15704586
725,66,4,86459.8,1,1,1,141476.56,0,False,False,True,0.01,Low,15674526
630,40,0,118633.08,1,0,1,60032.46,1,False,False,False,0.77,High,15775295
627,55,2,159441.27,1,1,0,100686.11,1,False,False,False,0.97,High,15684196
653,27,9,0.0,2,1,0,96429.29,0,False,False,False,0.01,Low,15727281
775,38,4,125212.65,2,1,1,15795.88,1,True,False,False,0.69,Medium,15787835
794,45,8,88656.37,2,1,0,116547.31,0,False,True,True,0.27,Low,15730540
831,32,2,146033.62,1,1,0,191260.74,0,False,False,False,0.23,Low,15646276
561,29,9,120268.13,1,1,1,173870.39,0,False,False,True,0.03,Low,15582180
705,46,7,0.0,2,1,0,117273.35,0,False,True,True,0.0,,15697095
636,33,0,0.0,1,1,0,92277.47,1,False,True,False,0.72,High,15748797
487,46,4,135070.58,2,1,1,44244.49,1,True,False,False,0.73,High,15754796
693,38,3,0.0,2,0,0,78133.48,1,False,False,False,0.59,Medium,15628947
517,29,5,0.0,2,1,0,103402.88,0,False,True,False,0.02,Low,15775546
684,27,9,122550.05,2,0,1,137835.82,0,False,False,False,0.05,Low,15670481
620,43,2,0.0,2,1,0,20670.1,0,False,True,False,0.06,Low,15619029
757,29,8,130306.49,1,1,0,77469.38,0,False,False,True,0.06,Low,15613282
739,27,6,0.0,1,1,1,57572.38,0,False,False,False,0.04,Low,15721487
662,41,4,90350.77,1,1,0,75884.65,1,False,True,False,0.61,Medium,15797276
359,44,6,128747.69,1,1,0,146955.71,1,False,False,False,0.89,High,15612494
572,23,2,126873.52,1,0,1,67040.12,0,False,True,True,0.15,Low,15629617
721,69,2,108424.19,1,1,1,178418.35,0,False,False,True,0.02,Low,15600821
707,32,9,0.0,2,0,0,30807.02,0,False,False,True,0.0,,15579062
444,40,5,84350.07,1,1,0,143835.76,0,False,False,False,0.15,Low,15814268
523,73,7,0.0,2,0,0,130883.9,1,False,False,False,0.81,High,15710164
685,30,4,84958.6,2,0,1,194343.72,0,True,False,False,0.02,Low,15693904
673,29,4,99097.36,1,1,1,9796.69,0,True,False,False,0.04,Low,15588986
503,30,10,136622.55,2,0,0,47310.24,0,True,False,True,0.22,Low,15797733
485,30,5,156771.68,1,1,1,141148.21,0,True,False,False,0.02,Low,15620507
799,28,7,167658.33,2,1,1,111138.25,0,True,False,True,0.07,Low,15685150
585,33,8,0.0,2,1,0,114182.07,0,False,True,False,0.01,Low,15667651
607,24,2,109483.54,2,0,1,127560.77,0,True,False,False,0.01,Low,15774166
521,40,9,134504.78,1,1,0,18082.06,0,True,False,False,0.67,Medium,15649280
535,44,2,114427.86,1,1,1,136330.26,0,False,False,False,0.13,Low,15705657
724,45,5,83888.54,1,0,1,34121.81,0,False,True,True,0.04,Low,15753969
520,32,5,110029.77,1,1,0,56246.69,0,True,False,True,0.2,Low,15742378
696,41,9,127523.75,1,0,1,191417.42,0,False,True,True,0.06,Low,15794874
657,30,1,139762.13,2,1,1,23317.88,0,True,False,True,0.02,Low,15589221
603,42,8,91611.12,1,0,0,144675.3,1,False,True,False,0.75,High,15596671
726,42,2,109471.79,1,0,1,175161.05,0,False,False,False,0.06,Low,15583668
591,39,4,150500.64,1,1,0,14928.8,0,False,False,False,0.15,Low,15710206
792,59,9,101609.77,1,0,0,161479.19,1,True,False,False,0.97,High,15799966
550,57,5,0.0,1,1,1,133501.94,0,False,False,True,0.17,Low,15794560
601,26,8,78892.23,1,1,1,23703.52,0,False,False,False,0.06,Low,15626485
820,29,3,82344.84,1,0,1,115985.38,0,False,False,False,0.02,Low,15703143
667,48,2,0.0,1,1,0,43229.2,0,False,False,True,0.36,Medium,15809772
573,44,4,0.0,1,1,1,94862.93,0,False,True,False,0.33,Medium,15687959
755,62,1,127706.33,2,0,1,142377.69,0,False,False,True,0.08,Low,15585282
552,41,9,124349.34,1,1,0,135635.25,0,False,False,False,0.21,Low,15714993
598,44,8,0.0,2,1,0,148487.9,0,False,True,True,0.06,Low,15596021
576,28,1,119336.29,2,0,1,58976.85,0,True,False,True,0.03,Low,15646615
670,31,9,0.0,1,0,1,76254.83,0,False,False,False,0.06,Low,15742632
504,56,9,104217.3,1,0,0,55857.48,1,True,False,True,0.89,High,15574068
778,65,7,0.0,1,1,1,77867.23,0,False,False,False,0.07,Low,15806967
558,39,10,144757.02,1,1,0,22878.16,1,True,False,True,0.9,High,15796334
627,44,6,0.0,1,1,1,114469.55,0,False,True,True,0.37,Medium,15688713
683,43,8,0.0,1,1,0,96754.8,0,False,False,True,0.18,Low,15796179
556,43,6,0.0,3,0,0,125154.57,1,False,False,False,0.96,High,15598751
583,38,10,0.0,2,0,1,113597.64,0,False,False,False,0.03,Low,15703019
705,24,7,100169.51,1,1,0,121408.55,0,False,False,False,0.01,Low,15646302
637,33,2,145731.83,1,0,1,109219.43,0,False,False,True,0.06,Low,15680855
697,56,5,110802.03,1,1,1,50230.31,1,False,True,True,0.72,High,15697311
555,46,4,120392.99,1,1,0,177719.88,1,True,False,False,0.96,High,15585367
594,26,6,135067.52,2,0,0,131211.86,0,True,False,False,0.01,Low,15726556
632,31,3,136556.44,1,1,0,82152.83,1,False,True,True,0.7,Medium,15676242
551,38,10,0.0,2,1,1,216.27,0,False,False,False,0.07,Low,15684198
687,35,3,99587.43,1,1,1,1713.1,1,False,False,False,0.65,Medium,15774882
672,53,7,0.0,1,1,1,136910.18,0,False,False,False,0.37,Medium,15714227
521,34,7,70731.07,1,1,1,20243.97,1,False,True,False,0.67,Medium,15608653
686,35,2,109342.82,2,0,1,86043.27,0,True,False,True,0.02,Low,15784280
639,28,8,0.0,2,1,0,126561.07,0,False,True,True,0.0,,15789546
850,66,4,0.0,2,0,1,64350.8,0,False,False,True,0.0,,15590320
465,25,2,78247.31,2,1,1,10472.31,0,False,False,True,0.03,Low,15678385
817,55,10,117561.49,1,1,0,95941.55,1,False,False,False,0.92,High,15571778
578,23,10,88980.32,1,1,1,125222.36,0,False,False,True,0.03,Low,15657085
611,34,4,0.0,2,1,0,170950.58,0,False,True,True,0.03,Low,15640627
616,41,1,103560.57,1,1,0,236.45,1,True,False,False,0.72,High,15566211
517,37,5,113308.84,1,0,1,31517.16,0,False,False,True,0.02,Low,15669293
637,40,6,0.0,2,1,1,181610.6,0,False,True,False,0.0,,15595067
806,32,3,63763.49,1,1,0,156593.09,0,False,False,False,0.05,Low,15753566
633,29,7,169988.35,1,1,0,4272.0,0,False,False,False,0.07,Low,15650391
624,35,0,180303.24,2,1,0,163587.9,0,True,False,False,0.06,Low,15681843
691,52,3,0.0,1,1,0,175843.68,1,False,False,True,0.99,High,15814846
819,49,1,120656.86,4,0,0,166164.3,1,True,False,False,0.94,High,15670374
568,31,1,61592.14,2,1,1,61796.64,0,True,False,False,0.03,Low,15762332
806,48,4,164701.68,1,1,1,21439.49,0,False,False,True,0.08,Low,15700223
726,26,1,80780.16,1,1,1,19225.85,0,False,True,False,0.09,Low,15729956
552,36,8,0.0,2,0,0,132547.02,0,False,False,True,0.01,Low,15594862
755,30,6,154221.37,2,0,1,62688.55,0,True,False,False,0.06,Low,15598782
634,26,8,0.0,1,1,0,21760.96,0,False,False,True,0.02,Low,15745080
756,26,5,101641.14,2,0,1,154460.68,0,False,False,False,0.02,Low,15703399
776,37,2,0.0,1,0,1,8065.0,0,False,False,True,0.05,Low,15732175
649,45,5,92786.66,1,1,0,173365.9,1,False,False,False,0.92,High,15630725
595,32,8,131081.66,2,1,1,69428.79,0,True,False,True,0.0,,15640260
646,30,5,98014.74,1,1,1,12757.14,0,False,False,True,0.0,,15716822
592,38,8,0.0,2,1,0,180426.2,0,False,True,True,0.02,Low,15583748
574,26,8,97460.1,1,1,1,43093.67,0,False,False,True,0.03,Low,15605968
850,36,1,104077.19,2,0,1,68594.0,0,False,False,True,0.07,Low,15790683
850,29,1,0.0,2,1,1,197996.65,0,False,True,False,0.01,Low,15607713
475,46,10,0.0,2,0,0,122953.0,1,False,False,False,0.73,High,15700212
642,39,4,0.0,1,1,1,76821.24,0,False,False,False,0.02,Low,15626710
710,51,4,93656.95,1,0,1,141400.51,1,False,True,False,0.73,High,15716491
596,30,6,121345.88,4,1,0,41921.75,1,False,True,True,0.8,High,15625824
609,39,8,141675.23,1,0,1,175664.25,0,False,False,False,0.05,Low,15617705
797,31,8,0.0,2,1,0,117916.63,0,False,True,False,0.0,,15761976
504,43,7,102365.49,1,1,0,194690.77,1,True,False,False,0.81,High,15634891
735,50,9,0.0,1,0,0,166677.35,1,False,True,True,0.9,High,15744517
680,30,3,0.0,1,1,0,160131.58,0,False,True,False,0.1,Low,15686963
449,52,6,0.0,2,0,1,123622.0,0,False,False,True,0.24,Low,15808189
685,57,7,101868.51,1,0,1,113483.96,0,True,False,True,0.16,Low,15580845
569,38,8,0.0,2,0,0,79618.79,0,False,True,True,0.05,Low,15799156
631,35,9,112392.45,2,1,0,24472.23,0,False,False,True,0.01,Low,15694296
595,25,7,106570.34,2,0,1,177025.79,0,True,False,False,0.05,Low,15677049
461,28,8,0.0,1,1,1,103349.74,0,False,False,False,0.01,Low,15583595
630,50,1,81947.76,1,0,1,63606.22,1,False,False,True,0.65,Medium,15590146
661,31,7,144162.3,2,1,1,14490.79,0,False,False,False,0.07,Low,15801548
796,39,5,86350.87,2,0,0,105080.53,0,True,False,True,0.02,Low,15660833
710,47,5,158623.14,1,0,0,83499.89,1,False,False,True,0.81,High,15762277
741,32,8,0.0,2,1,0,143598.7,0,False,False,True,0.0,,15791302
606,48,4,132403.56,1,0,0,36091.91,1,True,False,True,0.97,High,15798975
747,27,10,0.0,2,0,0,13007.89,0,False,False,True,0.01,Low,15599956
549,43,3,134985.66,1,1,0,6101.41,0,True,False,False,0.3,Low,15577274
576,36,6,0.0,2,1,1,48314.0,0,False,False,True,0.01,Low,15701200
528,37,6,103772.45,1,1,0,197111.99,0,False,False,True,0.18,Low,15638149
535,33,2,133040.32,1,1,1,110299.78,0,False,False,True,0.03,Low,15786199
575,37,0,0.0,2,0,0,30114.32,0,False,True,False,0.01,Low,15701765
656,39,10,0.0,2,1,1,98894.64,0,False,False,True,0.02,Low,15586974
440,42,2,0.0,2,1,0,49826.68,0,False,False,True,0.38,Medium,15729040
539,38,8,71460.67,2,1,1,10074.05,0,False,True,True,0.08,Low,15788676
850,39,6,133214.13,1,0,1,20769.88,0,False,True,True,0.07,Low,15602497
646,37,7,96558.66,1,0,0,163427.18,0,False,False,False,0.12,Low,15701333
744,54,6,93806.31,2,0,1,140068.77,0,False,False,True,0.1,Low,15812071
710,36,8,0.0,2,0,0,83206.19,0,False,True,False,0.01,Low,15634375
544,64,3,124043.8,1,1,1,111402.97,1,False,False,False,0.71,High,15738267
723,52,5,131694.97,1,0,1,92873.5,1,True,False,True,0.86,High,15786800
507,29,6,0.0,2,0,1,94780.9,0,False,True,False,0.0,,15591130
787,35,1,106266.8,1,1,1,16607.15,0,False,False,False,0.03,Low,15720662
598,41,8,0.0,2,1,1,161954.43,0,False,True,True,0.0,,15751531
796,51,6,0.0,2,0,1,194733.28,0,False,False,True,0.06,Low,15653595
569,41,4,139840.36,1,1,1,163524.7,0,False,True,False,0.05,Low,15568360
711,34,8,0.0,2,0,0,48260.19,0,False,False,True,0.0,,15781210
661,35,8,124098.54,1,1,0,86678.48,0,True,False,True,0.28,Low,15668058
415,32,5,145807.59,1,1,1,3064.65,0,False,False,True,0.02,Low,15597131
578,23,8,0.0,2,1,0,112124.98,0,False,True,True,0.0,,15697283
611,26,2,107508.93,2,1,1,120801.65,0,False,False,False,0.04,Low,15640953
600,28,6,0.0,2,0,1,52193.23,0,False,False,False,0.0,,15715031
661,32,1,145980.23,1,0,1,56636.28,0,True,False,False,0.03,Low,15589660
850,37,3,212778.2,1,0,1,69372.88,0,False,False,False,0.19,Low,15769818
573,47,4,152522.47,1,0,1,164038.07,1,True,False,False,0.82,High,15782736
764,33,9,168964.77,1,0,1,118982.51,0,False,True,False,0.03,Low,15614818
838,34,8,0.0,2,1,0,27472.07,0,False,False,False,0.02,Low,15794014
821,28,8,0.0,1,1,1,36754.13,0,False,False,False,0.04,Low,15732448
607,36,4,98266.3,1,1,1,46416.36,0,False,True,False,0.06,Low,15723411
558,38,8,113000.92,1,1,1,152872.39,0,False,False,True,0.04,Low,15797686
530,23,1,137060.88,2,1,1,165227.23,0,True,False,True,0.0,,15605950
654,37,5,112146.12,1,1,0,75927.35,0,True,False,True,0.23,Low,15812497
530,33,4,129307.32,1,1,1,172930.28,0,False,False,False,0.05,Low,15690678
656,69,6,163975.09,1,1,1,36108.5,0,False,True,True,0.1,Low,15747677
520,43,7,0.0,2,1,1,36202.74,0,False,True,True,0.02,Low,15618926
602,42,6,158414.85,1,1,1,131886.46,0,True,False,False,0.11,Low,15673908
701,48,1,92072.68,1,1,1,133992.36,0,True,False,False,0.28,Low,15727944
653,30,2,88243.29,2,1,1,96658.26,0,False,True,False,0.02,Low,15807294
668,25,8,0.0,2,1,1,135112.09,0,False,True,True,0.0,,15618581
652,48,4,59486.31,1,1,0,163944.18,1,False,False,True,0.94,High,15584364
639,54,2,0.0,2,1,1,53843.71,0,False,True,False,0.02,Low,15599552
730,52,7,0.0,2,0,1,122398.84,0,False,True,False,0.04,Low,15749177
780,34,1,0.0,1,1,1,64804.04,0,False,False,True,0.02,Low,15718779
592,38,8,119278.01,2,0,1,19370.73,0,False,False,False,0.07,Low,15568106
628,34,4,158741.43,2,1,1,126192.54,0,False,False,True,0.02,Low,15779481
658,40,7,140596.95,1,0,1,135459.02,1,False,False,False,0.73,High,15709994
850,29,10,0.0,2,1,1,94815.04,0,False,True,False,0.03,Low,15772777
515,37,2,90432.92,1,1,1,188366.04,1,True,False,True,0.7,Medium,15706815
571,35,1,104783.81,2,0,1,178512.52,0,False,False,False,0.04,Low,15618018
760,42,0,77992.97,2,1,1,97906.38,0,True,False,True,0.06,Low,15671032
720,43,10,110822.9,1,0,0,72861.94,0,True,False,False,0.34,Medium,15634281
632,42,4,119624.6,2,1,1,195978.86,0,True,False,True,0.02,Low,15766374
694,31,6,109052.59,2,1,1,19448.93,1,True,False,True,0.04,Low,15600991
559,40,5,139129.44,1,0,1,32635.54,0,False,True,False,0.08,Low,15777576
773,42,8,152324.66,2,1,0,171733.22,0,True,False,False,0.03,Low,15742613
581,38,1,0.0,2,1,0,46176.22,0,False,False,True,0.01,Low,15649523
524,37,9,127480.58,2,1,0,179634.69,0,True,False,False,0.12,Low,15651063
713,53,6,115029.4,1,0,0,191521.32,1,False,False,True,0.87,High,15683124
676,40,8,114005.78,1,1,1,67998.45,0,False,False,True,0.01,Low,15618314
651,42,1,116646.76,1,1,0,44731.8,1,True,False,False,0.59,Medium,15670823
717,49,1,110864.38,2,1,1,124532.9,1,False,True,False,0.69,Medium,15607133
594,23,5,156267.59,1,1,0,160968.44,0,False,False,True,0.03,Low,15615012
716,44,3,109528.28,1,1,0,27341.63,1,False,False,False,0.8,High,15725141
668,35,6,102482.76,1,1,1,53994.64,0,False,False,False,0.05,Low,15623560
678,23,10,115563.71,1,1,1,91633.53,0,True,False,True,0.01,Low,15693018
545,23,2,0.0,2,1,0,189613.12,0,False,False,True,0.03,Low,15636756
613,40,9,95624.36,2,1,1,60706.33,0,False,False,False,0.08,Low,15647474
687,21,8,0.0,2,1,1,154767.34,0,False,True,False,0.0,,15576714
715,28,7,160376.61,1,0,0,196853.11,0,False,False,True,0.09,Low,15585047
618,41,8,37702.79,1,1,1,195775.48,0,True,False,True,0.09,Low,15743976
721,35,6,118273.83,1,0,1,3086.89,0,False,False,False,0.08,Low,15793881
445,34,7,131082.17,2,1,1,70618.0,0,True,False,False,0.09,Low,15576517
690,38,1,94456.0,2,0,1,55034.02,0,False,False,True,0.0,,15631072
709,43,8,0.0,2,0,0,168035.62,1,False,False,False,0.72,High,15730394
671,42,3,0.0,2,1,1,128449.33,0,False,True,False,0.01,Low,15631460
538,33,6,93791.38,1,1,1,199249.29,0,False,False,True,0.05,Low,15692002
735,33,4,0.0,2,1,0,149474.69,0,False,False,False,0.0,,15595282
592,37,7,0.0,2,1,1,126726.33,0,False,False,False,0.0,,15789548
747,61,7,155973.13,1,0,1,147554.26,0,False,False,True,0.07,Low,15758035
675,36,7,89409.95,1,1,1,149399.7,0,True,False,True,0.01,Low,15617518
632,39,5,97854.37,2,1,0,93536.38,0,False,True,False,0.05,Low,15651802
621,39,6,0.0,2,1,1,58883.91,0,False,False,True,0.01,Low,15631813
521,29,3,60280.62,1,1,0,154271.41,0,False,True,True,0.06,Low,15729668
591,36,7,135216.8,1,1,1,122022.89,0,False,True,True,0.01,Low,15741728
706,28,6,124923.35,2,1,1,50299.14,0,True,False,False,0.0,,15576676
677,38,4,0.0,2,1,0,187800.63,0,False,False,True,0.01,Low,15711378
769,27,7,188614.07,1,1,0,171344.09,0,True,False,True,0.09,Low,15765520
771,32,5,62321.62,1,1,1,40920.59,0,False,False,True,0.01,Low,15656726
601,48,8,120782.7,1,1,0,63940.68,1,True,False,False,0.91,High,15647842
670,42,1,115961.58,2,0,1,29483.87,0,False,False,False,0.15,Low,15719309
517,28,2,115062.61,1,1,0,179056.23,0,False,False,True,0.0,,15748718
834,49,8,160602.25,2,1,0,129273.94,0,False,False,False,0.27,Low,15594404
571,42,4,108825.34,3,1,0,55558.51,1,False,False,False,0.99,High,15751158
576,36,8,166287.85,1,1,1,23305.85,0,True,False,False,0.04,Low,15593470
718,31,1,152663.77,1,0,1,17128.64,0,False,False,False,0.02,Low,15695129
636,31,9,80844.69,2,1,1,74641.9,0,True,False,False,0.02,Low,15640865
566,40,2,97001.36,2,1,0,154486.01,0,True,False,False,0.18,Low,15714080
711,64,4,0.0,2,1,1,3185.67,0,False,False,True,0.03,Low,15648721
574,39,2,122524.61,2,1,0,88463.63,0,False,False,False,0.08,Low,15801466
619,35,8,132292.63,1,1,0,65682.93,0,False,False,False,0.05,Low,15750248
588,24,0,0.0,2,1,1,140586.08,0,False,False,False,0.01,Low,15758726
760,49,9,91502.99,1,1,0,117232.9,1,True,False,False,0.94,High,15781553
665,52,3,0.0,1,1,0,116137.01,1,False,False,True,0.95,High,15649121
739,29,3,59385.98,2,1,1,105533.96,0,True,False,True,0.0,,15674811
641,77,9,0.0,3,1,1,81514.06,0,False,False,True,0.24,Low,15646037
685,21,6,97956.5,1,1,1,164966.27,0,True,False,False,0.05,Low,15722578
594,49,4,0.0,2,1,1,23631.55,0,False,False,False,0.14,Low,15665695
557,40,4,0.0,2,0,1,105433.53,0,False,True,False,0.1,Low,15801062
697,27,8,141223.68,2,1,0,90591.15,0,False,False,True,0.04,Low,15662955
656,18,10,151762.74,1,0,1,127014.32,0,False,False,True,0.05,Low,15770309
712,43,1,141749.74,2,0,1,90905.26,0,True,False,True,0.14,Low,15657386
689,38,5,75075.14,1,1,1,8651.92,1,False,True,True,0.67,Medium,15777797
697,25,4,165686.11,2,1,0,15467.98,0,False,False,False,0.01,Low,15783955
589,38,2,0.0,1,1,0,79915.28,0,False,False,True,0.35,Medium,15804516
525,25,10,0.0,2,1,0,69361.95,0,False,True,False,0.04,Low,15681758
680,44,3,0.0,2,1,0,86935.08,0,False,False,True,0.02,Low,15630321
617,28,0,0.0,2,1,1,7597.83,1,False,False,False,0.07,Low,15588248
680,32,5,92961.61,1,1,0,116957.6,0,False,False,True,0.01,Low,15591932
662,30,9,0.0,2,0,1,157884.83,0,False,True,False,0.0,,15810347
736,46,5,130812.91,1,1,1,77981.54,1,True,False,True,0.8,High,15595303
657,57,8,107174.58,1,1,1,126369.55,1,True,False,True,0.82,High,15634950
350,54,1,152677.48,1,1,1,191973.49,1,False,True,True,0.59,Medium,15685372
617,30,3,132005.77,1,1,0,142940.39,0,False,False,True,0.0,,15745827
562,35,7,0.0,1,0,0,48869.67,0,False,False,True,0.06,Low,15755868
705,23,5,0.0,2,1,1,73131.73,0,False,True,False,0.02,Low,15735222
516,33,7,127305.5,1,1,1,120037.36,0,False,False,False,0.0,,15604804
573,37,6,0.0,2,1,0,193995.37,0,False,False,False,0.01,Low,15718944
538,31,0,0.0,2,0,0,179453.66,0,False,True,False,0.0,,15678626
699,39,9,0.0,1,1,0,80963.92,0,False,False,True,0.04,Low,15571550
504,32,8,170291.22,2,0,1,15658.99,0,True,False,True,0.06,Low,15723053
583,47,5,102562.23,1,1,0,92708.1,0,False,True,True,0.1,Low,15661528
712,53,2,111061.01,2,0,0,26542.17,0,False,True,True,0.3,Low,15754177
626,62,3,0.0,1,1,1,65010.74,0,False,True,True,0.12,Low,15683544
631,34,4,124379.14,1,1,0,106892.91,0,False,False,False,0.02,Low,15708048
663,37,7,0.0,1,1,1,185210.63,0,False,False,False,0.1,Low,15701109
506,41,3,57745.76,1,1,0,4035.46,0,True,False,False,0.06,Low,15600110
570,50,5,129293.74,1,1,0,177805.44,1,True,False,False,0.94,High,15651533
703,45,7,0.0,2,1,1,68831.72,0,False,False,False,0.02,Low,15777904
698,40,8,150777.1,1,1,0,114732.62,0,True,False,False,0.13,Low,15655574
731,41,4,0.0,2,1,0,22299.27,0,False,True,True,0.04,Low,15569423
625,34,6,0.0,2,0,0,197283.2,0,False,False,True,0.05,Low,15718106
634,31,9,108632.48,1,1,1,179485.96,1,False,True,True,0.65,Medium,15585067
616,59,5,153861.1,1,1,1,17699.48,0,False,False,True,0.06,Low,15675501
500,56,1,100374.58,1,1,0,118490.8,1,False,False,True,0.94,High,15633233
446,32,8,0.0,2,0,0,133292.94,0,False,False,True,0.0,,15667134
669,47,9,61196.54,1,1,0,58170.24,0,False,False,False,0.54,Medium,15659105
581,31,6,116891.72,1,1,0,107137.3,0,True,False,True,0.06,Low,15575409
704,54,6,133656.91,3,1,0,145071.33,1,True,False,False,0.98,High,15752342
748,44,2,92911.52,1,0,1,85495.24,0,False,False,True,0.26,Low,15654851
680,31,9,119825.75,2,1,1,101139.3,0,False,True,False,0.02,Low,15741429
655,37,7,111852.84,2,1,0,10511.13,0,False,False,False,0.09,Low,15682356
690,32,0,106683.52,2,1,1,137916.49,0,True,False,True,0.02,Low,15806447
695,40,7,139022.24,1,0,1,193383.13,0,True,False,True,0.41,Medium,15800229
700,40,4,148571.07,1,1,0,189826.96,1,True,False,False,0.66,Medium,15663441
773,52,4,0.0,1,0,1,144113.42,0,False,False,True,0.24,Low,15791991
749,42,1,129776.72,2,0,1,143538.51,0,False,False,True,0.05,Low,15775082
611,46,5,0.0,1,1,0,77677.14,1,False,False,False,0.86,High,15579706
606,46,8,0.0,2,1,1,183717.94,0,False,True,False,0.02,Low,15718247
554,24,10,0.0,1,0,0,92180.62,0,False,False,True,0.06,Low,15755722
567,37,7,0.0,2,1,1,28690.9,0,False,False,False,0.0,,15582259
559,24,3,114739.92,1,1,0,85891.02,1,False,True,True,0.75,High,15716994
594,41,2,122545.65,2,1,1,42050.24,0,True,False,True,0.19,Low,15586880
513,37,6,0.0,2,1,0,110142.34,0,False,False,False,0.01,Low,15713854
652,26,1,131908.35,1,1,1,179269.79,0,True,False,False,0.11,Low,15780835
680,42,7,105722.69,1,1,1,90558.24,1,True,False,False,0.81,High,15675896
784,33,10,0.0,2,1,0,162022.47,0,False,True,True,0.01,Low,15658459
812,44,8,0.0,3,1,0,66926.83,1,False,True,False,0.92,High,15658057
784,40,8,0.0,2,1,0,108891.3,0,False,True,False,0.03,Low,15801767
570,18,4,82767.42,1,1,0,71811.9,0,False,False,False,0.05,Low,15569178
712,42,1,87842.98,1,0,0,92223.59,0,False,False,False,0.15,Low,15731478
705,39,6,133261.13,1,1,1,78065.9,0,False,True,True,0.02,Low,15811236
681,32,3,0.0,2,1,1,59679.9,0,False,True,False,0.02,Low,15746749
620,41,0,97925.11,1,1,0,85000.32,0,False,False,True,0.04,Low,15662758
711,52,5,0.0,1,1,1,159808.95,0,False,False,True,0.39,Medium,15709387
613,24,7,140453.91,1,1,0,129001.3,0,False,False,False,0.08,Low,15572093
613,20,0,117356.19,1,0,0,113557.7,1,True,False,False,0.68,Medium,15713826
682,36,5,0.0,2,1,1,147758.51,0,False,True,True,0.0,,15570205
850,37,4,137204.77,1,1,1,28865.59,0,False,True,True,0.04,Low,15589348
601,41,1,0.0,2,0,1,160607.06,0,False,False,False,0.03,Low,15804610
595,35,8,0.0,1,1,0,100015.79,1,False,True,True,0.82,High,15700854
675,36,3,54098.18,2,0,1,54478.52,0,False,True,True,0.01,Low,15758836
591,31,8,0.0,1,1,1,141677.33,0,False,True,True,0.2,Low,15772933
602,23,7,113758.48,2,0,0,84077.6,0,False,False,True,0.03,Low,15809006
554,34,8,0.0,1,0,1,106981.03,0,False,True,False,0.05,Low,15689612
541,37,9,118636.92,1,1,1,73551.44,0,False,False,True,0.02,Low,15744614
506,34,7,0.0,2,0,0,115842.1,0,False,False,True,0.0,,15704250
814,44,8,95488.82,2,0,0,107013.59,0,True,False,True,0.11,Low,15700255
683,30,8,110829.52,2,0,0,24938.84,0,False,False,True,0.01,Low,15669410
485,51,7,144244.59,2,1,0,51113.14,0,True,False,True,0.26,Low,15807595
696,31,8,122021.92,2,1,0,33828.64,0,True,False,False,0.06,Low,15664523
608,30,8,0.0,2,1,0,128875.86,0,False,False,False,0.01,Low,15642833
792,50,9,0.0,4,1,1,194700.81,1,False,False,True,0.93,High,15605279
686,22,5,0.0,2,1,0,158974.45,0,False,True,True,0.02,Low,15713644
790,42,1,85839.62,1,1,0,198182.73,0,True,False,True,0.13,Low,15750466
654,29,4,96974.97,1,0,1,141404.07,0,False,False,False,0.02,Low,15739054
452,35,4,148172.44,1,1,1,4175.68,0,False,False,True,0.03,Low,15612771
719,38,0,0.0,1,1,0,126876.47,0,False,True,True,0.12,Low,15788483
707,40,5,0.0,2,1,0,41052.82,0,False,False,False,0.05,Low,15732832
699,49,2,0.0,1,0,0,105760.01,0,False,False,False,0.41,Medium,15772892
850,30,2,0.0,2,0,1,27937.12,0,False,True,True,0.01,Low,15713843
828,28,8,134766.85,1,1,0,79355.87,0,False,True,True,0.08,Low,15567993
850,30,5,123210.56,2,1,1,102180.27,0,True,False,True,0.01,Low,15617603
712,47,1,139887.01,1,1,1,95719.73,0,False,True,True,0.11,Low,15744983
634,44,9,149961.11,1,1,0,57121.51,0,False,False,True,0.41,Medium,15630419
730,45,6,152880.97,1,0,0,162478.11,0,True,False,True,0.29,Low,15738828
685,43,9,108589.47,2,0,1,194808.51,0,True,False,True,0.0,,15778025
809,33,9,0.0,1,1,1,124045.65,0,False,True,True,0.02,Low,15799479
707,35,3,56674.48,1,1,0,17987.4,1,False,True,False,0.77,High,15684269
648,32,8,0.0,1,1,0,133653.38,0,False,True,True,0.22,Low,15762745
760,57,1,0.0,2,1,1,25101.17,0,False,True,False,0.03,Low,15746970
805,33,3,105663.56,2,0,1,33330.89,0,True,False,False,0.11,Low,15725024
585,39,7,0.0,2,1,0,2401.26,0,False,False,False,0.03,Low,15592116
595,30,5,100683.54,1,1,1,178361.04,0,False,True,False,0.1,Low,15624391
630,42,6,0.0,2,1,0,162697.93,0,False,False,True,0.03,Low,15567422
627,29,5,139541.58,2,1,0,80607.33,0,True,False,True,0.03,Low,15612627
631,37,2,121801.72,2,0,1,23146.62,0,True,False,False,0.05,Low,15574879
776,38,5,112281.7,1,0,1,89893.6,0,True,False,True,0.13,Low,15745107
676,36,4,0.0,2,1,1,3173.31,0,False,True,False,0.02,Low,15734491
758,40,5,93499.82,2,0,0,123218.81,0,False,True,False,0.06,Low,15675320
637,33,0,132255.99,2,0,1,74588.41,0,False,False,True,0.05,Low,15643824
850,20,7,0.0,2,1,0,31288.77,0,False,False,True,0.03,Low,15643438
601,44,4,0.0,2,1,0,58561.31,0,False,True,False,0.24,Low,15721730
735,49,5,121973.28,1,1,0,148804.36,0,False,False,True,0.59,Medium,15680727
614,32,7,99462.8,2,1,1,51117.06,0,True,False,True,0.0,,15752508
672,21,3,165878.76,2,1,1,164537.17,0,True,False,False,0.0,,15808846
642,30,8,117494.27,1,0,0,61977.82,0,False,False,True,0.02,Low,15727251
633,29,0,138577.34,1,1,0,193362.99,0,True,False,False,0.07,Low,15663489
769,39,9,0.0,1,1,1,47722.79,0,False,True,True,0.05,Low,15683677
796,41,8,107525.07,1,1,0,18510.41,0,False,True,True,0.04,Low,15596414
715,23,7,139224.92,2,1,0,65057.71,0,False,False,True,0.06,Low,15730639
695,42,7,121453.63,1,0,0,46374.64,0,False,False,False,0.14,Low,15672132
747,25,4,0.0,2,0,1,42039.67,0,False,False,False,0.0,,15742638
584,54,1,77354.37,1,0,0,138192.98,1,True,False,False,0.93,High,15578603
476,40,6,0.0,1,1,1,22735.45,0,False,False,True,0.18,Low,15726088
850,39,7,79259.99,1,0,1,186910.74,0,False,False,False,0.09,Low,15682533
529,30,2,116295.29,1,1,0,75285.47,0,False,False,True,0.0,,15772995
584,59,1,0.0,1,0,1,130260.11,1,False,True,False,0.41,Medium,15765694
586,34,9,74309.81,1,1,0,15034.93,0,True,False,True,0.1,Low,15659486
674,34,2,152797.9,1,1,0,175709.4,1,True,False,True,0.66,Medium,15568963
552,42,9,133701.07,2,1,0,101069.71,1,False,False,True,0.66,Medium,15703820
601,33,7,114430.18,2,1,1,153012.13,0,True,False,False,0.02,Low,15569410
541,29,7,127504.57,1,0,0,86173.92,0,False,False,True,0.0,,15632256
744,41,2,84113.41,1,1,0,197548.63,0,True,False,False,0.12,Low,15724466
595,23,10,101126.66,2,0,0,37042.8,0,False,True,False,0.04,Low,15777639
724,33,5,103564.83,2,1,0,121085.72,0,True,False,True,0.02,Low,15802501
533,52,7,0.0,1,0,1,194113.99,1,False,True,False,0.93,High,15778410
618,37,2,168178.21,2,0,1,101273.23,0,False,False,True,0.01,Low,15670702
523,39,1,143903.11,1,1,1,118711.75,1,True,False,False,0.77,High,15704763
642,30,5,129753.69,1,1,0,582.53,0,True,False,False,0.48,Medium,15645544
584,35,9,0.0,2,1,0,192381.21,0,False,False,True,0.01,Low,15757646
521,38,5,110641.18,1,0,1,136507.69,1,False,False,True,0.08,Low,15701121
662,36,4,166909.2,2,1,0,138871.12,1,False,False,False,0.69,Medium,15796313
758,34,1,154139.45,1,1,1,60728.89,0,False,False,False,0.02,Low,15815660
717,38,7,97459.06,1,0,0,189175.71,0,False,False,True,0.03,Low,15602844
611,40,1,0.0,2,1,1,102547.56,0,False,False,True,0.01,Low,15636238
766,43,6,112088.04,2,1,1,36706.56,0,True,False,True,0.2,Low,15770101
636,34,3,0.0,2,1,1,44756.25,0,False,False,False,0.03,Low,15645543
814,48,7,0.0,2,1,1,132870.15,0,False,False,False,0.02,Low,15596397
760,28,1,141038.57,2,0,0,16287.38,0,False,True,True,0.1,Low,15770525
607,39,2,84468.67,2,1,1,121945.42,0,True,False,True,0.04,Low,15684267
725,36,4,118520.26,1,0,0,131173.9,1,False,True,False,0.04,Low,15689980
600,37,1,142663.46,1,0,1,88669.89,0,False,False,True,0.0,,15633260
656,27,4,118627.16,2,1,1,160835.3,0,True,False,True,0.0,,15756471
640,34,1,137523.02,1,0,0,24761.36,0,False,True,True,0.08,Low,15721303
439,28,7,110976.23,2,1,0,138526.96,0,False,False,True,0.01,Low,15802256
549,38,8,107283.4,1,0,0,157442.75,0,False,False,False,0.06,Low,15725664
622,38,5,0.0,2,0,0,105295.77,0,False,False,True,0.0,,15674851
715,34,4,124314.45,1,0,0,97782.92,0,False,False,True,0.01,Low,15701946
657,41,5,95858.37,1,1,1,68255.88,0,False,False,False,0.02,Low,15748947
703,36,2,0.0,2,1,0,108790.95,0,False,False,True,0.01,Low,15673342
802,33,8,0.0,2,1,0,143706.18,0,False,False,True,0.0,,15601008
793,36,0,0.0,1,0,0,148993.47,0,False,True,False,0.12,Low,15771636
554,35,6,117707.18,2,0,0,95277.15,1,False,False,False,0.63,Medium,15642002
533,38,1,135289.33,2,0,1,152956.33,0,False,True,True,0.07,Low,15693381
658,36,8,174060.46,1,1,1,94925.62,0,False,False,True,0.02,Low,15607691
713,40,3,114446.84,2,1,1,87308.18,0,True,False,True,0.17,Low,15589380
711,37,2,0.0,2,1,0,83978.86,1,False,True,True,0.71,High,15603846
669,25,1,157848.53,1,0,0,37543.93,1,False,False,True,0.6,Medium,15753549
439,43,8,0.0,1,0,1,104889.3,0,False,False,False,0.14,Low,15725355
763,37,6,0.0,2,1,1,149705.25,0,False,True,False,0.0,,15773017
697,74,3,108071.36,2,1,1,16445.79,0,True,False,False,0.07,Low,15625641
702,35,8,14262.8,2,1,0,54689.16,0,False,True,False,0.17,Low,15776467
686,41,7,102749.72,1,0,1,194913.86,0,False,True,True,0.06,Low,15746451
629,36,1,161757.87,2,1,1,146371.72,0,False,True,True,0.02,Low,15777922
823,38,1,0.0,2,1,0,156603.7,0,False,False,True,0.03,Low,15606841
683,35,5,95698.79,1,0,1,182566.76,0,True,False,False,0.26,Low,15757648
555,37,9,124969.13,1,1,0,60194.05,0,False,False,True,0.03,Low,15677173
647,44,4,93960.35,1,1,0,36579.53,1,True,False,True,0.8,High,15764170
714,51,4,88308.87,3,0,0,5862.53,1,False,False,False,0.95,High,15610446
850,39,10,0.0,2,1,1,143030.09,0,False,True,False,0.06,Low,15612776
713,59,3,0.0,2,1,1,62700.08,0,False,False,False,0.0,,15794122
452,30,7,112935.87,1,1,1,99017.34,0,False,False,True,0.01,Low,15774931
683,24,8,98567.1,1,1,0,187987.01,0,False,True,False,0.03,Low,15779247
577,26,1,180530.51,1,0,0,123454.62,0,False,False,False,0.39,Medium,15707078
552,33,5,140931.57,1,0,1,10921.5,0,False,False,True,0.03,Low,15605263
769,31,7,148913.72,2,1,0,53817.23,0,True,False,False,0.17,Low,15607381
691,38,7,0.0,2,0,0,81617.4,0,False,False,True,0.0,,15683471
818,49,2,0.0,1,0,1,192298.84,1,False,False,False,0.57,Medium,15605037
739,41,5,0.0,2,0,0,143882.25,0,False,False,True,0.02,Low,15576085
639,50,6,115335.32,2,1,1,53130.41,0,False,False,False,0.14,Low,15770435
651,65,0,0.0,2,1,1,190454.04,0,False,False,False,0.06,Low,15592994
779,26,0,0.0,2,0,1,111906.0,0,False,False,False,0.02,Low,15624068
850,33,7,134678.13,1,1,0,113177.95,0,True,False,False,0.06,Low,15595221
829,38,9,0.0,2,1,0,30529.88,0,False,False,True,0.0,,15637131
579,31,2,90547.48,2,1,1,18800.13,0,True,False,True,0.0,,15613471
510,32,9,103324.78,1,1,1,46127.7,0,False,False,True,0.0,,15583499
531,29,3,114590.58,1,0,0,75585.48,0,False,False,True,0.01,Low,15752816
628,36,3,91286.51,1,1,0,63085.94,0,True,False,False,0.22,Low,15804075
633,32,5,163340.12,2,1,1,74415.2,0,False,True,True,0.01,Low,15800517
714,45,8,150900.29,2,0,1,139889.15,0,False,True,True,0.1,Low,15712319
604,23,9,124577.33,1,1,1,7267.25,0,False,True,True,0.02,Low,15797389
630,35,1,0.0,2,0,0,186826.22,0,False,True,True,0.0,,15621432
850,31,4,91292.7,1,1,1,162149.07,0,False,True,False,0.02,Low,15779390
788,57,8,93716.72,1,1,1,180150.49,1,True,False,False,0.84,High,15711219
798,37,4,111723.08,1,1,1,83478.12,0,False,False,False,0.02,Low,15770498
770,45,4,110765.68,1,1,0,26163.74,1,True,False,True,0.8,High,15678727
569,25,9,173459.45,2,1,1,44381.06,0,True,False,True,0.02,Low,15573893
425,22,7,169649.73,2,0,1,136365.0,1,False,True,False,0.66,Medium,15740104
547,31,9,0.0,2,0,0,99294.22,0,False,True,False,0.0,,15792649
725,45,8,116917.07,1,0,0,173464.43,1,True,False,True,0.83,High,15605275
506,37,5,0.0,2,1,1,127543.81,0,False,False,True,0.0,,15572467
632,36,7,0.0,2,1,1,52526.65,0,False,False,False,0.01,Low,15738219
620,22,0,0.0,1,1,0,32589.45,0,False,False,True,0.02,Low,15600710
663,32,8,130627.66,1,1,0,47161.25,1,True,False,True,0.25,Low,15804394
700,46,5,56580.95,2,0,1,45424.13,0,False,True,False,0.11,Low,15694188
696,38,6,142316.14,1,1,1,8018.49,0,True,False,True,0.37,Medium,15583718
767,31,6,0.0,2,1,1,195668.0,0,False,True,True,0.0,,15802478
561,56,7,152759.0,2,1,0,133167.11,1,False,False,True,0.87,High,15619343
350,39,0,109733.2,2,0,0,123602.11,1,True,False,True,0.73,High,15758813
706,54,9,117444.51,1,1,1,186238.85,0,False,False,True,0.15,Low,15761374
464,34,5,76001.57,1,1,1,158668.87,0,False,True,False,0.09,Low,15569209
501,34,3,107747.57,1,1,0,9249.36,0,False,False,False,0.03,Low,15788539
745,35,8,0.0,2,1,1,116581.1,0,False,True,False,0.0,,15747222
587,36,1,134997.49,2,1,0,44688.08,0,False,False,False,0.05,Low,15769346
667,48,2,0.0,2,1,1,148608.39,0,False,False,False,0.01,Low,15699634
737,36,9,0.0,1,0,1,188670.9,1,False,False,True,0.72,High,15589076
485,30,7,0.0,1,1,0,107067.37,0,False,True,False,0.12,Low,15812338
590,37,0,64345.21,1,0,1,61759.33,1,False,True,False,0.73,High,15758845
518,35,8,141665.63,1,0,1,192776.64,0,True,False,False,0.14,Low,15685844
581,29,8,0.0,2,1,0,46735.19,0,False,True,False,0.01,Low,15583090
785,33,5,136624.6,2,1,1,169117.74,0,True,False,False,0.03,Low,15587581
799,52,4,161209.66,1,1,1,89081.41,0,False,False,False,0.55,Medium,15633640
698,38,10,95010.92,1,1,1,105227.86,0,False,True,True,0.01,Low,15573741
730,41,4,167545.32,1,1,0,128246.81,0,False,False,False,0.1,Low,15633574
740,36,4,109044.6,1,0,0,94554.74,1,True,False,False,0.73,High,15711455
785,47,9,122031.55,1,1,1,33823.5,1,False,False,False,0.75,High,15570601
527,29,2,27755.97,1,1,0,97468.44,1,False,True,False,0.8,High,15690925
544,29,1,118560.55,1,1,1,164137.36,0,False,False,False,0.08,Low,15709338
705,61,4,0.0,2,1,1,191313.7,0,False,False,True,0.01,Low,15780746
684,34,9,0.0,2,1,1,65257.57,0,False,False,True,0.0,,15681956
639,28,8,97840.72,1,1,1,178222.77,0,False,True,False,0.06,Low,15778190
565,38,2,158651.29,2,1,1,179445.28,0,True,False,False,0.05,Low,15786852
481,44,9,175303.06,1,1,0,65500.53,1,False,False,True,0.6,Medium,15726494
731,25,8,96950.21,1,1,0,97877.92,0,False,True,True,0.01,Low,15641183
607,45,7,123859.6,1,0,1,113051.57,0,False,False,True,0.16,Low,15805312
760,32,7,0.0,2,1,1,105969.05,0,False,False,False,0.0,,15636572
559,70,9,0.0,1,1,1,122996.76,0,False,False,False,0.06,Low,15632575
715,33,3,85227.84,1,1,1,68087.15,0,False,False,False,0.0,,15740164
656,36,8,97786.08,2,0,1,21478.36,0,False,False,True,0.02,Low,15574947
652,33,7,128135.99,1,1,0,158437.73,0,True,False,True,0.07,Low,15597909
624,33,6,0.0,2,0,0,76551.7,0,False,True,True,0.0,,15782574
634,36,2,85996.19,1,1,0,15887.68,0,False,True,True,0.01,Low,15734999
850,50,10,0.0,2,1,1,33741.84,0,False,True,False,0.13,Low,15706593
659,39,1,104502.11,1,1,0,20652.69,0,True,False,False,0.27,Low,15766686
529,35,5,95772.97,1,1,1,112781.5,0,False,True,True,0.02,Low,15590268
572,31,5,98108.79,1,0,1,119996.95,0,False,True,True,0.0,,15763055
640,39,9,131607.28,4,0,1,6981.43,1,True,False,True,0.94,High,15664754
770,55,9,63127.41,2,1,0,185211.28,1,False,True,True,0.59,Medium,15643630
648,35,7,0.0,2,1,1,78436.36,0,False,True,True,0.0,,15641043
579,31,9,0.0,1,0,1,139048.0,0,False,False,True,0.06,Low,15768095
589,36,9,140355.56,2,1,0,136329.96,0,True,False,False,0.22,Low,15811314
530,36,2,0.0,2,1,1,14721.8,0,False,True,False,0.02,Low,15669922
831,30,2,0.0,2,0,1,3430.38,0,False,False,True,0.0,,15707114
790,24,7,107418.27,1,0,1,160450.21,0,True,False,True,0.07,Low,15670602
656,35,6,0.0,2,1,0,1485.27,0,False,False,True,0.0,,15713479
563,32,6,0.0,2,1,1,19720.08,0,False,True,True,0.0,,15663830
667,39,7,167557.12,1,1,1,41183.02,0,False,True,True,0.05,Low,15566958
613,34,8,117300.02,1,1,0,139410.08,0,False,True,True,0.02,Low,15680918
429,60,7,0.0,2,1,1,163691.48,0,False,False,True,0.15,Low,15663921
665,23,9,143672.9,1,1,1,115147.33,0,False,False,False,0.03,Low,15716324
731,33,4,0.0,2,1,1,74945.11,0,False,False,True,0.0,,15796969
584,37,1,0.0,2,1,1,180363.56,0,False,False,False,0.05,Low,15574783
634,31,8,76798.92,1,0,0,196021.73,0,True,False,False,0.08,Low,15773487
488,34,3,0.0,2,1,1,125979.36,0,False,False,True,0.0,,15802486
535,49,7,115309.75,1,1,0,111421.77,0,False,True,False,0.19,Low,15783398
776,29,7,178171.04,2,1,1,115818.51,0,False,False,False,0.05,Low,15649418
850,38,3,0.0,2,0,1,179360.76,0,False,True,False,0.01,Low,15604588
673,37,0,0.0,2,0,0,82351.06,0,False,True,False,0.06,Low,15735428
850,45,5,127258.79,1,1,1,192744.23,1,True,False,False,0.83,High,15629078
627,30,6,0.0,1,1,1,113408.47,0,False,True,False,0.04,Low,15806880
570,33,8,0.0,1,1,1,124641.42,0,False,False,False,0.01,Low,15754999
796,67,5,0.0,2,0,1,54871.02,0,False,True,True,0.0,,15781034
773,33,10,0.0,1,1,1,98820.09,0,False,True,False,0.06,Low,15622017
752,36,2,0.0,2,1,1,45570.84,0,False,True,True,0.0,,15705885
625,69,1,107569.96,1,1,1,182336.45,0,False,True,False,0.07,Low,15677382
535,20,9,134874.4,1,1,1,118825.56,0,True,False,True,0.01,Low,15566843
786,29,4,0.0,2,1,0,103372.79,0,False,False,False,0.0,,15608387
620,67,3,0.0,2,1,1,43486.73,0,False,False,False,0.01,Low,15810786
605,48,6,0.0,2,1,1,40062.99,0,False,True,False,0.03,Low,15626983
670,32,3,0.0,2,1,0,46175.7,0,False,True,False,0.03,Low,15773605
617,42,0,70105.87,1,1,1,120830.73,0,False,True,True,0.1,Low,15811261
595,41,9,0.0,2,1,0,5967.09,0,False,False,True,0.01,Low,15590606
687,29,4,78939.15,1,1,0,122134.56,1,True,False,False,0.69,Medium,15576644
757,30,6,105128.85,2,1,1,62972.13,0,True,False,True,0.03,Low,15750264
746,31,2,113836.27,1,1,1,174815.54,0,False,True,True,0.04,Low,15741554
503,25,7,0.0,1,0,1,192841.13,0,False,True,True,0.16,Low,15769051
543,48,1,100900.5,1,0,0,33310.72,1,True,False,True,0.94,High,15812198
428,40,3,129248.11,2,1,0,72876.43,1,True,False,False,0.73,High,15699772
768,28,3,109118.05,2,0,1,50911.41,0,False,False,False,0.0,,15744105
618,56,7,0.0,1,1,1,142400.27,1,False,False,True,0.8,High,15739858
591,31,7,0.0,2,0,1,48778.46,0,False,False,False,0.01,Low,15723720
658,35,5,126397.66,1,0,0,156361.58,1,False,False,False,0.15,Low,15638355
625,36,9,108546.16,3,1,0,133807.77,1,False,False,True,0.91,High,15805637
717,36,2,148061.89,1,1,0,179128.69,1,False,False,True,0.17,Low,15629575
667,44,8,122277.87,1,1,1,91810.71,0,False,False,True,0.04,Low,15586243
804,24,3,0.0,2,1,0,173195.33,0,False,False,True,0.01,Low,15757931
693,31,1,0.0,2,0,1,182270.88,0,False,False,True,0.0,,15716023
729,36,8,152899.24,2,1,0,177130.33,0,True,False,True,0.01,Low,15647782
484,54,3,134388.11,1,0,0,49954.79,1,True,False,True,0.96,High,15716609
632,40,3,109740.62,1,1,0,141896.74,0,False,True,False,0.08,Low,15623791
536,23,6,92366.72,2,1,0,120661.71,0,True,False,True,0.01,Low,15627262
573,26,4,129109.02,1,0,0,149814.68,1,False,False,False,0.62,Medium,15652693
655,56,5,0.0,2,1,1,41782.7,0,False,True,False,0.02,Low,15586993
666,74,7,105102.5,1,1,1,46172.47,0,True,False,True,0.08,Low,15815560
726,30,5,111375.32,2,1,0,2704.09,0,True,False,True,0.02,Low,15584930
523,39,3,0.0,2,1,0,6726.53,0,False,False,True,0.0,,15799031
728,33,9,150412.14,2,1,0,170764.08,0,True,False,False,0.05,Low,15810457
701,30,3,156660.72,2,1,0,45742.42,0,False,False,True,0.05,Low,15697879
518,38,3,90957.81,1,0,1,162304.59,0,False,False,True,0.11,Low,15594902
739,37,7,104960.46,1,0,1,80883.82,0,False,False,True,0.01,Low,15799710
531,31,7,117052.82,1,1,0,118508.09,1,True,False,False,0.7,Medium,15659651
452,44,3,88915.85,1,1,0,69697.74,0,False,True,True,0.38,Medium,15645956
684,45,6,148071.39,1,1,0,183575.01,0,False,False,True,0.09,Low,15651713
728,39,6,152182.83,1,0,0,161203.6,0,True,False,True,0.08,Low,15737265
783,39,9,0.0,2,1,0,143752.77,0,False,True,True,0.01,Low,15687310
734,22,5,130056.23,1,0,0,121894.31,1,False,False,True,0.69,Medium,15607347
648,34,3,95039.73,2,1,1,147055.87,0,True,False,True,0.01,Low,15698321
688,52,1,0.0,2,1,1,172033.57,0,False,False,True,0.03,Low,15657812
680,35,9,0.0,2,0,0,143774.06,0,False,True,True,0.0,,15569187
516,43,2,112773.73,2,1,1,139366.58,0,False,False,False,0.09,Low,15681562
680,37,10,123806.28,1,1,0,81776.84,1,False,False,False,0.61,Medium,15615456
604,53,8,144453.75,1,1,0,190998.96,1,False,False,True,0.87,High,15589793
624,27,9,94667.29,2,0,1,4470.52,0,True,False,True,0.01,Low,15781884
623,21,10,0.0,2,0,1,135851.3,0,False,False,True,0.0,,15675190
624,51,5,174397.21,2,1,1,172372.63,0,False,True,True,0.23,Low,15600734
565,58,3,108888.24,3,0,1,135875.51,1,True,False,False,0.94,High,15779176
565,55,4,118803.35,2,1,1,128124.7,1,False,False,True,0.76,High,15605286
710,54,6,171137.62,1,1,1,167023.95,1,False,False,True,0.2,Low,15674922
645,42,6,0.0,1,0,0,149807.01,0,False,False,True,0.17,Low,15737506
707,33,8,136678.52,1,1,0,54290.62,0,False,False,True,0.02,Low,15780514
655,36,1,135515.76,1,1,0,86013.96,0,False,True,False,0.05,Low,15623647
705,24,5,177799.83,2,0,0,79886.06,0,False,True,False,0.09,Low,15668472
358,52,8,143542.36,3,1,0,141959.11,1,False,True,False,0.97,High,15692416
578,34,8,147487.23,2,1,0,66680.77,0,True,False,True,0.08,Low,15771139
800,40,5,97764.41,1,1,0,98640.15,1,False,False,False,0.75,High,15738318
612,33,9,0.0,1,0,0,142797.5,1,False,False,False,0.36,Medium,15772243
681,48,8,139480.18,1,1,1,163581.67,0,True,False,False,0.14,Low,15638463
559,25,5,0.0,2,1,1,163221.22,0,False,True,True,0.0,,15598088
488,39,9,140553.46,1,0,0,12440.44,0,False,True,False,0.09,Low,15693468
717,36,5,0.0,2,1,1,145551.6,0,False,False,False,0.0,,15671930
666,41,10,141162.08,1,1,0,50908.48,0,False,False,False,0.12,Low,15762268
582,26,4,65848.36,2,1,0,30149.21,0,False,True,True,0.02,Low,15780954
733,30,0,83319.28,1,0,0,57769.2,0,False,True,False,0.05,Low,15700174
693,41,4,0.0,2,0,0,156381.47,0,False,False,True,0.04,Low,15635728
694,33,4,129731.64,2,1,0,178123.86,0,False,False,False,0.02,Low,15679283
622,35,5,0.0,2,1,0,51112.8,0,False,False,False,0.0,,15591386
598,38,6,0.0,2,0,0,173783.38,0,False,True,False,0.0,,15694192
717,35,1,0.0,3,0,0,174770.14,1,False,True,True,0.9,High,15585901
494,37,5,107106.33,2,1,0,172063.09,0,True,False,True,0.03,Low,15792329
644,33,8,0.0,2,1,1,155294.17,0,False,False,True,0.0,,15635597
554,30,9,0.0,2,1,1,40320.3,0,False,False,False,0.0,,15775880
476,69,1,105303.73,1,0,1,134260.34,0,False,True,False,0.18,Low,15630913
667,28,6,165798.1,1,1,0,147090.9,0,False,False,True,0.02,Low,15756680
748,40,4,0.0,2,1,0,132368.47,0,False,True,False,0.01,Low,15587913
531,45,1,126495.57,2,1,1,164741.5,0,False,True,False,0.13,Low,15737605
719,47,9,116393.59,1,1,0,63051.32,1,False,True,False,0.73,High,15627876
845,41,2,81733.74,2,0,0,199761.29,0,True,False,False,0.08,Low,15772601
738,54,4,0.0,1,0,1,55725.04,1,False,False,True,0.84,High,15758606
563,46,8,106171.68,1,1,0,163145.5,1,False,True,False,0.8,High,15657107
695,28,0,96020.86,1,1,1,57992.49,0,False,True,True,0.04,Low,15622454
841,41,1,0.0,2,0,1,193093.77,0,False,True,True,0.01,Low,15775803
626,36,2,181671.16,2,1,1,57531.14,0,True,False,True,0.01,Low,15570859
613,29,6,185709.28,2,1,1,77242.19,0,False,False,False,0.02,Low,15748381
824,60,8,134250.17,3,0,0,153046.16,1,True,False,True,0.96,High,15787189
705,49,7,0.0,1,1,0,63405.2,1,False,False,False,0.94,High,15666055
584,44,5,95671.75,2,1,1,106564.88,0,False,False,False,0.05,Low,15617648
534,62,2,0.0,2,0,0,42763.12,1,False,False,True,0.84,High,15755678
672,34,1,142151.75,2,1,1,168753.34,0,False,False,False,0.01,Low,15624781
603,43,5,127823.93,1,1,1,19483.35,0,False,False,True,0.07,Low,15779497
633,43,3,144164.29,1,1,1,158646.46,0,True,False,True,0.08,Low,15567399
842,58,1,63492.94,1,1,1,83172.19,0,False,False,True,0.07,Low,15613656
661,27,3,0.0,2,1,1,76889.79,0,False,False,False,0.0,,15734311
601,74,2,0.0,2,0,1,51554.58,0,False,False,True,0.0,,15657214
632,41,0,106134.46,1,0,1,105570.39,0,False,False,True,0.11,Low,15799350
684,29,8,127269.75,1,0,1,79495.01,0,True,False,True,0.03,Low,15729970
785,32,3,124493.03,2,0,1,52583.79,1,True,False,False,0.77,High,15725835
687,39,7,0.0,2,1,0,26848.25,0,False,False,True,0.0,,15745543
705,43,10,146547.78,1,0,1,10072.55,1,True,False,False,0.81,High,15727384
639,43,6,99610.92,2,1,0,187296.78,0,False,False,True,0.06,Low,15666916
729,46,5,117837.43,1,1,0,104016.61,1,True,False,True,0.96,High,15732917
556,48,8,168522.37,1,1,1,151310.16,0,False,True,False,0.17,Low,15612050
570,32,9,117337.54,2,0,1,62810.91,0,False,False,True,0.0,,15726267
841,74,9,108131.53,1,0,1,60830.38,0,False,False,True,0.06,Low,15780124
705,35,4,136496.12,2,1,0,116672.02,0,True,False,True,0.01,Low,15742238
553,32,3,116324.53,1,1,0,77304.49,0,False,False,True,0.01,Low,15679024
779,40,2,75470.23,1,1,1,52894.01,0,True,False,False,0.09,Low,15715297
696,28,4,172646.82,1,1,1,116471.43,0,False,False,True,0.0,,15633612
728,37,4,0.0,1,0,0,4539.38,0,False,True,False,0.12,Low,15602929
691,27,3,160358.68,2,1,0,142367.72,0,True,False,True,0.0,,15696703
706,30,3,98415.37,1,1,1,110520.48,0,False,False,True,0.01,Low,15756668
627,30,6,57809.32,1,1,0,188258.49,0,True,False,False,0.15,Low,15565779
716,18,3,128743.8,1,0,0,197322.13,0,True,False,False,0.07,Low,15795519
501,24,4,130806.42,2,1,0,80241.14,0,True,False,True,0.01,Low,15761477
601,41,1,123971.16,1,0,1,172814.99,0,False,False,True,0.04,Low,15731890
545,39,6,0.0,1,0,0,38410.74,1,False,True,False,0.84,High,15633043
634,45,9,0.0,2,0,0,17622.82,0,False,False,True,0.12,Low,15752953
451,23,9,0.0,2,0,1,48021.71,0,False,True,False,0.01,Low,15603088
655,59,7,0.0,1,1,0,88958.49,1,False,False,False,0.99,High,15606613
458,39,9,0.0,2,1,0,116343.09,0,False,False,False,0.03,Low,15635939
520,33,4,156297.58,2,1,1,166102.61,0,False,False,True,0.08,Low,15666043
624,28,2,0.0,2,0,1,104353.26,0,False,True,False,0.07,Low,15746190
765,51,3,123372.3,1,1,1,115429.32,0,False,False,True,0.05,Low,15591357
667,37,5,92171.35,3,1,0,178106.34,1,True,False,False,0.93,High,15658716
665,41,8,0.0,2,1,0,132152.32,0,False,True,True,0.0,,15679909
709,34,4,148375.19,2,1,1,21521.38,0,True,False,True,0.01,Low,15634262
583,44,8,0.0,2,1,1,27431.62,0,False,False,False,0.01,Low,15799825
782,34,6,147422.44,1,0,1,42143.61,0,False,True,True,0.03,Low,15756875
668,24,7,173962.32,1,0,0,106457.11,1,False,True,False,0.73,High,15678146
621,47,0,0.0,1,1,1,133831.37,1,False,False,True,0.81,High,15710743
579,64,6,145215.43,1,1,1,164083.72,0,True,False,False,0.6,Medium,15595831
547,38,5,167539.97,1,0,1,159207.34,0,False,False,False,0.02,Low,15626684
840,39,1,94968.97,1,1,0,84487.62,0,False,False,False,0.15,Low,15709846
667,27,3,106116.5,2,1,0,3674.71,0,True,False,False,0.05,Low,15635459
723,34,5,0.0,2,0,1,12092.03,0,False,False,True,0.01,Low,15642544
487,45,2,0.0,2,1,0,77475.73,0,False,False,True,0.08,Low,15566494
668,31,9,0.0,2,0,0,41291.73,0,False,False,False,0.04,Low,15655238
520,34,8,120018.86,2,1,1,343.38,0,True,False,True,0.04,Low,15733429
549,37,2,112541.54,2,0,0,47432.43,0,False,False,True,0.02,Low,15814536
567,35,5,166118.45,2,1,0,127827.18,0,False,False,False,0.11,Low,15771702
720,45,1,102882.4,2,1,1,35633.15,1,False,False,False,0.78,High,15723008
492,49,8,0.0,1,1,1,182865.09,1,False,False,False,0.82,High,15797160
712,37,1,106881.5,2,0,0,169386.81,0,False,False,False,0.07,Low,15792222
689,26,4,120727.97,1,0,1,149073.88,0,True,False,True,0.01,Low,15644765
850,63,8,169832.57,1,0,0,184107.26,1,False,False,True,0.96,High,15610686
747,41,5,0.0,2,1,1,22750.17,0,False,False,True,0.03,Low,15730868
469,38,9,113599.42,1,0,0,11950.29,0,True,False,True,0.46,Medium,15705991
539,38,6,0.0,1,1,1,152880.07,1,False,True,True,0.73,High,15577078
743,32,9,0.0,2,1,0,175252.78,0,False,False,True,0.01,Low,15679550
707,47,3,0.0,2,1,0,174303.29,0,False,False,True,0.0,,15787655
581,50,4,0.0,2,1,1,80701.72,0,False,True,False,0.05,Low,15668081
737,38,6,146282.79,2,1,0,198516.2,0,False,True,True,0.05,Low,15747980
445,38,6,119413.62,2,1,0,175756.36,0,True,False,False,0.21,Low,15710295
703,29,3,122084.63,1,0,1,82824.08,0,True,False,False,0.08,Low,15724443
588,35,1,103060.63,1,1,0,179866.01,1,True,False,False,0.72,High,15571305
765,44,6,0.0,2,1,1,159899.97,0,False,False,True,0.0,,15569503
626,33,8,0.0,2,1,0,138504.28,0,False,False,True,0.0,,15581840
545,37,9,110483.86,1,1,1,127394.67,0,True,False,True,0.04,Low,15772262
744,31,9,120718.28,1,1,1,58961.49,0,False,False,True,0.06,Low,15767794
658,31,2,36566.96,1,1,0,103644.98,1,False,True,False,0.77,High,15629338
629,28,8,108601.0,1,1,1,119647.7,0,True,False,True,0.0,,15790379
719,42,4,0.0,1,1,0,28465.86,1,False,False,False,0.81,High,15750684
686,36,5,0.0,2,1,1,152979.14,0,False,True,False,0.0,,15697214
743,36,4,0.0,2,1,1,190911.02,0,False,False,True,0.01,Low,15711015
626,48,2,0.0,2,1,1,95794.98,0,False,True,False,0.01,Low,15573309
661,44,1,141136.62,1,1,0,189742.78,1,True,False,True,0.78,High,15805303
710,45,9,108231.37,1,1,1,188574.08,0,True,False,True,0.53,Medium,15741385
654,40,6,0.0,1,0,0,183872.88,1,False,False,True,0.71,High,15780254
569,34,6,144855.34,1,0,0,196555.32,0,False,True,False,0.04,Low,15744843
640,63,2,68432.45,2,1,1,112503.24,1,False,False,True,0.64,Medium,15815626
562,45,6,136855.24,1,1,0,46864.0,0,False,False,True,0.12,Low,15784736
721,55,3,44020.89,1,1,0,65864.4,1,False,False,False,0.94,High,15813412
456,32,9,133060.63,1,1,1,125167.92,0,True,False,True,0.07,Low,15809143
811,39,7,0.0,2,1,1,177519.39,0,False,True,True,0.0,,15617617
534,24,1,0.0,1,1,1,169653.32,0,False,False,True,0.03,Low,15779738
423,36,5,97665.61,1,1,0,118372.55,1,False,False,False,0.68,Medium,15668669
594,28,5,185013.02,1,1,0,16481.12,0,True,False,True,0.07,Low,15687477
725,32,0,0.0,2,1,1,138525.19,0,False,True,False,0.02,Low,15578908
716,52,7,65971.61,2,1,0,14608.0,1,False,False,False,0.82,High,15687658
595,41,9,150463.11,2,0,1,81548.38,0,True,False,False,0.26,Low,15615020
679,33,1,0.0,2,0,0,69608.48,0,False,False,False,0.0,,15608886
667,39,9,0.0,2,1,0,68873.8,0,False,True,True,0.03,Low,15602551
661,37,5,136425.18,1,1,0,81102.81,0,False,False,False,0.05,Low,15672945
655,38,3,250898.09,3,0,1,81054.0,1,False,True,True,0.99,High,15757408
555,55,4,146798.81,1,1,1,74149.77,0,False,False,True,0.13,Low,15806132
531,70,1,0.0,2,0,0,99503.19,0,False,True,True,0.28,Low,15813022
611,40,7,128486.91,2,1,0,10109.47,0,True,False,False,0.07,Low,15673578
600,38,9,0.0,2,1,1,58855.85,0,False,False,False,0.0,,15757916
531,37,1,143407.29,2,0,1,84402.46,0,False,True,True,0.05,Low,15689168
601,43,2,0.0,1,1,0,49713.87,1,False,False,False,0.15,Low,15769216
548,57,6,76165.65,1,1,1,133537.53,0,False,False,True,0.1,Low,15593295
759,40,4,0.0,2,1,0,124615.59,0,False,False,True,0.02,Low,15804814
678,49,8,0.0,2,0,1,98090.69,0,False,True,False,0.03,Low,15778934
755,33,6,90560.3,2,1,1,42607.69,0,True,False,False,0.0,,15802351
594,61,3,62391.22,1,1,1,192434.11,0,False,False,True,0.14,Low,15630241
768,42,5,0.0,3,0,0,60686.4,0,False,False,True,0.22,Low,15719561
492,31,7,0.0,2,1,1,49463.44,0,False,False,False,0.0,,15615096
637,55,1,123378.2,1,1,0,81431.99,1,True,False,False,0.98,High,15659931
646,42,3,99836.47,1,0,1,22909.56,0,False,True,False,0.14,Low,15714586
593,74,5,161434.36,2,1,1,65532.17,0,True,False,True,0.06,Low,15634949
596,41,5,0.0,2,0,1,141053.85,0,False,True,True,0.0,,15589224
722,48,10,138311.76,1,1,1,3472.63,1,True,False,False,0.64,Medium,15795990
642,25,7,0.0,2,1,0,102083.78,0,False,False,True,0.0,,15603216
472,28,4,0.0,2,1,0,1801.77,0,False,True,False,0.16,Low,15631201
738,35,6,101744.84,1,0,0,85185.44,0,True,False,True,0.15,Low,15686255
732,33,8,0.0,1,1,0,119882.7,0,False,True,True,0.3,Low,15746594
404,54,4,125456.07,1,1,0,83715.66,1,True,False,False,0.91,High,15718893
701,44,7,0.0,2,1,0,23425.78,0,False,False,True,0.0,,15671609
683,31,2,0.0,2,0,1,77326.78,0,False,False,True,0.0,,15652540
460,27,7,0.0,2,1,0,156150.08,1,False,False,False,0.62,Medium,15774857
690,29,5,0.0,2,1,0,108577.97,0,False,False,True,0.0,,15791836
618,54,4,118449.21,1,1,1,133573.29,1,True,False,False,0.95,High,15651554
671,30,2,0.0,1,0,1,102057.86,0,False,False,True,0.01,Low,15583576
765,32,9,178095.55,1,0,0,47247.56,0,False,True,False,0.36,Medium,15732740
651,25,2,109175.14,2,1,0,114566.47,0,True,False,False,0.05,Low,15723320
704,32,7,127785.17,4,0,0,184464.7,1,False,False,True,0.87,High,15603851
544,45,6,0.0,2,0,1,151401.33,0,False,False,False,0.05,Low,15777923
790,40,9,0.0,2,1,1,70607.1,0,False,False,False,0.05,Low,15735719
710,34,9,134260.36,2,1,0,147074.67,0,True,False,True,0.06,Low,15703482
743,37,8,69143.91,2,0,1,105780.18,0,False,False,True,0.06,Low,15605835
702,34,4,100054.77,1,1,0,109496.45,0,False,False,True,0.04,Low,15664881
704,45,6,0.0,1,1,1,137739.45,0,False,False,False,0.09,Low,15757568
614,38,2,116248.88,1,1,0,105140.92,0,False,False,True,0.01,Low,15792660
609,43,6,86053.52,2,1,1,113276.46,1,False,True,False,0.65,Medium,15599722
688,32,6,123157.95,1,1,0,172531.23,0,False,False,False,0.05,Low,15726354
713,44,1,63438.91,1,1,0,64375.4,0,False,False,True,0.23,Low,15610355
736,57,9,95295.39,1,1,0,28434.44,1,True,False,True,0.91,High,15704284
727,18,4,133550.67,1,1,1,46941.41,0,False,False,True,0.01,Low,15621893
850,38,1,106871.81,2,1,0,29333.01,0,False,False,False,0.03,Low,15588219
718,45,3,105266.32,2,1,1,193724.51,0,False,True,True,0.15,Low,15688619
643,51,2,105229.53,1,1,0,34967.75,1,False,False,False,0.88,High,15765518
653,41,8,102768.42,1,1,0,55663.85,0,False,False,True,0.03,Low,15616931
674,18,7,0.0,2,1,1,55753.12,1,False,False,True,0.7,Medium,15758372
690,35,6,112689.95,1,1,0,176962.31,0,False,False,True,0.03,Low,15782591
819,38,9,122334.26,2,1,1,181507.44,0,False,False,True,0.03,Low,15612109
634,34,1,0.0,2,1,0,61995.57,0,False,True,True,0.0,,15613712
633,33,4,137847.41,2,1,0,98349.13,0,False,True,True,0.07,Low,15639322
850,49,5,122486.47,1,0,1,59748.19,0,False,False,True,0.12,Low,15594349
665,33,2,101286.11,1,1,1,159840.51,0,False,False,True,0.01,Low,15574167
630,26,7,0.0,2,1,1,6656.64,0,False,True,True,0.0,,15811842
836,57,4,101247.06,1,1,0,37141.62,1,False,True,True,0.69,Medium,15648794
668,38,10,86977.96,1,0,1,37094.75,0,False,False,True,0.07,Low,15771211
753,57,7,0.0,1,1,0,159475.08,1,False,False,True,0.92,High,15588614
745,55,9,110123.59,1,0,1,51548.14,1,False,False,False,0.3,Low,15630698
693,36,8,178111.82,1,0,0,58719.63,1,False,False,True,0.76,High,15694200
606,65,10,126306.64,3,0,0,7861.68,1,True,False,True,0.97,High,15721426
660,35,6,100768.77,1,1,0,19199.61,0,False,False,False,0.03,Low,15725997
608,42,5,0.0,2,1,0,178504.29,0,False,False,True,0.03,Low,15762138
744,44,3,0.0,2,1,1,189016.14,0,False,False,False,0.07,Low,15750649
731,40,7,118991.79,1,1,1,156048.64,0,False,False,False,0.09,Low,15685706
683,72,3,140997.26,1,0,1,52876.41,0,False,False,True,0.05,Low,15641835
727,28,5,0.0,2,0,1,19653.08,0,False,False,True,0.04,Low,15586821
561,32,6,166824.59,1,1,0,139451.98,0,True,False,True,0.06,Low,15569678
700,34,2,76322.69,1,1,0,128136.29,0,False,False,False,0.03,Low,15793842
605,35,6,0.0,2,1,1,45206.57,0,False,False,True,0.01,Low,15667554
767,77,8,149083.7,1,1,1,190146.83,0,False,True,True,0.07,Low,15794479
511,33,7,0.0,2,0,1,158313.87,0,False,False,True,0.01,Low,15585041
667,40,9,0.0,1,1,1,96670.2,0,False,False,True,0.05,Low,15780650
787,33,1,126588.81,2,0,1,62163.53,0,False,False,True,0.03,Low,15780846
705,56,2,143249.67,1,1,0,88428.41,1,True,False,False,0.87,High,15805260
773,43,8,81844.91,2,1,1,35908.46,0,True,False,True,0.02,Low,15621629
554,40,4,0.0,1,0,1,168780.04,0,False,False,True,0.12,Low,15662151
526,58,9,190298.89,2,1,1,191263.76,0,True,False,True,0.04,Low,15747174
661,35,2,117212.18,1,1,1,83052.03,0,True,False,True,0.13,Low,15651585
698,46,0,0.0,2,1,1,125962.02,0,False,False,False,0.05,Low,15649738
646,26,4,139848.17,1,1,0,164696.27,0,False,False,True,0.03,Low,15633108
757,34,9,101861.36,2,0,0,187011.96,0,True,False,False,0.09,Low,15769254
699,35,2,167455.66,2,1,1,55324.49,0,False,True,True,0.06,Low,15704746
667,24,4,0.0,2,0,1,34335.55,0,False,False,False,0.0,,15637644
774,43,1,116360.07,1,1,0,17004.14,0,False,True,False,0.27,Low,15609562
745,40,3,88466.82,1,0,0,116331.42,0,False,True,True,0.08,Low,15787459
649,42,7,0.0,2,0,1,22974.01,0,False,False,False,0.02,Low,15762902
634,46,5,123642.36,1,1,1,49725.16,1,True,False,False,0.88,High,15738605
665,38,9,0.0,1,0,1,87412.74,0,False,True,True,0.01,Low,15724889
713,38,9,72286.84,2,1,1,26136.89,0,False,False,True,0.07,Low,15730735
652,40,1,0.0,2,1,0,126554.96,0,False,False,False,0.01,Low,15689147
739,40,1,109681.61,1,1,1,193321.3,0,False,True,True,0.02,Low,15730397
556,37,9,145018.64,2,1,0,90928.02,1,True,False,True,0.6,Medium,15762169
699,34,8,0.0,1,1,1,76510.46,0,False,True,True,0.0,,15589320
708,32,8,187487.63,1,1,1,120115.5,0,False,True,False,0.07,Low,15799211
480,35,2,165692.91,1,1,1,197984.58,0,False,False,True,0.17,Low,15798310
700,59,5,137648.41,1,1,0,142977.05,1,True,False,False,0.91,High,15609998
525,47,6,118560.0,1,1,0,82522.61,1,False,True,False,0.36,Medium,15583548
845,33,8,164385.53,1,1,0,150664.97,0,False,False,True,0.04,Low,15761763
613,37,9,108286.5,1,1,1,114153.44,0,False,False,True,0.0,,15764409
850,34,2,0.0,2,1,1,171706.66,0,False,False,False,0.0,,15710161
798,58,9,0.0,2,0,0,119071.56,1,False,True,False,0.88,High,15735246
773,47,2,118079.47,4,1,1,143007.49,1,True,False,True,0.96,High,15791700
614,35,2,127283.78,1,1,1,31302.35,0,False,True,True,0.03,Low,15670753
473,48,8,0.0,2,1,0,71139.8,0,False,True,True,0.07,Low,15573876
762,29,6,141389.06,1,1,0,54122.89,0,False,False,True,0.1,Low,15770174
701,37,8,130091.5,1,1,1,120031.29,0,False,False,True,0.01,Low,15641114
600,35,4,143744.77,2,1,0,104076.51,0,False,False,True,0.02,Low,15682435
850,28,9,97408.03,1,1,1,175853.64,0,False,True,True,0.04,Low,15751788
613,30,9,111927.45,1,1,1,175795.87,0,False,True,True,0.02,Low,15672598
509,31,3,0.0,2,1,0,15360.91,0,False,False,True,0.0,,15762803
509,38,2,0.0,1,0,0,168460.12,0,False,True,True,0.07,Low,15812982
609,34,1,0.0,1,1,1,181177.9,0,False,False,True,0.05,Low,15597901
456,33,1,188285.68,1,0,0,58363.94,0,False,False,False,0.2,Low,15731507
728,46,2,109705.52,1,1,0,20276.87,1,False,False,False,0.9,High,15809826
663,33,9,0.0,2,0,0,91514.62,0,False,True,True,0.0,,15764237
673,34,1,127122.79,3,0,1,76703.1,0,True,False,False,0.85,High,15769917
717,40,0,98241.04,1,1,0,110887.14,0,False,False,True,0.06,Low,15641850
741,37,8,170840.08,2,0,0,109843.16,0,True,False,False,0.06,Low,15770974
498,41,4,87541.06,2,1,1,12577.21,1,True,False,False,0.17,Low,15803749
850,26,4,62610.96,2,0,1,179365.1,0,False,False,False,0.03,Low,15684999
493,36,9,0.0,2,1,1,65816.53,0,False,False,True,0.0,,15770225
686,47,5,113328.93,1,1,0,124170.9,0,False,False,False,0.22,Low,15627484
666,35,2,104832.49,1,1,0,175015.12,0,False,True,True,0.05,Low,15610337
733,31,9,102289.85,1,1,1,115441.66,0,False,True,False,0.0,,15752488
631,34,6,125227.82,2,0,1,128247.03,0,True,False,False,0.02,Low,15610056
714,49,5,140510.89,1,1,0,141914.94,0,True,False,False,0.31,Medium,15806049
767,35,6,132253.22,1,1,0,115566.57,1,True,False,False,0.29,Low,15736069
711,43,2,39043.29,2,1,1,175423.69,0,True,False,True,0.03,Low,15763662
722,34,8,0.0,2,1,1,133447.49,0,False,False,True,0.0,,15615575
631,55,9,99685.06,1,1,0,114474.98,0,False,True,True,0.19,Low,15691723
701,38,3,125385.49,2,0,1,52044.66,0,True,False,True,0.08,Low,15774098
790,46,2,131365.37,2,1,1,180290.68,0,False,True,True,0.08,Low,15750808
633,58,6,98308.51,1,1,1,132034.13,0,False,True,True,0.1,Low,15744368
644,37,8,0.0,2,1,0,20968.88,0,False,False,False,0.01,Low,15610594
757,44,5,140856.16,2,1,0,158735.1,0,False,True,True,0.07,Low,15756125
696,30,8,0.0,2,1,1,196134.44,0,False,False,False,0.0,,15623277
746,35,2,172274.01,1,1,0,22374.97,0,False,False,True,0.06,Low,15795954
649,36,8,0.0,2,1,0,161668.15,0,False,True,True,0.01,Low,15671969
565,38,0,122447.76,1,0,0,67339.34,0,False,True,True,0.22,Low,15791268
720,38,10,0.0,2,1,1,56229.72,1,False,False,False,0.64,Medium,15713655
648,56,6,157559.59,2,1,0,140991.23,1,False,True,False,0.96,High,15633930
632,41,3,126550.7,1,0,0,177644.52,1,True,False,True,0.45,Medium,15712849
622,30,2,158584.82,3,1,0,142342.55,1,False,False,False,0.95,High,15639077
835,28,2,163569.61,2,1,1,154559.28,0,False,False,True,0.01,Low,15808784
493,31,3,0.0,1,1,1,176570.28,1,False,False,False,0.26,Low,15648577
785,33,6,127211.45,1,0,0,191961.83,0,True,False,False,0.2,Low,15670345
681,42,3,118199.97,2,1,0,9452.88,1,True,False,True,0.66,Medium,15633112
621,30,2,101014.08,2,1,1,165257.31,0,True,False,False,0.0,,15714397
756,38,6,119208.85,1,1,0,169763.89,1,False,True,True,0.65,Medium,15780038
515,66,6,0.0,2,1,1,160663.11,0,False,False,False,0.05,Low,15756305
625,58,10,53772.73,1,1,1,192072.1,1,False,False,False,0.31,Medium,15578799
717,39,6,0.0,2,1,0,93275.61,0,False,True,False,0.0,,15800326
595,41,2,138878.81,1,0,1,112269.67,0,True,False,False,0.07,Low,15785485
539,37,1,130922.81,2,0,0,2186.83,0,False,True,False,0.03,Low,15783958
762,35,9,0.0,2,1,1,43075.7,0,False,False,True,0.0,,15727546
706,20,8,0.0,2,1,1,12368.11,0,False,True,True,0.02,Low,15739576
677,25,8,130866.19,1,1,0,42410.21,0,False,True,False,0.1,Low,15631333
733,33,7,187257.94,1,0,1,190430.81,0,True,False,False,0.18,Low,15604782
684,41,7,0.0,1,1,1,138394.37,0,False,True,False,0.06,Low,15589643
679,36,6,147733.64,1,0,1,172501.38,0,False,False,True,0.04,Low,15585533
478,43,1,0.0,2,1,1,197916.43,0,False,True,True,0.06,Low,15681506
696,33,2,163139.27,1,1,1,7035.36,0,False,False,True,0.04,Low,15630551
686,35,4,0.0,2,1,1,159676.55,0,False,True,False,0.0,,15698349
466,36,5,119540.15,1,0,1,80603.99,0,False,False,False,0.02,Low,15776631
686,41,4,129553.76,2,1,0,187599.8,0,False,False,False,0.01,Low,15762216
576,55,9,0.0,2,1,1,94450.97,0,False,False,True,0.1,Low,15623927
763,61,1,66101.89,1,1,1,143981.27,0,True,False,False,0.12,Low,15681402
572,43,2,140431.98,1,1,0,26450.57,1,False,False,True,0.81,High,15586264
757,49,2,0.0,2,0,0,164482.92,0,False,False,False,0.07,Low,15594685
582,29,0,0.0,1,1,1,84012.81,0,False,False,False,0.0,,15812945
623,35,5,0.0,2,1,0,101192.08,0,False,False,False,0.0,,15734628
617,37,4,116471.43,2,1,0,175324.74,1,True,False,False,0.85,High,15629323
425,39,4,0.0,2,1,0,197226.32,0,False,False,True,0.01,Low,15666823
659,56,9,123785.24,1,1,0,99504.03,1,False,False,False,0.95,High,15777553
605,33,4,0.0,2,0,1,83700.66,0,False,False,False,0.01,Low,15613097
538,38,8,88758.95,2,0,0,28226.15,1,False,False,False,0.04,Low,15622217
665,25,5,153611.83,2,1,0,35321.65,0,True,False,True,0.02,Low,15703588
491,57,4,112044.72,1,1,1,41229.73,1,True,False,False,0.9,High,15570835
726,27,7,123826.07,1,0,1,78970.58,0,False,True,False,0.02,Low,15679299
580,65,9,106804.26,3,1,0,107890.69,1,False,False,False,0.98,High,15808044
550,48,6,0.0,2,1,1,191870.28,0,False,False,False,0.12,Low,15579208
542,59,2,68892.77,2,1,0,7905.06,1,False,False,False,0.85,High,15684951
732,43,6,0.0,2,1,0,65731.53,0,False,False,False,0.06,Low,15667620
473,33,5,125827.43,1,0,1,145698.73,0,False,False,False,0.05,Low,15582960
745,34,9,0.0,2,1,0,50046.25,0,False,True,True,0.01,Low,15590730
732,36,7,0.0,2,1,1,60830.24,0,False,False,True,0.01,Low,15763747
848,40,5,148495.64,1,0,0,158853.98,0,True,False,False,0.08,Low,15778320
572,37,1,133043.66,1,0,0,111243.09,0,False,False,True,0.01,Low,15642787
702,45,9,74989.58,1,1,1,171014.69,0,False,False,True,0.06,Low,15624633
664,39,7,60263.23,1,1,0,170835.32,0,True,False,True,0.03,Low,15766765
630,50,3,129370.91,4,1,1,47775.34,1,True,False,True,0.98,High,15783615
618,44,5,157955.83,2,0,0,139297.71,0,True,False,True,0.18,Low,15640161
556,26,4,0.0,1,1,0,195167.38,0,False,False,True,0.09,Low,15619889
619,30,7,70729.17,1,1,1,160948.87,0,False,False,False,0.11,Low,15579166
644,48,8,0.0,2,0,1,44965.54,1,False,False,True,0.62,Medium,15789097
658,50,2,0.0,2,1,0,52137.73,0,False,True,True,0.02,Low,15674880
598,27,8,90721.52,2,1,0,109296.18,0,False,True,True,0.06,Low,15778157
677,27,2,0.0,2,1,1,20092.89,0,False,False,True,0.0,,15779064
689,45,0,57784.22,1,1,0,197804.0,1,False,True,False,0.91,High,15801265
591,33,9,131765.72,1,1,0,118782.06,0,False,False,True,0.03,Low,15589204
699,40,7,0.0,1,0,1,152876.13,1,False,False,True,0.77,High,15664543
749,47,9,110022.74,1,0,1,135655.29,1,True,False,True,0.95,High,15582714
709,40,9,131569.63,1,1,1,103970.58,0,False,False,False,0.06,Low,15797595
607,61,2,164523.5,2,1,1,35786.76,0,True,False,True,0.03,Low,15614034
650,25,2,114330.95,1,1,1,25325.07,0,True,False,False,0.02,Low,15763171
651,45,10,135923.16,1,1,0,18732.84,0,False,True,False,0.12,Low,15647266
676,61,8,0.0,2,1,1,118522.73,0,False,False,False,0.02,Low,15757577
723,49,4,0.0,2,0,1,89972.25,0,False,False,False,0.04,Low,15736656
714,45,0,124693.48,1,0,1,187194.15,0,False,True,True,0.27,Low,15635078
759,35,7,147936.42,1,1,1,106785.7,0,False,True,False,0.08,Low,15680141
582,29,0,0.0,1,1,0,142516.35,0,False,False,True,0.03,Low,15576945
697,34,2,126558.92,1,1,0,73334.43,0,False,False,False,0.04,Low,15602034
610,57,6,106938.11,2,0,1,186612.47,0,True,False,True,0.09,Low,15732020
488,33,4,140002.35,1,1,0,123613.81,0,True,False,False,0.05,Low,15611029
599,46,9,123444.72,1,1,1,31368.08,1,True,False,True,0.84,High,15621210
781,32,6,147107.91,1,1,1,40066.95,0,False,False,True,0.02,Low,15569222
645,19,9,128514.84,1,0,0,175969.19,0,False,False,True,0.03,Low,15664639
545,55,5,0.0,1,0,0,10034.77,1,False,False,False,0.97,High,15724223
597,40,9,106756.01,2,1,0,151167.94,0,True,False,False,0.09,Low,15644621
561,28,3,0.0,2,1,0,191387.76,0,False,True,False,0.01,Low,15756056
662,37,6,0.0,2,1,0,51229.17,0,False,False,False,0.02,Low,15700353
649,50,5,155393.32,1,1,1,87351.42,1,True,False,False,0.53,Medium,15624388
630,36,2,110414.48,1,1,1,48984.95,0,False,False,False,0.04,Low,15627212
672,33,2,0.0,2,1,1,182738.0,0,False,True,True,0.0,,15648005
636,37,9,157098.52,1,1,1,153535.27,0,True,False,False,0.08,Low,15681446
593,38,5,85626.6,1,1,1,125079.65,0,True,False,False,0.05,Low,15775888
545,45,6,93796.42,2,1,1,162321.26,0,True,False,True,0.06,Low,15749019
567,41,1,0.0,2,1,0,3414.72,0,False,True,False,0.02,Low,15709928
583,51,6,125268.03,2,1,0,165082.25,0,False,False,True,0.18,Low,15784676
681,29,2,148143.84,1,1,1,52021.39,0,False,False,False,0.03,Low,15748116
762,29,10,115545.33,2,1,0,148256.43,0,False,True,True,0.01,Low,15612193
648,35,7,0.0,2,0,0,122899.01,0,False,True,True,0.0,,15762984
644,30,5,44928.88,1,1,1,10771.46,0,False,False,True,0.03,Low,15613713
706,29,2,0.0,2,1,1,18255.51,0,False,True,True,0.02,Low,15664204
850,35,3,162442.35,1,1,0,183566.78,0,False,False,True,0.03,Low,15639415
484,39,5,0.0,2,1,1,175224.12,0,False,True,False,0.0,,15806332
508,28,0,96213.82,2,1,0,147913.56,0,True,False,True,0.01,Low,15614929
439,29,6,156569.43,1,1,0,180598.66,0,False,False,False,0.04,Low,15695492
484,36,8,0.0,2,1,0,186136.48,0,False,True,True,0.02,Low,15635972
803,37,1,0.0,2,0,0,7455.2,0,False,True,False,0.03,Low,15616380
724,48,6,110463.25,2,1,1,80552.11,1,True,False,False,0.39,Medium,15581440
640,33,7,154575.76,1,1,0,25722.28,1,False,False,True,0.59,Medium,15654390
701,35,9,0.0,2,0,0,170996.86,0,False,True,False,0.06,Low,15660688
537,37,3,0.0,2,1,1,20603.32,0,False,False,True,0.01,Low,15806307
651,26,5,147037.32,1,0,0,141763.26,0,True,False,True,0.04,Low,15647975
523,41,0,119276.31,1,0,0,122284.38,1,True,False,True,0.69,Medium,15595728
717,25,7,108664.85,2,1,0,190011.85,0,False,False,False,0.02,Low,15735388
593,44,5,0.0,1,1,0,128046.98,0,False,True,True,0.1,Low,15788535
706,38,5,163034.82,2,1,1,135662.17,0,True,False,True,0.04,Low,15765902
714,49,4,93059.34,1,1,0,7571.51,1,True,False,False,0.7,Medium,15642345
794,38,9,179581.31,1,1,0,23596.24,0,False,True,True,0.19,Low,15641250
518,46,4,113625.93,1,0,0,92727.42,1,True,False,True,0.97,High,15706163
589,55,7,119961.48,1,1,0,65156.83,1,True,False,True,0.96,High,15746708
824,45,3,129209.48,1,0,0,60151.77,0,False,False,True,0.27,Low,15775203
719,42,5,137227.04,3,1,0,149097.38,1,True,False,False,0.96,High,15787907
617,58,3,119024.75,2,1,0,35199.24,1,True,False,False,0.87,High,15646764
651,35,7,74623.5,3,1,0,129451.29,1,False,False,True,0.94,High,15678284
637,45,2,157929.45,1,1,1,145134.49,1,False,True,False,0.76,High,15726791
554,26,7,92606.86,2,1,0,192709.69,0,False,False,False,0.01,Low,15813144
731,35,2,127862.93,2,1,0,139083.7,0,True,False,True,0.01,Low,15669342
569,42,1,0.0,1,1,1,83629.6,1,False,True,False,0.69,Medium,15710366
625,37,4,142711.81,1,1,0,35625.41,0,True,False,False,0.16,Low,15614934
592,38,4,0.0,2,1,0,35338.96,0,False,False,False,0.05,Low,15588701
669,43,1,163159.85,1,0,1,15602.8,0,False,False,True,0.22,Low,15665438
663,32,3,108586.86,1,1,1,182355.21,0,True,False,True,0.06,Low,15644896
518,41,5,110624.99,1,1,0,89327.67,0,True,False,False,0.53,Medium,15670205
686,43,5,154846.24,2,1,1,151903.6,0,True,False,False,0.04,Low,15635776
709,45,4,122917.71,1,1,1,11.58,1,True,False,True,0.66,Medium,15791053
571,33,9,0.0,2,0,1,77519.62,0,False,False,False,0.0,,15644005
707,31,2,82787.93,2,0,0,91423.69,0,False,False,False,0.06,Low,15796343
701,32,5,102500.34,1,0,0,106287.77,0,True,False,True,0.09,Low,15751057
672,34,9,0.0,2,1,0,161800.77,0,False,False,True,0.0,,15623430
620,39,9,159492.79,1,1,0,80582.34,1,True,False,True,0.73,High,15682600
557,48,10,0.0,2,1,1,185094.48,0,False,True,True,0.03,Low,15769312
648,54,7,118241.02,1,1,0,172586.89,1,False,True,False,0.96,High,15708212
479,35,2,113090.4,1,1,0,195649.79,0,False,False,False,0.01,Low,15650258
730,22,9,65763.57,1,1,1,145792.01,0,False,False,False,0.07,Low,15604345
737,43,1,125537.38,1,1,0,138510.01,1,True,False,False,0.91,High,15578297
616,31,3,94263.91,2,1,0,168895.06,0,False,False,True,0.01,Low,15671789
639,29,4,133434.57,2,1,0,97983.44,0,False,True,True,0.02,Low,15726186
815,39,6,0.0,1,1,1,85167.88,0,False,True,False,0.1,Low,15764618
786,31,9,0.0,2,1,1,18210.36,0,False,True,True,0.0,,15730738
549,50,9,94748.76,2,0,1,13608.18,0,False,False,True,0.27,Low,15637650
622,38,4,98640.74,1,1,1,110457.99,0,False,False,False,0.03,Low,15606267
624,26,9,74681.9,2,0,0,31231.35,0,False,False,True,0.0,,15625904
841,34,4,0.0,2,1,0,141582.66,0,False,False,True,0.01,Low,15654463
614,41,7,179915.85,1,0,0,14666.35,1,False,True,False,0.78,High,15774151
676,30,1,128207.23,1,1,1,55400.17,0,False,False,True,0.02,Low,15693259
697,42,9,132739.26,2,0,0,174667.65,0,False,False,True,0.07,Low,15642468
732,40,10,0.0,2,1,0,154189.08,0,False,False,False,0.02,Low,15758531
623,27,4,120509.81,1,0,0,142170.44,0,False,False,True,0.0,,15728352
541,46,4,124547.13,2,1,0,94499.06,0,False,False,True,0.1,Low,15637240
773,39,4,0.0,2,0,1,182081.45,0,False,True,False,0.01,Low,15595588
762,34,4,88815.56,2,1,0,68562.26,1,True,False,True,0.63,Medium,15778395
655,35,1,82231.51,2,1,0,88798.02,0,False,True,False,0.02,Low,15711825
602,32,7,184715.86,2,1,0,113781.99,0,True,False,True,0.02,Low,15599251
850,31,3,0.0,2,1,0,121866.87,0,False,False,True,0.02,Low,15570004
649,51,4,0.0,1,1,1,150390.57,0,False,True,True,0.41,Medium,15656912
850,28,4,147972.19,1,1,0,60708.72,1,True,False,True,0.82,High,15657342
543,43,9,0.0,2,1,1,78858.07,0,False,False,True,0.0,,15716284
672,52,8,170008.84,1,0,0,56407.42,1,False,False,True,0.83,High,15672374
600,27,3,0.0,2,0,1,125698.97,0,False,False,False,0.0,,15732476
671,34,10,0.0,1,1,0,23235.38,0,False,True,False,0.17,Low,15747724
706,42,8,95386.82,1,1,1,75732.25,0,False,True,False,0.05,Low,15633877
541,51,7,90373.28,2,1,0,179861.79,0,True,False,True,0.25,Low,15672516
711,34,4,133467.77,2,1,1,42976.64,0,True,False,True,0.01,Low,15607827
630,30,3,0.0,2,0,1,10486.69,0,False,True,True,0.0,,15751336
531,31,3,96288.26,1,1,0,56794.73,0,False,False,True,0.0,,15646539
641,26,4,91547.84,2,0,1,28157.34,0,False,False,False,0.02,Low,15756901
631,37,8,138292.64,2,0,0,152422.91,1,True,False,True,0.77,High,15809286
685,35,9,0.0,1,1,0,167033.83,0,False,False,True,0.36,Medium,15759021
702,32,8,71667.74,1,1,1,126082.18,0,False,True,True,0.03,Low,15725039
708,43,0,118994.84,1,1,0,181499.77,1,True,False,False,0.89,High,15579130
653,55,7,0.0,2,1,1,41967.03,0,False,True,True,0.02,Low,15754112
654,37,2,145610.07,2,0,0,186300.59,0,True,False,True,0.07,Low,15735522
596,33,1,138162.81,1,1,0,85412.54,0,False,False,False,0.02,Low,15613326
549,31,9,135020.21,2,1,1,23343.18,0,True,False,False,0.01,Low,15739502
754,38,2,0.0,2,1,0,180698.32,0,False,False,True,0.09,Low,15670914
815,25,8,135161.67,1,1,1,136071.05,0,True,False,False,0.08,Low,15604073
556,52,9,0.0,1,1,0,175149.2,1,False,False,False,0.93,High,15806027
706,32,6,94486.47,1,1,1,146949.74,0,False,False,True,0.0,,15574886
850,46,9,117640.39,1,1,0,88920.68,0,False,False,True,0.21,Low,15707120
732,33,8,111379.55,1,1,1,45098.62,0,False,True,False,0.02,Low,15800845
614,40,6,0.0,1,1,1,20339.79,1,False,False,True,0.7,Medium,15603914
580,57,0,136820.99,1,0,1,108528.74,0,False,True,False,0.07,Low,15722765
593,46,7,98752.51,1,1,0,145560.38,0,False,False,False,0.65,Medium,15783305
653,25,2,158266.42,3,1,1,199357.24,0,True,False,False,0.25,Low,15574842
746,29,4,105599.67,1,1,1,43106.17,0,False,False,False,0.01,Low,15607837
662,29,10,0.0,2,1,0,137508.31,0,False,False,False,0.01,Low,15714877
573,31,2,0.0,2,1,1,91957.39,0,False,False,True,0.0,,15782941
684,39,4,139723.9,1,1,1,120612.11,0,False,True,False,0.04,Low,15630167
793,41,3,141806.46,1,1,0,102921.17,0,False,False,False,0.11,Low,15759038
798,49,5,132571.67,1,1,1,31686.33,1,True,False,False,0.93,High,15661821
524,40,2,180516.9,1,1,0,180002.42,0,False,False,True,0.08,Low,15728006
816,31,8,0.0,2,1,1,28407.4,0,False,False,True,0.0,,15712176
742,41,4,92805.72,1,0,1,73743.95,1,True,False,False,0.63,Medium,15689351
540,22,4,0.0,3,1,1,186233.26,1,False,False,True,0.74,High,15782247
537,39,3,135309.36,1,1,0,31728.86,1,True,False,True,0.85,High,15769064
759,74,6,128917.84,1,1,1,48244.64,0,False,True,False,0.04,Low,15718153
774,52,2,56580.93,1,1,0,113266.28,1,False,False,False,0.97,High,15613189
608,42,8,131390.75,2,1,0,71178.09,0,True,False,True,0.05,Low,15661734
704,37,4,0.0,2,0,0,25684.93,0,False,True,True,0.0,,15592645
581,41,8,0.0,2,0,0,29737.14,0,False,False,True,0.0,,15768387
628,61,1,97361.66,1,1,1,149922.38,1,True,False,False,0.77,High,15792525
566,42,6,0.0,1,1,0,180702.12,1,False,False,False,0.74,High,15586976
701,59,7,0.0,2,0,1,27597.59,0,False,True,True,0.04,Low,15790659
735,29,10,0.0,2,1,1,95025.27,0,False,True,True,0.02,Low,15691446
680,34,1,0.0,2,1,0,167035.07,0,False,False,False,0.0,,15772632
560,57,0,0.0,2,0,1,116781.71,0,False,False,True,0.05,Low,15706587
663,29,4,102714.65,2,0,0,21170.81,0,True,False,False,0.01,Low,15572461
665,34,5,67816.72,1,1,1,29641.58,0,False,False,False,0.05,Low,15654409
758,51,8,81710.46,1,1,1,116520.07,0,False,False,True,0.06,Low,15568025
621,26,2,75237.54,1,0,1,44220.4,0,False,False,True,0.05,Low,15715769
764,28,10,124023.18,1,1,0,166188.28,0,True,False,True,0.2,Low,15667458
537,46,5,100727.5,1,0,1,140857.76,1,True,False,False,0.89,High,15567980
589,46,10,107238.85,2,1,0,37024.28,0,False,False,False,0.11,Low,15679294
555,24,5,0.0,2,1,0,27513.47,0,False,False,True,0.0,,15606507
734,29,0,139994.66,1,1,0,17744.72,0,False,False,False,0.06,Low,15578825
783,59,9,126224.87,1,1,1,4423.63,0,False,True,False,0.33,Medium,15619935
678,51,1,145751.03,1,0,0,109718.44,1,True,False,False,0.96,High,15636089
661,47,5,0.0,1,0,1,107243.31,1,False,False,True,0.41,Medium,15727490
607,25,4,121166.89,1,0,1,115288.24,0,False,True,False,0.03,Low,15591766
537,38,1,0.0,2,0,1,41233.97,0,False,True,False,0.03,Low,15641629
513,88,10,0.0,2,1,1,52952.24,0,False,True,True,0.02,Low,15813303
576,63,9,70655.48,1,0,0,78955.8,1,False,False,True,0.89,High,15756920
660,41,1,129901.21,1,1,0,26025.6,1,True,False,True,0.81,High,15726403
637,40,8,125470.81,1,1,1,174536.17,0,False,False,True,0.0,,15592765
672,53,9,169406.33,4,1,1,147311.47,1,False,False,False,0.96,High,15704442
629,32,2,0.0,2,0,1,77965.44,0,False,False,True,0.0,,15641136
583,40,4,107041.3,1,1,1,5635.63,0,True,False,True,0.6,Medium,15725818
763,32,10,95153.77,1,0,1,81310.1,0,False,True,False,0.04,Low,15612071
516,32,3,145166.09,2,0,0,111421.45,0,True,False,True,0.08,Low,15719809
617,27,4,0.0,2,0,0,190269.21,0,False,False,False,0.0,,15716518
700,38,9,65962.63,1,1,1,100950.48,0,False,False,True,0.02,Low,15742210
727,36,6,140418.81,1,1,1,113033.73,1,True,False,True,0.62,Medium,15630617
689,31,3,139799.63,1,0,1,120663.57,0,False,True,False,0.01,Low,15720838
626,49,9,171787.84,2,1,0,187192.23,0,True,False,True,0.17,Low,15595537
686,38,6,149238.97,1,1,1,97825.23,0,False,False,True,0.01,Low,15623196
351,57,4,163146.46,1,1,0,169621.69,1,True,False,False,0.81,High,15679249
739,37,8,0.0,2,1,0,191557.1,1,False,False,False,0.08,Low,15693199
627,32,10,0.0,2,1,0,103287.62,0,False,False,True,0.0,,15661219
451,38,9,61482.47,1,1,1,167538.66,0,True,False,False,0.04,Low,15617136
512,41,8,145150.28,1,1,0,64869.32,1,False,False,False,0.75,High,15760294
774,41,5,126670.37,1,1,0,102426.06,0,False,False,False,0.15,Low,15652808
652,40,8,84390.8,2,0,1,107876.2,0,False,False,False,0.06,Low,15657139
638,37,2,89728.86,2,1,1,37294.88,0,True,False,True,0.0,,15803790
475,57,1,0.0,2,1,0,89248.99,0,False,False,False,0.29,Low,15764105
567,40,4,118628.8,1,0,0,91973.63,0,False,True,True,0.04,Low,15672610
750,37,3,0.0,2,1,0,16870.2,0,False,False,True,0.0,,15766896
850,39,6,96863.13,1,1,1,121681.19,0,False,False,True,0.06,Low,15587735
753,38,6,142263.45,1,0,1,33730.43,0,False,False,False,0.12,Low,15659501
683,36,7,0.0,2,1,0,104786.59,0,False,True,False,0.01,Low,15745001
710,32,3,0.0,1,1,0,94790.34,0,False,False,False,0.3,Low,15651140
645,21,1,0.0,2,0,0,28726.07,0,False,True,False,0.01,Low,15571148
714,28,6,122724.37,1,1,1,67057.27,0,False,False,True,0.06,Low,15776824
696,35,4,174902.26,1,1,0,69079.85,0,True,False,False,0.12,Low,15633141
612,26,4,0.0,2,1,1,179780.74,0,False,True,False,0.0,,15764174
520,31,3,108914.17,1,1,1,183572.39,1,True,False,False,0.38,Medium,15778155
782,23,10,98052.66,1,1,1,142587.32,0,False,True,True,0.04,Low,15715920
666,46,5,123873.19,1,1,1,177844.06,0,False,False,True,0.18,Low,15671917
466,56,2,111920.13,3,1,0,197634.11,1,True,False,False,0.91,High,15666548
567,45,4,0.0,2,0,1,121053.19,0,False,False,False,0.0,,15625623
613,20,3,0.0,2,1,1,149613.77,0,False,False,True,0.0,,15748123
718,37,8,0.0,2,1,1,142.81,0,False,False,True,0.05,Low,15648735
614,37,8,75150.34,4,0,1,131766.67,1,False,False,False,0.97,High,15634974
711,38,10,0.0,2,0,0,53311.78,0,False,False,True,0.01,Low,15713378
691,38,5,114753.76,1,1,0,107665.02,0,True,False,False,0.17,Low,15753370
527,32,0,0.0,1,1,0,109523.88,0,False,False,True,0.02,Low,15782659
476,32,6,111871.93,1,0,0,112132.86,0,False,False,False,0.01,Low,15583364
619,45,0,0.0,2,0,0,113645.4,0,False,True,False,0.1,Low,15625942
607,37,4,135927.06,1,0,0,180890.4,0,True,False,False,0.05,Low,15720284
695,44,8,0.0,2,1,1,70974.13,0,False,True,True,0.0,,15679642
653,33,1,0.0,2,0,0,53379.52,0,False,False,True,0.0,,15628007
677,46,2,57037.74,1,1,1,158531.01,0,False,False,True,0.12,Low,15661974
655,50,10,0.0,4,1,0,179267.94,1,False,False,False,0.93,High,15689341
625,52,2,79468.96,1,1,1,84606.03,0,False,False,False,0.14,Low,15607993
679,34,7,121063.85,1,1,0,56984.58,0,True,False,False,0.18,Low,15693267
734,51,1,118537.47,1,1,1,116912.45,0,False,False,True,0.05,Low,15769522
666,39,10,0.0,2,1,0,102999.33,0,False,False,True,0.01,Low,15755825
592,26,4,105082.07,2,1,0,132801.57,0,True,False,False,0.01,Low,15598175
564,40,4,0.0,1,1,0,85455.62,1,False,False,True,0.17,Low,15744327
814,36,6,0.0,2,1,1,98657.01,0,False,False,False,0.03,Low,15798666
592,36,2,104702.65,2,1,0,107948.72,0,True,False,True,0.08,Low,15577064
758,50,2,95813.76,3,1,1,67944.09,1,False,False,False,0.96,High,15759436
612,62,0,167026.61,2,1,1,192892.05,0,False,True,False,0.32,Medium,15690231
498,61,7,102453.26,1,1,0,187247.56,1,True,False,True,0.95,High,15751561
638,25,4,148045.45,2,1,1,114722.42,0,True,False,True,0.0,,15739068
558,35,1,0.0,2,0,0,111687.57,0,False,False,True,0.0,,15758056
756,24,1,0.0,2,1,0,184182.25,0,False,False,False,0.1,Low,15742269
782,52,4,0.0,1,1,1,52759.82,1,False,True,True,0.8,High,15726490
505,34,10,104498.79,1,0,1,126451.14,0,False,False,True,0.02,Low,15738411
671,29,6,0.0,2,0,0,12048.67,0,False,True,False,0.04,Low,15727919
801,42,6,0.0,2,1,1,95804.33,0,False,False,True,0.02,Low,15709396
604,26,8,149542.52,2,0,1,197911.52,0,False,False,True,0.03,Low,15654106
716,29,10,87946.39,1,1,1,182531.74,0,False,False,False,0.03,Low,15621653
624,45,3,68639.57,1,1,0,168002.31,1,False,False,False,0.85,High,15598086
607,47,4,148826.32,1,1,1,79450.61,0,True,False,True,0.39,Medium,15752300
827,60,2,0.0,2,0,1,60615.83,0,False,False,False,0.03,Low,15658693
606,61,5,108166.09,2,0,1,8643.21,0,False,False,True,0.07,Low,15631838
717,35,5,103214.71,1,1,0,172172.7,0,True,False,False,0.39,Medium,15803804
651,40,1,134760.21,2,0,0,174434.06,1,True,False,True,0.68,Medium,15578809
691,58,3,0.0,1,0,1,194930.3,1,False,False,True,0.8,High,15752026
573,33,0,90124.64,1,1,0,137476.71,0,False,False,False,0.04,Low,15723706
723,38,6,0.0,2,1,1,94415.6,0,False,True,True,0.0,,15752838
584,46,6,87361.02,2,1,0,120376.87,1,True,False,False,0.73,High,15569571
550,45,8,111257.59,1,0,0,97623.42,1,True,False,False,0.73,High,15769703
611,61,3,131583.59,4,0,1,66238.23,1,False,False,False,0.94,High,15679770
549,41,9,95020.8,3,1,1,131710.59,1,True,False,True,0.85,High,15791102
850,24,1,0.0,2,0,1,69052.87,0,False,True,False,0.0,,15655192
668,34,5,80242.37,2,0,0,56780.97,0,True,False,True,0.04,Low,15709487
686,43,0,0.0,1,1,1,170072.9,0,False,False,False,0.39,Medium,15687130
660,50,1,0.0,3,1,1,191849.15,1,False,False,True,0.9,High,15755178
682,59,0,122661.39,1,0,1,84803.76,0,False,True,False,0.08,Low,15634772
524,50,4,0.0,2,1,1,31840.59,1,False,False,True,0.64,Medium,15617197
645,36,8,0.0,2,1,1,12096.61,1,False,False,False,0.67,Medium,15631240
850,42,0,0.0,2,1,0,44165.84,0,False,False,True,0.11,Low,15784301
537,53,3,0.0,1,1,1,91406.62,0,False,False,False,0.22,Low,15631310
599,46,7,81742.84,2,1,0,83282.21,0,False,True,False,0.11,Low,15756560
727,71,8,0.0,1,1,1,198446.91,1,False,True,True,0.67,Medium,15732270
756,30,2,145127.85,1,0,0,7554.68,0,False,True,True,0.24,Low,15739357
755,38,9,148912.44,1,1,0,80416.16,0,False,False,True,0.11,Low,15771540
634,41,4,0.0,2,1,1,164549.74,0,False,True,False,0.0,,15567486
837,26,4,89900.24,2,1,0,175477.03,0,False,False,True,0.01,Low,15714634
727,30,8,119027.28,2,1,1,137903.54,0,True,False,False,0.0,,15727021
567,40,2,105222.86,2,1,0,93795.86,0,True,False,False,0.04,Low,15650670
650,30,6,0.0,1,0,0,67997.13,1,False,True,False,0.73,High,15711834
655,34,1,116114.93,1,1,1,49492.15,0,False,True,True,0.01,Low,15729763
763,58,9,187911.55,1,0,1,35825.18,0,False,False,False,0.14,Low,15646566
843,27,5,0.0,2,1,1,67494.23,0,False,False,False,0.01,Low,15645463
667,38,6,144432.04,1,1,1,73963.17,1,False,False,False,0.66,Medium,15672144
705,50,4,77065.9,2,0,1,145159.26,0,False,False,False,0.1,Low,15596088
660,29,6,180520.29,1,1,1,123850.58,0,True,False,False,0.01,Low,15614878
553,42,1,0.0,2,0,0,23822.04,0,False,False,True,0.04,Low,15635240
612,47,6,130024.87,1,1,1,45750.21,1,True,False,False,0.9,High,15775905
641,40,2,110086.69,1,1,0,159773.14,0,True,False,False,0.09,Low,15700657
513,31,5,174853.46,1,1,0,84238.63,0,False,True,False,0.11,Low,15611905
680,44,7,108724.98,1,0,1,72330.46,0,False,False,True,0.06,Low,15652527
711,58,9,91285.13,2,1,1,26767.85,0,False,False,True,0.06,Low,15785865
689,40,2,0.0,2,1,1,164768.82,0,False,True,True,0.01,Low,15645942
665,51,9,110610.41,2,0,1,1112.76,1,True,False,False,0.46,Medium,15688691
551,54,5,102994.04,1,1,0,176680.16,1,True,False,True,0.97,High,15592736
645,36,4,59893.85,2,1,0,43999.64,0,False,True,True,0.01,Low,15673529
616,29,8,149318.55,1,1,0,140746.13,0,True,False,True,0.1,Low,15724145
582,32,1,116409.55,1,0,1,152790.92,0,False,False,False,0.02,Low,15704629
365,30,0,127760.07,1,1,0,81537.85,1,True,False,True,0.8,High,15597896
697,38,6,132591.36,1,1,1,7387.8,1,True,False,False,0.82,High,15731790
704,31,0,0.0,2,1,0,183038.33,0,False,False,True,0.01,Low,15634719
656,46,5,113402.14,2,1,1,138849.06,0,False,False,False,0.11,Low,15703205
712,31,7,0.0,2,1,0,170333.38,0,False,False,False,0.0,,15567333
748,40,0,0.0,1,0,0,60416.76,0,False,False,True,0.09,Low,15754537
724,28,9,0.0,2,1,1,100240.2,0,False,False,True,0.04,Low,15612030
691,50,6,136953.47,1,1,1,2704.98,0,False,False,True,0.34,Medium,15573242
563,33,8,0.0,2,0,1,68815.05,0,False,False,True,0.01,Low,15601892
741,32,5,0.0,1,1,1,64839.23,0,False,False,True,0.01,Low,15663885
778,44,8,123863.64,1,1,0,144494.94,0,False,False,True,0.01,Low,15701096
848,22,7,120811.89,1,1,1,185510.34,0,False,True,True,0.0,,15710450
634,38,2,148430.55,1,1,1,56055.72,0,True,False,True,0.08,Low,15790846
505,40,6,47869.69,2,1,1,155061.97,0,True,False,True,0.1,Low,15658956
692,53,7,150926.99,2,0,0,119817.19,0,True,False,True,0.2,Low,15755223
537,47,6,103163.35,1,1,0,16259.64,1,True,False,False,0.96,High,15787318
633,29,10,130206.28,1,1,0,184654.87,0,False,False,True,0.06,Low,15737310
833,28,4,136674.51,2,0,0,5278.78,0,False,False,False,0.03,Low,15763665
592,40,2,200322.45,1,1,1,113244.73,0,False,True,False,0.14,Low,15668818
587,48,1,0.0,2,1,1,8908.0,0,False,True,True,0.07,Low,15765812
550,62,7,80927.56,1,0,1,64490.67,0,False,True,True,0.03,Low,15704844
680,24,10,0.0,3,1,0,154971.63,1,False,False,False,0.83,High,15744582
622,41,9,0.0,2,1,1,155786.39,0,False,True,False,0.03,Low,15616700
594,28,0,142574.71,2,1,0,129084.82,0,True,False,True,0.12,Low,15683521
643,34,7,160426.07,1,0,1,188533.11,0,True,False,False,0.07,Low,15583049
540,25,5,116160.23,1,1,0,13411.67,0,False,False,True,0.01,Low,15643752
635,34,5,98683.47,2,1,0,15733.19,0,False,True,False,0.02,Low,15620398
657,32,3,118829.03,2,1,1,73127.61,0,False,False,True,0.0,,15715707
814,31,1,118870.92,1,1,0,101704.19,0,False,False,True,0.01,Low,15814209
600,32,1,0.0,1,1,1,101986.16,0,False,False,True,0.05,Low,15733768
682,46,2,0.0,1,1,1,114442.66,0,False,False,False,0.42,Medium,15755242
682,38,4,107192.38,1,1,1,15669.17,0,False,False,True,0.04,Low,15729412
566,42,3,108010.78,1,1,1,157486.1,0,False,False,True,0.18,Low,15746564
550,34,3,0.0,2,0,0,131281.28,0,False,True,True,0.0,,15588446
630,26,7,129837.72,2,0,1,197001.15,0,False,False,True,0.02,Low,15665221
546,58,3,106458.31,4,1,0,128881.87,1,True,False,False,0.99,High,15640846
486,63,9,97009.15,1,1,1,85101.0,0,False,False,True,0.1,Low,15700209
762,35,9,122929.42,2,0,0,149822.04,0,False,True,True,0.02,Low,15658360
692,45,6,152296.83,4,0,1,108040.86,1,True,False,True,0.95,High,15602735
498,30,1,0.0,2,0,0,135795.53,0,False,False,False,0.0,,15724834
850,49,8,0.0,1,0,0,25867.67,1,False,True,True,0.6,Medium,15800062
603,35,6,128993.76,2,1,0,130483.56,0,False,False,True,0.02,Low,15685300
551,36,5,0.0,1,1,0,183479.12,0,False,False,False,0.14,Low,15760102
627,27,0,185267.45,2,1,1,77027.34,0,True,False,True,0.01,Low,15787026
515,28,9,0.0,2,0,0,94141.75,0,False,False,False,0.01,Low,15653696
605,29,3,116805.82,1,0,0,4092.75,0,False,True,False,0.05,Low,15788946
567,29,5,129750.68,1,1,0,109257.59,0,True,False,True,0.15,Low,15600724
568,29,2,129177.01,2,0,1,104617.99,0,True,False,False,0.02,Low,15574324
571,25,6,82506.72,2,1,0,167705.07,0,True,False,True,0.04,Low,15707144
634,48,2,107247.69,1,1,1,103712.05,1,True,False,True,0.87,High,15775891
768,42,3,0.0,1,0,0,161242.99,1,False,True,False,0.71,High,15711789
554,36,3,157780.93,2,1,0,6089.13,0,True,False,False,0.08,Low,15600879
629,35,1,172170.36,1,1,1,159777.37,0,False,False,True,0.07,Low,15681196
638,48,2,0.0,2,1,1,7919.08,0,False,True,True,0.05,Low,15716000
576,41,1,0.0,1,1,1,188274.6,0,False,False,True,0.06,Low,15766776
661,42,9,75361.44,1,1,0,27608.12,1,False,True,False,0.81,High,15680278
592,27,4,0.0,2,1,1,183569.25,0,False,False,False,0.0,,15688637
702,30,2,0.0,2,1,1,145537.32,0,False,True,True,0.01,Low,15591179
647,29,0,98263.46,2,1,0,164717.95,0,False,False,False,0.0,,15677435
593,43,9,0.0,2,1,1,76357.43,0,False,False,True,0.0,,15698619
712,40,3,109308.79,2,1,0,120158.72,1,True,False,False,0.71,High,15581036
625,31,8,0.0,2,1,0,151843.54,0,False,True,False,0.0,,15622117
538,28,6,164365.44,1,0,1,5698.97,0,True,False,False,0.08,Low,15599301
637,22,5,98800.0,1,1,0,122865.55,0,False,True,False,0.03,Low,15581548
632,27,4,193125.85,1,1,1,152665.85,0,False,False,True,0.02,Low,15586870
736,27,5,51522.75,1,0,1,192131.77,0,False,False,True,0.05,Low,15735263
755,23,5,84284.48,2,1,1,62851.6,0,False,False,True,0.02,Low,15765322
425,39,5,0.0,2,1,0,140941.47,0,False,True,False,0.05,Low,15582944
461,51,9,119889.84,1,0,0,56767.67,1,False,False,True,0.84,High,15687162
745,21,4,137910.45,1,1,1,177235.23,0,False,False,True,0.03,Low,15644962
616,37,6,0.0,2,1,0,86242.18,0,False,False,False,0.04,Low,15612615
587,33,5,100116.82,1,1,0,34215.58,0,False,False,True,0.02,Low,15813439
850,40,4,166082.15,2,0,1,44406.17,0,True,False,True,0.03,Low,15604544
601,38,0,0.0,2,1,0,165196.65,0,False,False,False,0.03,Low,15761348
730,26,3,0.0,1,1,0,34542.41,0,False,True,True,0.02,Low,15785078
532,44,3,148595.55,1,1,0,74838.64,1,False,False,True,0.8,High,15759874
850,53,2,94078.97,2,1,0,36980.54,0,True,False,True,0.2,Low,15643658
779,34,5,0.0,2,0,1,111676.63,0,False,True,False,0.01,Low,15713267
562,29,9,0.0,1,1,1,25858.68,0,False,False,True,0.03,Low,15737782
670,40,2,164948.98,3,0,0,177028.0,1,True,False,True,0.91,High,15815490
729,62,4,140549.4,1,1,0,30990.16,1,False,False,False,0.95,High,15679410
767,44,2,152509.25,1,1,1,136915.15,0,False,False,False,0.09,Low,15756241
742,28,2,191864.51,1,1,0,108457.99,1,False,False,False,0.78,High,15688409
669,44,8,96418.09,1,0,0,131609.48,1,False,False,False,0.61,Medium,15742272
542,32,2,131945.94,1,0,1,159737.56,0,False,True,True,0.03,Low,15717898
586,29,3,0.0,2,1,1,142238.54,0,False,False,True,0.0,,15769582
612,30,9,142910.15,1,1,0,105890.55,1,True,False,True,0.72,High,15635660
740,37,7,0.0,2,1,1,194270.91,0,False,False,False,0.0,,15576723
584,35,3,146311.58,1,1,1,105443.47,0,False,False,True,0.03,Low,15591577
524,52,2,87894.26,1,1,0,173899.42,1,False,False,True,0.99,High,15582325
614,19,5,97445.49,2,1,0,122823.34,0,False,False,False,0.02,Low,15693947
598,64,9,0.0,1,0,1,13181.37,1,False,False,False,0.7,Medium,15760446
799,35,7,0.0,2,0,1,140780.8,0,False,True,True,0.01,Low,15611105
724,34,2,154485.74,2,0,0,78560.64,0,False,False,True,0.03,Low,15630920
601,50,2,115625.07,1,1,0,185855.21,0,False,False,True,0.78,High,15574910
804,25,7,108396.67,1,1,0,128276.95,0,False,False,True,0.02,Low,15756472
745,38,5,65095.41,2,1,1,140197.42,0,True,False,True,0.04,Low,15682890
667,43,1,103018.45,1,1,0,32462.39,1,True,False,True,0.89,High,15641994
518,38,10,84764.79,1,1,1,162253.9,0,False,False,False,0.06,Low,15733297
819,38,10,0.0,2,1,0,30498.7,0,False,False,False,0.15,Low,15767793
520,35,4,115680.81,1,1,1,90280.7,0,False,True,False,0.02,Low,15725698
625,39,5,0.0,2,1,0,32615.21,0,False,False,False,0.14,Low,15813532
673,36,5,73088.06,2,0,0,196142.26,0,True,False,True,0.02,Low,15576760
656,27,3,150905.03,2,1,0,16998.72,0,True,False,False,0.01,Low,15732102
850,23,9,143054.85,1,0,1,62980.96,0,False,True,False,0.06,Low,15739046
574,28,7,0.0,2,0,0,185660.3,0,False,True,False,0.0,,15631927
679,60,6,0.0,2,1,1,77331.77,0,False,False,True,0.02,Low,15672115
530,42,0,99948.45,1,0,1,97338.62,0,True,False,False,0.21,Low,15618765
508,44,3,115451.05,2,0,0,67234.33,0,False,False,True,0.07,Low,15679148
558,32,4,108235.91,1,1,1,143783.28,0,True,False,True,0.03,Low,15728474
414,38,8,0.0,1,0,1,77661.12,1,False,False,True,0.24,Low,15636999
648,42,2,98795.61,2,1,0,89123.99,0,False,True,True,0.05,Low,15754261
721,37,1,0.0,2,1,0,70810.8,0,False,False,False,0.02,Low,15629150
751,31,8,0.0,2,0,0,17550.49,0,False,False,True,0.02,Low,15736274
662,34,2,0.0,2,0,1,21497.27,0,False,False,True,0.0,,15627697
628,29,3,113146.98,2,0,1,124749.08,0,True,False,True,0.01,Low,15721585
597,39,8,162532.14,3,1,0,36051.46,1,True,False,False,0.98,High,15639946
698,40,0,92053.44,1,1,1,143681.83,0,False,True,False,0.11,Low,15792176
723,48,7,0.0,2,1,1,150694.58,0,False,False,True,0.03,Low,15699450
586,28,5,0.0,3,1,0,170487.4,1,False,False,False,0.49,Medium,15729954
633,29,8,104944.1,1,1,1,97684.46,0,True,False,False,0.05,Low,15600103
564,31,4,0.0,2,1,0,53520.03,0,False,False,True,0.0,,15786200
649,31,2,0.0,2,1,0,15200.61,0,False,False,False,0.05,Low,15797010
622,30,4,107879.04,1,0,1,196894.62,0,False,False,False,0.06,Low,15670172
459,46,7,110356.42,1,1,0,4969.13,1,True,False,True,0.91,High,15627352
718,27,2,0.0,2,0,0,26229.24,0,False,False,True,0.0,,15622494
655,34,4,109783.69,2,1,0,134034.32,0,False,True,False,0.04,Low,15585835
696,22,9,149777.0,1,1,1,198032.93,0,False,False,True,0.02,Low,15595071
637,38,3,104339.56,1,0,0,119882.86,0,False,False,False,0.07,Low,15628203
630,21,1,85818.18,1,1,1,133102.3,0,False,True,False,0.03,Low,15667190
592,37,4,212692.97,1,0,0,176395.02,0,False,False,True,0.16,Low,15780212
634,37,1,89696.84,2,1,1,193179.88,0,True,False,True,0.04,Low,15766869
608,28,9,0.0,2,1,1,125062.02,0,False,False,False,0.0,,15775741
565,32,9,68067.24,1,1,0,143287.58,0,True,False,False,0.07,Low,15628170
763,67,9,148564.66,1,0,1,87236.4,0,False,True,True,0.06,Low,15701318
665,55,8,136354.16,1,1,1,93769.89,0,False,False,False,0.19,Low,15710928
649,38,1,122214.0,1,0,1,88965.46,0,False,False,True,0.04,Low,15682547
695,45,3,0.0,2,1,1,30793.61,0,False,False,True,0.01,Low,15631170
775,70,6,119684.88,2,1,1,74532.02,0,True,False,True,0.02,Low,15648702
788,39,3,135139.33,1,0,1,113086.08,0,False,False,False,0.04,Low,15783444
569,42,9,146100.75,1,1,0,32574.01,1,True,False,False,0.84,High,15809178
726,56,8,123110.9,3,0,1,130113.78,1,False,True,False,0.99,High,15806688
564,44,3,111760.4,3,1,1,104722.47,1,True,False,False,0.99,High,15576824
544,32,9,110728.39,1,1,1,14559.62,0,False,False,False,0.04,Low,15675422
614,41,8,121558.46,1,1,1,598.8,0,False,False,False,0.09,Low,15681550
453,38,8,120623.21,1,1,0,129697.99,0,True,False,False,0.14,Low,15812628
471,58,4,114713.57,1,1,1,36315.03,0,False,False,False,0.09,Low,15597951
829,37,3,103457.76,1,0,0,1114.12,0,True,False,False,0.16,Low,15807045
754,57,2,101134.87,2,1,1,70954.41,0,True,False,True,0.08,Low,15581748
749,46,10,78136.36,2,1,1,73470.98,0,True,False,True,0.05,Low,15770420
667,23,1,0.0,2,1,0,91573.19,0,False,False,True,0.01,Low,15608230
670,30,3,133446.34,1,0,0,3154.95,0,False,True,True,0.09,Low,15730339
670,33,7,0.0,2,1,1,88187.81,0,False,False,False,0.0,,15712584
623,48,1,108076.33,1,1,0,118855.26,1,True,False,False,0.96,High,15592816
571,32,5,131354.25,1,1,0,125256.53,0,False,False,True,0.01,Low,15641480
641,37,7,62974.64,2,0,1,39016.43,0,True,False,False,0.03,Low,15708505
551,30,2,143340.44,1,1,0,145796.49,0,True,False,False,0.05,Low,15791131
741,36,8,116993.43,2,1,0,168816.22,0,True,False,True,0.09,Low,15618225
472,31,4,58662.92,2,0,1,73322.0,0,False,False,True,0.14,Low,15644724
650,41,3,128808.65,3,0,0,113677.53,1,False,True,True,0.95,High,15662098
625,45,7,137555.44,1,0,0,124607.7,0,False,False,True,0.1,Low,15723894
650,34,4,142393.11,1,1,1,11276.48,0,True,False,True,0.21,Low,15787699
535,38,8,0.0,2,1,0,136620.64,0,False,False,False,0.0,,15687738
649,41,2,125785.23,1,1,1,70523.92,0,False,False,False,0.12,Low,15576126
689,22,4,136444.25,1,1,0,51980.25,1,False,False,True,0.72,High,15658889
694,38,7,121527.4,1,1,0,113481.02,0,False,True,True,0.04,Low,15667046
655,52,9,144696.75,1,1,1,49025.79,0,True,False,True,0.1,Low,15669957
620,36,8,0.0,2,1,1,145937.99,0,False,False,True,0.0,,15655794
577,35,10,0.0,2,1,1,25161.61,0,False,False,False,0.01,Low,15599829
401,48,8,128140.17,1,1,0,175753.55,1,True,False,True,0.76,High,15753332
599,25,6,120383.41,1,1,1,24903.09,0,False,False,True,0.03,Low,15671124
481,57,9,0.0,3,1,1,169719.35,1,False,False,False,0.82,High,15767474
704,42,8,129735.3,2,1,1,179565.57,0,False,False,True,0.02,Low,15720671
698,31,8,185078.26,1,0,0,115337.74,1,False,True,False,0.83,High,15626787
480,28,6,0.0,2,0,0,48131.92,0,False,False,False,0.03,Low,15774491
682,42,0,0.0,1,1,1,160828.98,0,False,False,True,0.18,Low,15579647
700,31,7,0.0,2,0,1,145151.96,0,False,True,True,0.0,,15625522
492,29,1,144591.96,1,1,1,196293.76,0,False,False,True,0.01,Low,15765806
444,45,4,0.0,2,1,0,161653.5,1,False,False,False,0.77,High,15566708
624,36,6,0.0,2,0,0,84635.64,0,False,False,True,0.0,,15668347
709,37,7,0.0,1,1,0,159486.76,0,False,False,True,0.08,Low,15575214
557,68,2,100194.44,1,1,1,38596.34,0,True,False,True,0.16,Low,15591123
646,50,6,145295.31,2,1,1,27814.74,0,True,False,True,0.09,Low,15573280
719,28,3,106070.29,2,1,1,183893.31,0,True,False,True,0.01,Low,15589018
706,47,6,120621.89,1,1,1,140803.7,0,True,False,False,0.27,Low,15654495
660,38,7,0.0,2,0,1,146585.53,0,False,False,True,0.0,,15597265
667,36,9,0.0,2,1,1,40062.29,0,False,False,True,0.02,Low,15733876
705,30,1,0.0,1,1,1,181300.32,0,False,False,True,0.06,Low,15677217
598,27,10,171283.91,1,1,1,84136.12,0,True,False,False,0.07,Low,15747265
669,26,4,0.0,2,1,1,197594.34,0,False,False,True,0.01,Low,15713379
580,38,1,128218.47,1,1,0,125953.83,1,True,False,False,0.6,Medium,15730433
676,32,5,0.0,2,1,1,75465.41,0,False,False,False,0.0,,15693347
714,28,7,77776.39,1,1,0,177737.07,0,True,False,True,0.11,Low,15715465
597,72,6,124978.19,2,1,1,7144.46,0,True,False,False,0.13,Low,15680736
559,29,1,0.0,2,0,0,155639.76,0,False,False,True,0.0,,15610765
564,28,1,0.0,1,1,1,162428.05,0,False,False,False,0.05,Low,15650034
850,51,3,109799.55,2,1,1,12457.76,1,False,True,True,0.74,High,15782468
689,39,7,0.0,2,0,0,14917.09,0,False,False,True,0.0,,15685109
758,61,8,125397.21,1,1,0,182184.09,1,True,False,False,0.82,High,15776233
604,71,10,0.0,2,1,1,129984.2,0,False,True,False,0.01,Low,15761141
733,38,9,111347.37,2,0,1,194872.97,0,True,False,True,0.03,Low,15781702
778,40,8,104291.41,2,1,1,117507.11,0,False,True,True,0.01,Low,15790235
732,61,9,94867.18,2,1,1,157527.6,1,True,False,False,0.74,High,15641416
646,24,8,0.0,2,0,0,92612.88,0,False,False,True,0.0,,15775234
597,33,6,135703.59,2,0,0,74850.84,0,False,False,False,0.03,Low,15659475
821,37,5,106453.53,2,0,1,127413.0,0,True,False,False,0.02,Low,15642202
640,43,7,132412.38,1,0,0,69584.3,1,False,False,True,0.64,Medium,15771417
511,40,9,124401.6,1,1,0,198814.24,1,True,False,False,0.85,High,15585100
805,46,6,118022.06,3,1,0,162643.15,1,False,False,True,0.98,High,15700487
540,39,1,82531.11,1,1,0,114092.52,0,True,False,True,0.13,Low,15726589
705,44,0,184552.12,1,1,0,68860.3,1,False,True,True,0.79,High,15747503
540,39,4,127278.31,1,1,1,16150.34,0,True,False,True,0.22,Low,15595883
532,66,3,0.0,1,1,1,115227.02,0,False,True,False,0.08,Low,15663826
535,45,2,0.0,2,0,1,170621.55,0,False,False,False,0.09,Low,15742820
627,23,5,184244.86,1,1,0,103099.22,0,True,False,True,0.05,Low,15624793
646,52,8,59669.43,1,0,0,172495.81,1,False,False,True,0.81,High,15597930
515,25,7,79543.59,1,0,1,38772.82,0,False,False,False,0.04,Low,15665110
697,39,6,151553.19,1,1,1,44946.29,0,False,False,False,0.05,Low,15770719
652,27,2,166527.88,2,0,1,146007.7,0,True,False,True,0.01,Low,15731327
579,28,6,150329.15,1,1,0,145558.42,0,True,False,True,0.03,Low,15576044
760,43,8,121911.59,1,1,0,193312.33,0,False,False,True,0.04,Low,15775662
769,51,9,156773.78,2,1,0,40257.79,0,False,False,True,0.17,Low,15646817
498,29,8,127864.26,1,1,1,46677.9,0,False,True,True,0.0,,15596060
774,53,4,113709.28,1,1,1,153887.93,1,False,False,True,0.16,Low,15723299
705,43,7,79974.55,1,1,1,103108.33,0,True,False,False,0.13,Low,15636982
648,44,2,0.0,2,1,1,58652.23,0,False,False,False,0.0,,15751175
688,51,5,0.0,1,1,0,91624.11,1,False,False,False,0.98,High,15618936
592,38,0,0.0,1,1,0,65986.48,1,False,True,True,0.75,High,15787529
705,33,3,144427.96,2,1,0,113845.19,0,False,False,True,0.02,Low,15780128
654,42,7,99263.09,1,1,1,67607.9,0,False,False,True,0.01,Low,15615991
624,32,2,79368.87,2,1,1,145471.94,0,False,False,False,0.0,,15757001
594,30,10,0.0,2,1,1,124071.71,0,False,False,False,0.0,,15595388
695,34,9,0.0,2,1,1,67502.12,0,False,True,False,0.0,,15699550
597,28,2,0.0,3,1,1,78707.97,0,False,False,True,0.17,Low,15581620
758,52,7,125095.94,1,1,0,171189.83,1,False,False,False,0.96,High,15600934
737,40,2,162485.8,2,1,0,149381.32,0,True,False,False,0.06,Low,15738672
694,37,1,95668.82,2,1,0,100335.55,0,True,False,True,0.09,Low,15721307
683,25,4,0.0,2,1,0,152698.24,0,False,False,True,0.0,,15619280
538,30,8,0.0,2,1,1,41192.95,0,False,True,False,0.02,Low,15768244
669,37,4,0.0,1,1,0,132540.33,0,False,False,True,0.41,Medium,15806837
730,34,5,74197.38,2,1,0,96875.52,0,False,False,False,0.07,Low,15643496
622,31,1,89688.94,1,1,1,152305.47,0,False,False,False,0.04,Low,15813916
714,33,10,103121.33,2,1,1,49672.01,0,False,True,False,0.03,Low,15626385
569,34,3,0.0,1,1,0,133997.53,0,False,True,False,0.12,Low,15603582
668,59,5,120170.07,1,0,1,50454.8,0,True,False,False,0.54,Medium,15764351
628,32,9,149136.31,2,1,1,16402.11,0,False,False,True,0.02,Low,15667938
600,40,1,141136.79,1,1,1,67803.83,0,False,False,True,0.04,Low,15576360
693,43,4,152341.55,1,1,0,9241.78,0,False,False,False,0.13,Low,15628813
704,36,7,120026.98,2,0,1,100601.73,0,False,False,True,0.03,Low,15584190
527,33,9,132168.28,1,0,0,98734.15,0,False,True,True,0.03,Low,15716449
553,43,6,85200.82,2,1,1,160574.09,0,True,False,True,0.01,Low,15759913
575,53,1,84903.33,2,0,1,26015.8,0,False,True,True,0.1,Low,15701555
626,32,0,0.0,2,0,0,187172.54,0,False,False,False,0.01,Low,15758482
582,20,4,0.0,1,1,1,55763.66,0,False,False,True,0.1,Low,15758171
683,40,8,0.0,1,1,0,75848.22,0,False,True,True,0.25,Low,15680346
850,30,9,121535.18,1,0,0,40313.47,0,False,False,True,0.09,Low,15649124
653,35,6,116662.96,2,1,1,23864.21,0,False,True,True,0.0,,15812917
679,60,8,0.0,2,1,1,51380.9,0,False,False,True,0.0,,15768455
549,49,6,124829.16,1,0,1,93551.36,0,True,False,False,0.15,Low,15703059
850,36,2,155180.56,2,0,0,169415.54,0,False,True,False,0.14,Low,15646196
558,32,1,108262.87,1,1,1,6935.31,0,True,False,False,0.07,Low,15585451
528,40,4,0.0,2,1,0,25399.7,0,False,True,True,0.06,Low,15714057
801,38,5,0.0,2,1,0,66256.27,0,False,False,True,0.0,,15748473
513,48,2,0.0,1,1,1,114709.13,1,False,True,True,0.79,High,15785782
666,38,6,99812.88,2,1,1,158357.97,0,True,False,True,0.0,,15693233
606,35,2,132164.26,1,0,1,164815.59,0,False,False,True,0.0,,15757521
599,45,10,103583.05,1,1,0,132127.69,1,True,False,True,0.83,High,15812513
544,39,4,142406.43,2,1,0,146637.45,0,True,False,True,0.12,Low,15674950
529,38,7,99842.5,2,1,0,90256.06,1,False,True,True,0.68,Medium,15678572
850,41,5,0.0,2,1,1,34827.43,0,False,False,False,0.01,Low,15713608
497,41,9,0.0,1,0,0,22074.48,0,False,False,True,0.06,Low,15579262
764,39,5,81042.42,1,0,1,109805.17,0,False,False,False,0.01,Low,15610426
603,48,5,0.0,1,1,0,100478.6,1,False,False,False,0.89,High,15776454
609,40,6,0.0,2,1,1,97416.34,0,False,False,True,0.0,,15771483
487,53,4,199689.49,1,1,1,24207.86,1,False,False,True,0.7,Medium,15648489
748,33,1,142645.43,1,0,0,69132.66,0,False,False,True,0.05,Low,15646609
710,75,5,0.0,2,1,1,9376.89,0,False,True,False,0.03,Low,15693203
432,45,3,110219.14,1,1,0,43046.7,1,True,False,False,0.87,High,15813067
534,51,3,0.0,2,0,1,20856.31,0,False,True,True,0.08,Low,15769829
607,25,3,0.0,2,0,0,187048.72,0,False,False,True,0.01,Low,15662434
551,32,4,0.0,2,1,0,53420.53,0,False,True,True,0.0,,15773503
674,45,7,142072.02,1,1,0,37013.29,0,False,False,True,0.1,Low,15705890
525,25,6,0.0,2,1,0,89566.64,0,False,False,False,0.0,,15711398
645,33,8,149564.61,1,0,0,149913.84,0,True,False,True,0.08,Low,15752375
755,43,9,0.0,2,1,0,18066.69,0,False,False,False,0.03,Low,15659175
708,37,8,153366.13,1,1,1,26912.34,0,True,False,True,0.09,Low,15597033
715,21,6,76467.16,1,1,1,173511.72,0,False,False,True,0.02,Low,15590228
727,26,9,121508.28,1,1,1,146785.44,0,False,False,False,0.05,Low,15631848
559,27,1,0.0,1,0,1,1050.33,0,False,True,False,0.23,Low,15654211
545,36,8,73211.12,2,1,0,89587.34,1,False,True,True,0.16,Low,15707968
524,22,9,0.0,2,1,0,74405.34,0,False,False,True,0.0,,15594084
707,55,1,0.0,2,0,1,54409.48,0,False,False,False,0.02,Low,15651093
671,38,0,92674.94,2,1,0,3647.57,0,False,True,True,0.03,Low,15798824
439,52,3,96196.24,4,1,0,198874.52,1,False,True,True,0.96,High,15671591
667,36,1,114391.62,1,1,1,53412.54,0,True,False,False,0.11,Low,15707189
831,32,9,80262.66,1,1,0,194867.78,0,True,False,True,0.18,Low,15733581
545,33,7,173331.52,1,1,0,150452.88,0,False,True,False,0.15,Low,15641640
604,35,7,147285.52,1,1,1,57807.05,0,False,True,False,0.12,Low,15585284
657,67,5,119785.47,2,1,1,107534.32,0,False,True,True,0.03,Low,15617866
487,36,1,140137.15,1,1,0,194073.33,0,False,True,False,0.1,Low,15667751
750,52,6,107467.56,1,1,0,126233.18,1,True,False,False,0.91,High,15669411
694,37,8,98218.04,2,1,0,182354.46,1,True,False,False,0.62,Medium,15789425
711,35,2,133607.75,1,1,1,120586.32,0,True,False,False,0.1,Low,15570943
551,37,3,0.0,2,1,1,50578.4,0,False,False,True,0.02,Low,15685829
559,38,8,95139.41,1,1,1,86575.46,0,False,False,False,0.01,Low,15721917
620,29,3,0.0,2,0,1,153392.28,0,False,False,False,0.02,Low,15776047
660,42,5,0.0,2,1,0,115509.59,0,False,True,True,0.1,Low,15716024
449,37,6,0.0,2,1,0,82176.48,0,False,False,False,0.02,Low,15675328
703,26,1,97331.19,1,1,0,63717.49,0,True,False,False,0.13,Low,15604314
795,37,2,139265.63,2,1,1,198745.94,0,True,False,True,0.0,,15658339
594,31,9,0.0,1,0,1,5719.11,0,False,False,False,0.09,Low,15630402
586,34,5,168094.01,1,0,0,20058.61,0,False,True,True,0.03,Low,15689616
613,30,5,131563.88,2,1,0,170638.98,0,True,False,False,0.03,Low,15774224
601,44,3,0.0,2,1,0,30607.11,0,False,False,True,0.03,Low,15701291
657,50,9,0.0,2,0,0,37171.46,0,False,False,True,0.03,Low,15719606
531,31,3,0.0,1,1,1,42589.33,0,False,False,True,0.04,Low,15644119
621,47,7,107363.29,1,1,1,66799.28,0,True,False,True,0.29,Low,15646859
782,33,2,94493.03,1,0,1,101866.39,0,False,False,False,0.04,Low,15606836
528,29,9,170214.23,2,1,0,49284.0,0,True,False,False,0.07,Low,15664150
696,52,6,139781.06,1,1,0,27445.4,1,False,False,True,0.88,High,15624510
586,35,7,0.0,2,1,0,70760.69,0,False,False,False,0.0,,15810944
626,26,8,148610.41,3,0,1,104502.02,1,False,True,False,0.93,High,15668575
498,73,2,170241.7,2,1,1,165407.96,0,False,False,True,0.02,Low,15603246
691,33,1,128306.83,1,1,1,113580.79,0,False,False,False,0.0,,15804002
568,47,7,0.0,2,1,1,45978.39,0,False,False,False,0.01,Low,15728773
715,35,3,0.0,1,1,1,152012.36,0,False,False,False,0.09,Low,15598044
680,32,7,175454.0,1,0,1,77349.92,0,True,False,True,0.03,Low,15694829
802,41,6,0.0,2,1,0,47322.05,0,False,True,True,0.0,,15600575
539,22,0,100885.93,2,1,1,38772.65,0,False,False,False,0.02,Low,15727311
494,69,9,93320.8,1,1,1,24489.44,0,False,False,True,0.14,Low,15570769
594,38,6,63176.44,2,1,1,14466.08,0,True,False,True,0.01,Low,15606274
596,33,2,139451.67,1,0,0,63142.12,0,False,False,True,0.04,Low,15746139
649,52,8,49113.75,1,1,0,41858.43,0,False,False,False,0.42,Medium,15704987
699,32,1,123906.22,3,1,1,127443.82,1,True,False,True,0.87,High,15628972
787,40,6,0.0,2,1,1,84151.98,0,False,False,False,0.01,Low,15697686
604,28,7,0.0,2,0,0,58595.64,0,False,False,True,0.0,,15733883
489,52,1,131441.51,1,1,0,37240.11,1,True,False,False,0.94,High,15617482
651,56,2,0.0,1,1,0,114522.68,1,False,False,True,0.99,High,15704583
698,57,6,136325.48,2,1,1,72549.27,1,False,False,True,0.65,Medium,15621083
578,38,4,113150.44,2,1,0,176712.59,1,True,False,False,0.85,High,15649487
538,42,9,0.0,1,0,0,152855.96,0,False,True,False,0.22,Low,15736760
696,33,4,0.0,2,1,1,73371.65,0,False,False,False,0.0,,15714658
507,46,8,102785.16,1,1,1,70323.68,0,True,False,False,0.21,Low,15599081
685,34,6,83264.28,1,0,0,9663.28,0,False,True,True,0.11,Low,15705113
705,41,4,72252.64,2,1,1,142514.66,0,True,False,True,0.02,Low,15631159
499,29,6,148051.52,1,1,0,118623.94,0,True,False,False,0.04,Low,15792818
717,76,9,138489.66,1,1,1,68400.14,0,False,False,False,0.06,Low,15633531
510,63,8,0.0,2,1,1,115291.86,0,False,False,True,0.07,Low,15744529
632,32,6,111589.33,1,1,1,170382.99,0,False,False,True,0.05,Low,15669656
668,39,0,122104.79,1,1,0,112946.67,1,True,False,False,0.9,High,15581198
744,32,4,96106.83,1,1,1,79812.77,0,True,False,True,0.06,Low,15729054
663,42,7,115930.87,1,1,0,19862.78,0,True,False,True,0.61,Medium,15573452
638,37,7,124513.66,2,1,0,158610.89,0,True,False,False,0.12,Low,15776733
688,54,9,0.0,1,1,0,191212.63,1,False,False,False,0.85,High,15724858
588,46,8,0.0,1,1,0,61931.21,0,False,True,True,0.11,Low,15713144
631,33,7,0.0,1,1,1,58043.02,1,False,False,True,0.74,High,15690188
687,35,8,100988.39,2,1,0,22247.27,0,False,True,True,0.04,Low,15689425
599,44,10,118577.24,1,1,1,31448.52,0,False,False,True,0.08,Low,15671766
718,28,6,0.0,2,1,0,146875.86,0,False,True,True,0.0,,15782806
730,27,5,0.0,2,1,1,116081.93,0,False,False,True,0.03,Low,15764419
533,39,2,0.0,1,0,1,73669.94,1,False,False,False,0.74,High,15591915
711,28,5,0.0,2,1,1,93959.96,0,False,True,False,0.0,,15772798
555,26,9,0.0,2,0,1,158918.03,0,False,True,False,0.0,,15792008
850,42,9,113311.11,1,1,1,198193.75,0,False,False,False,0.11,Low,15715541
678,41,9,0.0,1,0,0,13160.03,0,False,False,False,0.45,Medium,15639277
576,32,7,0.0,2,1,0,4660.91,0,False,False,True,0.0,,15798850
835,20,4,124365.42,1,0,0,180197.74,1,True,False,True,0.35,Medium,15776348
592,42,1,147249.29,2,1,1,63023.02,0,False,False,True,0.03,Low,15727696
774,36,7,103688.19,1,0,1,118971.74,0,False,False,True,0.01,Low,15793813
620,29,1,138740.24,2,0,0,154700.61,0,False,False,False,0.01,Low,15694395
519,39,4,111900.14,1,1,1,97577.17,0,False,True,True,0.0,,15764195
734,37,0,152760.24,1,1,1,48990.5,0,False,True,False,0.02,Low,15744919
763,31,7,143966.3,2,1,1,140262.96,1,True,False,True,0.64,Medium,15671655
733,51,10,141556.96,1,1,0,130189.53,0,False,False,True,0.22,Low,15654901
650,43,6,0.0,2,1,1,16301.91,0,False,False,False,0.02,Low,15649136
538,33,5,0.0,2,1,0,126962.41,0,False,False,False,0.0,,15775562
577,46,1,0.0,1,1,1,158750.53,0,False,False,False,0.64,Medium,15807481
792,30,8,0.0,2,1,0,199644.2,0,False,False,True,0.16,Low,15642885
686,41,10,0.0,1,1,1,144272.71,1,False,False,False,0.87,High,15789109
589,29,2,0.0,2,0,1,98320.27,0,False,False,True,0.0,,15814004
530,25,9,162560.32,1,1,0,64129.03,0,False,False,True,0.04,Low,15673619
778,29,7,123229.46,1,1,0,181221.09,0,True,False,False,0.1,Low,15595135
616,31,7,76665.71,2,1,1,163809.08,0,False,True,True,0.01,Low,15583681
550,38,9,140278.99,3,1,1,171457.06,1,False,False,True,0.94,High,15605000
655,51,3,0.0,2,0,1,15801.02,0,False,False,False,0.05,Low,15718071
721,46,1,115764.32,2,0,0,102950.79,0,False,False,True,0.16,Low,15679760
499,36,5,131142.53,2,1,0,174918.46,0,True,False,True,0.01,Low,15654574
511,45,5,68375.27,1,1,0,193160.25,1,False,False,True,0.79,High,15577178
579,39,5,117833.3,3,0,0,5831.0,1,True,False,False,0.97,High,15595324
696,36,7,0.0,2,1,1,82298.59,0,False,True,False,0.0,,15756932
681,34,7,0.0,2,0,0,130686.59,0,False,False,True,0.0,,15726358
815,45,7,0.0,1,0,1,52885.23,1,False,False,True,0.73,High,15595228
681,30,2,111093.01,1,1,0,68985.99,0,False,True,True,0.06,Low,15782530
641,42,9,132657.55,1,1,0,35367.19,0,False,True,True,0.11,Low,15592877
591,56,9,128882.49,1,1,1,196241.94,1,False,False,False,0.25,Low,15651983
565,59,9,69129.59,1,1,1,170705.53,0,True,False,True,0.08,Low,15746737
487,37,6,0.0,2,1,1,126477.41,0,False,False,True,0.0,,15774179
729,39,4,121404.64,1,1,1,159618.17,0,False,False,True,0.03,Low,15667265
505,45,9,131355.3,3,1,0,195395.33,1,False,True,False,0.93,High,15655123
580,35,1,102097.33,1,0,1,168285.85,0,False,False,False,0.06,Low,15595917
642,40,1,154863.15,1,1,1,138052.51,0,False,False,True,0.09,Low,15668385
850,41,3,99945.93,2,1,0,71179.31,0,False,True,False,0.05,Low,15709476
616,39,2,121704.32,2,1,0,55556.3,0,True,False,True,0.1,Low,15711218
526,43,3,0.0,2,1,0,31705.19,0,False,True,False,0.09,Low,15798659
523,35,8,138782.76,1,1,1,186118.93,0,True,False,True,0.07,Low,15663939
663,35,9,0.0,2,1,1,195580.28,0,False,False,True,0.0,,15694946
840,30,8,136291.71,1,1,0,54113.38,0,False,False,True,0.07,Low,15631912
570,42,0,107856.57,2,1,0,127528.84,0,True,False,True,0.08,Low,15768816
676,26,1,108348.66,1,0,0,60231.74,1,True,False,False,0.76,High,15682268
689,47,1,93871.95,3,1,0,156878.42,1,False,False,True,0.93,High,15684801
703,45,1,0.0,1,1,0,182784.11,1,False,True,False,0.83,High,15636428
491,19,2,125860.2,1,0,0,129690.5,0,True,False,True,0.09,Low,15809823
584,49,8,172713.44,1,1,0,113860.81,0,False,False,True,0.5,Medium,15699284
810,51,5,0.0,2,0,1,184524.74,0,False,False,False,0.04,Low,15786993
745,59,8,0.0,1,1,1,36124.98,0,False,True,False,0.16,Low,15709441
625,39,3,130786.92,1,0,1,121316.07,0,False,False,False,0.03,Low,15710257
535,29,2,112367.34,1,1,0,185630.76,0,False,False,False,0.04,Low,15582492
729,45,7,91091.06,2,1,0,71133.12,0,False,True,False,0.16,Low,15575694
655,26,7,106198.5,1,0,1,32020.42,0,False,False,False,0.03,Low,15756820
751,47,5,142669.93,2,1,0,162760.96,0,False,False,True,0.09,Low,15766289
525,33,1,112833.35,1,0,1,175178.56,0,False,False,True,0.04,Low,15593014
532,40,5,0.0,2,0,1,177099.71,0,False,False,False,0.05,Low,15584545
696,43,4,0.0,2,1,1,66406.37,0,False,True,False,0.02,Low,15675949
786,32,2,104336.43,2,0,0,59559.81,0,True,False,False,0.23,Low,15672091
580,55,6,104305.74,1,0,1,175750.21,0,False,False,True,0.13,Low,15801658
596,47,5,140187.1,2,1,1,174311.3,0,True,False,True,0.08,Low,15706185
683,39,4,0.0,2,1,0,171716.81,0,False,False,True,0.0,,15789863
747,45,1,114959.12,1,1,0,189362.39,1,False,False,False,0.64,Medium,15720943
602,33,5,164704.38,1,0,1,180716.1,1,False,False,True,0.06,Low,15697997
779,62,10,119096.55,1,0,1,116977.89,0,False,False,True,0.08,Low,15665416
551,31,1,0.0,2,1,1,185105.44,0,False,False,True,0.0,,15660200
666,47,2,0.0,1,1,0,35046.97,1,False,False,True,0.81,High,15619653
526,30,8,0.0,1,1,0,36251.0,0,False,True,True,0.06,Low,15773447
849,41,9,115465.28,1,1,0,103174.5,0,False,False,False,0.26,Low,15739160
471,27,4,0.0,2,1,0,122642.09,0,False,False,False,0.01,Low,15689237
628,43,3,184926.61,1,1,0,122937.57,0,False,True,True,0.2,Low,15679297
674,43,8,85957.88,2,1,0,8757.39,0,True,False,True,0.16,Low,15591433
797,32,10,114084.6,1,0,1,125782.29,0,False,False,True,0.01,Low,15642725
590,29,2,166930.76,2,1,0,122487.73,0,False,True,False,0.18,Low,15701962
588,27,8,0.0,1,1,0,20066.38,0,False,False,False,0.26,Low,15811613
577,29,7,0.0,2,1,1,55473.15,0,False,False,True,0.03,Low,15741049
571,38,6,107193.82,2,0,0,38962.94,0,False,False,False,0.02,Low,15724423
680,36,3,116275.12,1,1,1,63795.8,0,False,False,True,0.02,Low,15574305
648,27,7,0.0,2,1,1,163060.43,0,False,True,False,0.01,Low,15678168
618,39,2,91068.56,1,1,0,26578.69,0,False,False,True,0.16,Low,15697020
648,41,5,123049.21,1,0,1,5066.76,0,True,False,True,0.14,Low,15610801
759,39,6,0.0,2,1,1,140497.67,0,False,False,False,0.05,Low,15745232
585,40,7,0.0,2,0,0,146156.98,0,False,False,True,0.07,Low,15722758
774,42,3,137781.65,1,0,0,199316.19,0,False,False,False,0.28,Low,15792102
697,48,2,108128.96,2,1,1,103944.37,0,True,False,False,0.13,Low,15675185
605,39,10,105317.73,2,1,0,138021.36,0,False,True,True,0.03,Low,15801247
676,20,1,80569.73,1,0,0,68621.98,0,False,False,True,0.07,Low,15725660
678,22,4,174852.89,1,1,1,28149.06,0,False,False,False,0.05,Low,15638963
495,45,3,89158.94,3,1,0,135169.76,1,False,True,False,0.87,High,15800061
787,85,10,0.0,2,1,1,116537.96,0,False,False,False,0.03,Low,15578006
770,36,2,89800.14,1,1,1,105922.69,0,False,False,True,0.05,Low,15668504
817,45,9,101207.75,1,0,0,88211.12,1,True,False,True,0.9,High,15687491
659,43,1,106086.42,2,1,0,26900.63,0,False,False,True,0.11,Low,15610403
693,21,1,0.0,2,1,1,3494.02,0,False,False,True,0.01,Low,15741094
744,47,9,0.0,2,1,0,113163.17,0,False,False,True,0.02,Low,15807909
829,26,8,101440.36,2,1,1,19324.5,0,False,True,False,0.14,Low,15666141
716,38,4,0.0,2,1,0,189678.7,0,False,False,True,0.0,,15617134
671,34,7,106603.74,2,1,1,26387.71,0,False,False,True,0.03,Low,15783029
835,29,10,130420.2,2,0,0,106276.55,0,True,False,False,0.07,Low,15622833
636,38,1,0.0,1,1,0,45015.38,0,False,False,False,0.26,Low,15746422
649,29,2,45022.23,1,1,1,173495.77,0,False,True,True,0.11,Low,15750839
621,27,1,74298.43,1,1,1,52581.96,0,True,False,True,0.01,Low,15749130
658,31,3,133003.03,1,0,1,146339.27,1,True,False,False,0.63,Medium,15779862
784,48,7,0.0,2,1,1,182609.97,0,False,True,True,0.04,Low,15767871
783,37,1,136689.66,1,1,0,197890.65,0,False,True,False,0.07,Low,15679651
615,32,4,0.0,2,1,1,6225.63,0,False,False,True,0.0,,15576219
791,44,5,0.0,2,1,1,123977.86,1,False,False,False,0.68,Medium,15699247
762,53,1,102520.37,1,1,1,170195.4,0,False,False,True,0.12,Low,15619087
607,35,2,0.0,2,1,1,114190.3,0,False,False,True,0.0,,15605327
601,34,5,0.0,2,1,0,27022.57,0,False,False,False,0.01,Low,15610140
540,67,1,88382.01,1,0,1,59457.0,0,False,True,True,0.03,Low,15791174
812,44,4,115049.15,2,1,0,165038.41,0,False,False,True,0.08,Low,15602373
685,58,1,104796.54,1,1,1,154181.41,0,False,False,True,0.1,Low,15762605
680,33,1,123082.08,1,1,0,134960.98,0,False,False,True,0.01,Low,15598840
680,58,8,0.0,2,1,1,65708.5,0,False,True,False,0.05,Low,15744279
631,33,8,0.0,2,0,0,117374.22,0,False,False,False,0.0,,15670619
569,43,7,0.0,2,1,1,77703.19,0,False,False,False,0.04,Low,15599533
584,33,3,88311.48,2,1,1,177651.38,0,True,False,True,0.02,Low,15757837
582,40,9,0.0,3,1,1,60954.45,0,False,False,False,0.33,Medium,15697574
609,32,7,71872.19,1,1,1,151924.9,0,False,False,True,0.03,Low,15578738
506,35,6,110046.93,2,1,0,26318.73,0,False,True,True,0.08,Low,15762228
503,42,8,104430.08,1,1,1,147557.71,0,False,False,True,0.14,Low,15614827
503,28,5,0.0,2,1,0,125918.17,0,False,False,False,0.0,,15789815
806,31,10,138653.51,1,1,0,190803.37,0,True,False,True,0.13,Low,15579781
653,31,7,102575.04,1,1,1,11043.54,0,False,False,False,0.02,Low,15587013
666,43,7,137780.74,2,1,1,119100.05,1,False,False,True,0.57,Medium,15570932
674,32,2,0.0,2,1,0,140579.17,0,False,True,True,0.01,Low,15794661
798,32,7,0.0,2,0,1,37731.95,0,False,False,True,0.0,,15581654
740,30,8,105209.54,1,1,0,1852.58,0,False,False,False,0.02,Low,15644296
531,32,0,109570.21,2,1,1,172049.84,0,True,False,False,0.03,Low,15614420
614,44,6,118715.86,1,1,0,133591.11,1,True,False,False,0.86,High,15609653
556,35,10,0.0,2,1,1,192751.18,0,False,False,True,0.0,,15594577
678,43,2,153393.18,2,1,1,193828.27,0,True,False,False,0.06,Low,15584114
587,33,6,132603.36,1,1,0,55775.72,0,True,False,True,0.32,Medium,15673367
527,36,6,0.0,2,1,1,102280.29,0,False,True,False,0.0,,15685576
757,34,1,129398.01,2,0,0,44965.44,0,True,False,False,0.39,Medium,15774727
468,28,3,0.0,2,1,0,170661.02,0,False,True,True,0.03,Low,15694288
693,29,2,151352.74,1,0,0,197145.89,0,False,False,True,0.05,Low,15603319
483,44,5,136836.49,1,1,0,192359.9,1,False,False,False,0.29,Low,15759066
466,40,4,91592.06,1,1,0,141210.18,1,False,False,True,0.67,Medium,15814816
770,30,8,0.0,2,1,0,100557.03,0,False,False,False,0.02,Low,15724402
734,54,3,0.0,1,1,0,130805.54,1,False,False,False,1.0,High,15571059
716,22,8,0.0,2,1,1,92606.98,0,False,False,False,0.0,,15674206
439,36,2,165536.28,2,1,1,123956.83,0,False,False,True,0.02,Low,15715160
538,25,5,62482.95,1,1,1,102758.43,0,True,False,True,0.0,,15730448
743,40,8,68155.59,1,1,0,94876.65,0,False,False,True,0.18,Low,15662067
734,43,3,55853.33,2,0,1,94811.85,1,False,True,False,0.64,Medium,15779581
656,37,2,0.0,2,0,1,67840.81,0,False,False,True,0.0,,15662901
666,31,2,79589.43,1,0,0,4050.57,0,False,False,False,0.11,Low,15689751
627,41,5,100880.76,1,0,1,134665.25,0,False,True,True,0.05,Low,15667742
480,25,3,174330.35,2,0,0,181647.13,0,True,False,False,0.17,Low,15738448
792,19,7,143390.51,1,1,0,33282.84,0,False,False,True,0.31,Medium,15680243
613,59,8,91415.76,1,0,0,27965.0,1,True,False,True,0.93,High,15745083
476,30,3,134366.42,1,1,0,68343.53,0,True,False,True,0.12,Low,15708228
539,24,3,0.0,2,1,1,198161.07,0,False,False,False,0.03,Low,15628523
696,60,8,88786.81,1,1,1,196858.4,0,False,True,True,0.12,Low,15708196
810,35,3,96814.46,2,1,1,120511.03,0,True,False,True,0.0,,15735549
763,32,9,160680.41,1,1,0,30886.35,0,True,False,True,0.2,Low,15809347
640,29,3,0.0,2,1,0,2743.69,0,False,False,False,0.04,Low,15660866
655,47,10,0.0,2,1,0,167778.62,0,False,False,False,0.06,Low,15766609
526,31,5,145537.21,1,1,0,132404.64,0,True,False,True,0.04,Low,15654230
678,28,4,0.0,2,1,1,144423.17,1,False,False,False,0.0,,15794566
554,45,6,0.0,2,1,1,181204.5,0,False,False,False,0.01,Low,15800890
597,30,2,119370.11,1,1,1,182726.22,1,False,True,False,0.64,Medium,15697424
560,28,1,0.0,2,1,1,120880.72,0,False,True,False,0.01,Low,15724536
850,47,10,134381.52,1,0,0,26812.89,1,True,False,False,0.89,High,15735878
546,74,8,114888.74,2,1,1,66732.63,1,True,False,False,0.68,Medium,15707596
623,42,1,149332.48,2,1,0,100834.22,0,True,False,True,0.11,Low,15657163
698,40,7,105061.74,3,1,0,107815.31,1,False,False,False,0.94,High,15622478
620,32,7,0.0,2,1,1,34665.79,0,False,False,True,0.01,Low,15779529
619,40,10,0.0,1,1,1,147093.84,1,False,False,False,0.73,High,15636023
561,21,4,0.0,1,1,1,36942.35,0,False,False,True,0.01,Low,15582066
753,39,7,155062.8,1,1,1,16460.77,0,False,False,False,0.1,Low,15666675
721,43,3,88798.34,1,0,0,45610.63,0,False,True,True,0.16,Low,15732987
451,33,6,0.0,2,1,0,184954.11,0,False,False,True,0.13,Low,15789432
680,51,5,143139.87,1,0,0,47795.43,1,True,False,False,0.9,High,15663161
590,23,7,0.0,2,1,0,196789.9,0,False,True,False,0.01,Low,15694879
634,27,3,107027.52,1,1,0,173425.68,0,True,False,True,0.18,Low,15593715
676,29,4,140720.93,1,1,0,36221.18,0,False,False,True,0.09,Low,15575002
642,30,8,80964.57,2,1,0,174738.2,0,False,False,True,0.02,Low,15622171
760,39,6,178585.46,1,1,0,67131.3,1,False,False,True,0.88,High,15795224
736,26,4,135889.13,1,1,1,165692.03,0,False,True,False,0.07,Low,15685346
656,43,7,134919.85,1,1,0,194691.95,0,False,False,True,0.09,Low,15691808
776,33,8,115130.34,1,0,0,129525.5,1,True,False,True,0.25,Low,15721007
832,34,6,138190.13,2,0,1,146511.2,0,False,True,False,0.07,Low,15794253
631,37,9,131519.49,2,1,1,51752.18,0,True,False,True,0.02,Low,15694453
795,56,5,0.0,1,1,0,35418.69,1,False,True,False,0.91,High,15813113
648,39,3,126935.98,2,0,1,57995.74,0,True,False,False,0.18,Low,15614187
615,39,4,133707.09,1,1,1,108152.75,0,False,False,True,0.06,Low,15619407
682,27,1,97893.2,1,1,0,166144.98,0,False,False,False,0.02,Low,15646227
694,34,5,127900.03,1,1,0,101737.8,0,False,False,True,0.0,,15660541
694,37,10,143835.47,1,0,1,33326.71,0,False,False,True,0.02,Low,15753874
607,44,0,0.0,2,1,1,81140.09,0,False,False,True,0.05,Low,15617877
664,48,10,0.0,1,1,0,140173.17,1,False,False,True,0.9,High,15772073
756,60,2,0.0,1,1,1,166513.49,1,False,False,True,0.84,High,15701537
645,40,3,129596.77,1,1,1,103232.6,0,False,False,False,0.04,Low,15736228
653,30,4,0.0,2,1,0,120736.04,0,False,True,True,0.0,,15780572
710,24,2,110407.44,2,0,0,15832.43,1,True,False,False,0.65,Medium,15769596
697,76,7,0.0,2,0,1,188772.45,0,False,False,False,0.03,Low,15586996
619,41,8,142015.76,2,1,0,114323.66,0,True,False,False,0.19,Low,15722061
648,55,1,81370.07,1,0,1,181534.04,0,False,True,True,0.06,Low,15638003
482,48,2,69329.47,1,0,0,102640.52,1,True,False,False,0.57,Medium,15775590
548,28,8,116755.5,2,1,1,158585.17,1,False,False,False,0.07,Low,15730688
752,44,6,83870.33,1,1,0,178722.24,0,False,True,True,0.25,Low,15753102
648,39,6,130694.89,2,1,1,153955.38,1,False,False,False,0.08,Low,15810075
643,34,8,117451.47,1,1,0,65374.86,0,False,True,False,0.11,Low,15723373
573,35,9,206868.78,2,0,1,102986.15,0,True,False,False,0.04,Low,15795298
686,39,3,111695.62,1,0,0,136643.84,0,False,False,False,0.14,Low,15584320
644,40,9,137285.26,4,1,0,77063.63,1,False,False,False,0.97,High,15724161
702,29,6,149218.39,1,1,1,9633.01,0,False,False,False,0.01,Low,15750056
652,51,7,0.0,2,0,1,43496.36,0,False,False,True,0.15,Low,15609637
641,32,7,0.0,2,1,1,24267.28,0,False,True,True,0.01,Low,15794493
692,41,8,130701.29,1,1,0,59354.24,1,True,False,False,0.72,High,15569641
574,34,5,0.0,2,0,0,28269.86,0,False,True,True,0.0,,15815236
643,31,3,167949.48,1,1,0,143162.34,0,False,False,False,0.07,Low,15811177
834,23,4,131254.81,1,1,0,20199.3,0,False,False,True,0.11,Low,15680587
591,28,5,0.0,2,1,1,48606.92,0,False,False,True,0.0,,15672821
470,34,9,0.0,2,0,1,89013.67,0,False,True,True,0.0,,15767681
608,34,7,86656.13,1,0,1,59890.29,0,False,True,True,0.02,Low,15600379
649,37,8,114737.26,1,1,1,106655.88,1,True,False,False,0.77,High,15801336
665,38,5,0.0,2,1,0,156439.56,0,False,False,False,0.0,,15721592
651,39,6,0.0,1,1,0,24176.44,0,False,False,False,0.12,Low,15581282
555,62,4,119817.33,1,0,1,43507.1,1,True,False,True,0.78,High,15746203
637,48,7,130806.99,2,1,1,132005.85,1,False,False,False,0.7,Medium,15583137
675,49,0,0.0,1,1,1,80496.71,1,False,False,False,0.89,High,15680752
677,40,5,0.0,2,1,0,88947.56,0,False,True,True,0.01,Low,15688172
850,35,2,80931.75,1,0,0,12639.67,1,True,False,False,0.75,High,15791373
815,56,3,0.0,3,1,1,94248.16,1,False,False,False,0.89,High,15589449
665,32,1,132178.67,1,0,0,11865.76,0,True,False,True,0.3,Low,15692819
485,27,3,0.0,2,1,0,141449.86,0,False,False,False,0.01,Low,15727467
577,43,6,0.0,2,1,1,149457.81,0,False,True,True,0.02,Low,15734312
586,35,7,164769.02,3,1,0,119814.25,1,False,False,False,0.96,High,15764604
722,29,1,107233.85,2,1,0,24924.92,0,True,False,True,0.07,Low,15613014
528,27,7,176227.07,2,0,1,139481.53,0,False,False,False,0.03,Low,15759684
542,39,4,109949.39,2,1,1,41268.65,0,False,False,False,0.01,Low,15609669
552,34,5,0.0,2,1,1,1351.41,0,False,False,False,0.0,,15685536
678,60,10,117738.81,1,1,0,147489.76,1,False,False,False,0.99,High,15750447
575,37,9,133292.45,1,1,0,111175.09,0,False,True,False,0.04,Low,15663249
669,43,1,160474.59,1,1,1,95963.14,0,False,False,False,0.12,Low,15638646
636,43,6,0.0,2,1,0,43128.95,0,False,False,True,0.02,Low,15734161
667,55,9,154393.43,1,1,1,137674.96,1,True,False,True,0.29,Low,15631070
652,45,9,110827.49,1,1,1,153383.54,1,True,False,False,0.82,High,15761950
637,36,10,145750.45,2,1,1,96660.76,0,True,False,False,0.01,Low,15649668
516,45,8,109044.3,1,0,1,115818.16,0,False,True,False,0.28,Low,15713912
801,32,4,75170.54,1,1,1,37898.5,0,False,False,False,0.02,Low,15586757
692,42,2,0.0,2,1,0,145222.93,0,False,False,False,0.01,Low,15596522
585,28,6,105795.9,1,1,1,41219.09,0,False,False,False,0.02,Low,15625395
590,32,5,0.0,2,1,0,59249.83,0,False,False,True,0.0,,15760570
554,66,8,0.0,2,1,1,116747.62,0,False,True,True,0.0,,15566689
659,49,1,0.0,1,1,0,116249.72,1,False,False,False,0.89,High,15725794
690,26,3,118097.87,1,1,0,61257.83,0,False,False,False,0.08,Low,15673539
697,29,0,172693.54,1,0,0,141798.98,0,True,False,True,0.08,Low,15705298
610,36,4,129440.3,2,1,0,102638.35,0,False,False,True,0.01,Low,15675791
599,36,4,0.0,2,0,0,13210.56,0,False,True,True,0.01,Low,15747043
544,23,1,96471.2,1,1,0,35550.97,0,False,False,True,0.05,Low,15736397
548,46,1,0.0,1,1,1,104469.06,1,False,False,False,0.87,High,15678201
635,24,4,140197.18,1,1,1,142935.83,0,False,True,True,0.04,Low,15720745
722,20,6,0.0,2,1,0,195486.28,0,False,False,True,0.02,Low,15637593
564,33,4,135946.26,1,1,0,63170.0,0,False,False,False,0.0,,15598070
719,69,3,0.0,2,1,1,58320.06,0,False,False,True,0.0,,15787550
547,50,3,81290.02,3,0,1,177747.03,1,True,False,True,0.83,High,15603942
850,42,8,0.0,1,1,0,19632.64,1,False,False,False,0.47,Medium,15733973
515,60,9,113715.36,1,1,0,18424.24,1,True,False,True,0.96,High,15596761
667,56,2,168883.08,1,0,1,18897.78,0,False,True,True,0.06,Low,15652400
607,36,8,143421.74,1,1,0,97879.02,0,True,False,True,0.34,Medium,15717893
525,26,7,153644.39,1,1,1,63197.88,0,False,False,True,0.03,Low,15622585
606,53,1,109330.06,1,1,1,75860.01,0,False,True,False,0.31,Medium,15733964
686,27,1,115095.88,2,0,0,78622.46,0,True,False,False,0.04,Low,15753861
611,35,10,0.0,1,1,1,23598.23,1,False,False,True,0.68,Medium,15747097
827,46,1,183276.32,1,1,1,13460.27,0,False,True,True,0.12,Low,15594762
572,33,9,68193.72,1,1,0,19998.31,0,False,False,True,0.08,Low,15667417
726,32,8,0.0,2,0,0,185075.63,0,False,False,False,0.01,Low,15684861
579,31,6,139729.54,1,0,1,135815.38,0,True,False,True,0.03,Low,15742204
598,56,4,98365.33,1,1,1,44251.33,0,False,True,False,0.16,Low,15623502
663,36,10,0.0,2,1,0,136349.55,0,False,False,True,0.0,,15774872
505,37,10,122453.97,2,1,1,52693.99,0,True,False,False,0.08,Low,15611191
576,30,7,132174.41,2,0,0,93767.03,0,True,False,True,0.02,Low,15674331
555,24,2,0.0,2,0,1,197866.55,0,False,True,False,0.04,Low,15619465
524,30,1,0.0,2,1,0,126812.85,0,False,False,True,0.0,,15575247
776,39,2,104349.45,1,0,0,79503.05,0,False,True,True,0.07,Low,15695679
645,41,2,138881.04,1,1,0,129936.53,1,True,False,False,0.76,High,15713463
850,32,0,116968.91,1,0,0,175094.62,0,True,False,False,0.12,Low,15785170
603,35,1,105346.03,2,1,1,130379.5,0,True,False,True,0.02,Low,15796351
691,26,9,136623.19,1,1,0,153228.0,0,False,False,True,0.03,Low,15639576
583,29,10,0.0,2,1,1,111285.85,0,False,False,False,0.01,Low,15693264
584,66,5,0.0,1,1,0,49553.38,1,False,False,False,0.92,High,15589715
679,33,6,0.0,2,1,1,98015.85,0,False,False,False,0.0,,15769902
646,36,6,124445.52,1,1,0,88481.32,0,False,False,True,0.03,Low,15587177
559,34,5,68999.66,2,1,1,66879.27,0,False,False,False,0.02,Low,15814553
595,36,6,85768.42,1,1,1,24802.77,0,False,True,True,0.05,Low,15601550
527,47,1,0.0,1,1,0,21312.16,1,False,False,True,0.82,High,15664907
684,34,9,100628.0,2,1,1,190263.78,0,False,True,True,0.02,Low,15612465
673,32,0,0.0,1,1,1,72873.33,0,False,True,False,0.1,Low,15810800
802,38,7,0.0,2,0,1,57764.65,0,False,True,True,0.0,,15665760
675,54,6,0.0,1,1,0,110273.84,1,False,False,True,0.88,High,15588080
762,19,6,0.0,2,1,0,55500.17,0,False,True,False,0.01,Low,15776844
580,50,0,125647.36,1,1,0,57541.08,1,False,False,True,0.89,High,15717560
621,31,8,100375.39,1,1,1,90384.26,0,True,False,False,0.09,Low,15629739
411,36,10,0.0,1,0,0,120694.35,0,False,False,False,0.16,Low,15729908
815,24,7,171922.72,1,0,1,178028.96,0,False,False,True,0.03,Low,15716781
631,32,2,146810.99,2,1,1,180990.29,0,True,False,False,0.0,,15646936
514,45,3,109032.23,1,0,1,155407.21,1,True,False,False,0.86,High,15768151
638,57,6,0.0,1,1,0,33676.48,1,False,False,True,0.99,High,15579212
791,25,7,0.0,1,1,0,89666.28,0,False,True,True,0.06,Low,15721835
516,35,5,128653.59,1,1,0,127558.26,0,False,False,True,0.01,Low,15800515
734,37,3,80387.81,1,0,1,77272.62,0,False,False,True,0.03,Low,15591279
611,58,8,0.0,2,0,1,107665.68,1,False,False,True,0.52,Medium,15587419
850,43,0,108508.82,3,1,0,184044.8,1,True,False,True,0.64,Medium,15750335
641,31,10,155978.17,1,1,0,91510.71,0,False,False,True,0.01,Low,15699619
585,38,5,0.0,1,1,1,87363.56,0,False,False,False,0.03,Low,15606472
552,50,4,121175.56,1,1,0,117505.07,1,True,False,True,0.97,High,15778368
507,29,4,89349.47,2,0,0,180626.68,0,False,False,False,0.01,Low,15671387
735,38,7,86131.71,2,0,0,93478.96,0,False,True,True,0.06,Low,15573926
707,58,3,102346.86,1,1,1,114672.64,0,False,False,False,0.35,Medium,15709183
698,36,7,121263.62,1,1,1,13387.88,0,True,False,False,0.14,Low,15577514
841,31,2,0.0,2,1,0,173240.52,0,False,False,True,0.03,Low,15778830
688,33,2,0.0,1,0,0,27557.18,1,False,True,False,0.81,High,15768072
614,51,3,0.0,2,1,1,5552.37,0,False,False,True,0.01,Low,15768293
511,48,6,149726.08,1,0,0,88307.87,1,True,False,True,0.93,High,15654456
447,43,2,0.0,2,1,0,33879.26,1,False,False,True,0.74,High,15807525
738,35,5,161274.05,2,1,0,181429.87,0,False,False,True,0.02,Low,15574372
422,33,2,0.0,2,1,0,102655.31,0,False,False,False,0.01,Low,15671249
537,30,1,103138.17,1,1,1,96555.42,0,False,True,True,0.06,Low,15779744
707,40,3,109628.44,1,1,0,189366.03,0,True,False,False,0.17,Low,15624755
690,54,5,0.0,1,1,0,12847.61,1,False,False,True,0.95,High,15611430
664,33,7,97286.16,2,1,0,143433.33,0,True,False,True,0.0,,15774744
850,33,7,118004.26,1,1,0,183983.82,0,False,False,False,0.03,Low,15629885
584,32,9,85534.83,1,0,0,169137.24,0,False,True,True,0.02,Low,15708791
728,59,4,0.0,1,1,1,163365.85,1,False,False,False,0.68,Medium,15793890
560,43,4,95140.44,2,1,0,123181.44,1,False,True,False,0.75,High,15646091
629,31,6,0.0,1,1,1,16447.6,1,False,False,False,0.71,High,15596984
658,25,3,0.0,2,0,1,173948.4,0,False,False,True,0.0,,15800215
794,54,1,75900.84,1,1,1,192154.66,0,True,False,False,0.14,Low,15577806
790,41,2,126619.27,1,1,0,198224.38,0,False,False,False,0.06,Low,15749381
640,44,7,111833.47,1,1,0,67202.74,0,False,False,True,0.05,Low,15683758
652,37,7,0.0,2,1,0,68789.93,0,False,True,True,0.02,Low,15670615
583,57,3,238387.56,1,0,1,147964.99,1,False,False,False,0.87,High,15715622
775,32,2,108698.96,2,1,1,161069.73,0,False,False,False,0.15,Low,15707634
584,39,2,112687.69,1,1,1,127749.61,0,False,False,False,0.07,Low,15806901
635,48,4,81556.89,2,1,0,191914.37,0,True,False,False,0.16,Low,15775335
814,48,9,136596.85,1,1,1,185791.9,0,False,False,True,0.28,Low,15724150
735,43,9,98807.45,1,0,0,184570.04,1,True,False,False,0.83,High,15627220
678,31,1,0.0,2,0,1,130446.65,0,False,False,False,0.01,Low,15672330
693,37,1,0.0,2,1,1,82867.55,0,False,False,True,0.0,,15668521
640,30,6,107499.7,1,1,1,187632.22,0,False,False,False,0.04,Low,15807837
773,23,8,0.0,2,1,0,56759.79,0,False,True,False,0.02,Low,15592570
736,30,9,0.0,2,1,0,34180.33,0,False,False,False,0.0,,15748589
693,28,8,0.0,2,1,1,158545.25,0,False,False,False,0.01,Low,15635893
496,41,1,176024.05,2,1,0,182337.98,0,False,False,False,0.14,Low,15757632
751,39,3,0.0,2,1,1,84175.34,0,False,False,False,0.03,Low,15691863
528,39,0,127631.62,1,0,1,22197.8,1,True,False,True,0.75,High,15706071
754,19,9,0.0,1,1,0,189641.11,0,False,True,False,0.39,Medium,15654296
568,26,10,109819.16,2,1,0,154491.39,0,True,False,False,0.03,Low,15755018
592,41,2,138734.94,1,1,0,90020.74,0,False,True,False,0.11,Low,15594041
558,25,10,111363.1,2,1,0,197264.35,0,True,False,True,0.04,Low,15670587
825,34,9,0.0,2,1,1,31933.06,0,False,False,True,0.0,,15724527
677,28,0,143988.0,2,1,0,8755.69,1,True,False,True,0.62,Medium,15801904
653,34,5,118838.75,1,1,1,52820.13,0,False,False,True,0.0,,15658195
593,35,4,161637.75,1,1,1,20008.46,0,False,True,True,0.02,Low,15630113
632,44,3,133793.89,1,1,1,34607.14,1,False,False,False,0.74,High,15784320
601,35,8,71553.83,1,1,0,177384.45,0,True,False,True,0.11,Low,15676513
786,62,8,0.0,1,1,1,165702.64,0,False,False,False,0.25,Low,15574072
654,40,3,0.0,2,1,0,167889.1,0,False,False,False,0.03,Low,15633854
572,38,7,0.0,2,1,1,133122.62,0,False,False,False,0.0,,15618566
813,62,10,64667.95,2,0,1,140454.14,0,False,False,False,0.09,Low,15733014
523,28,2,121164.11,1,1,1,59938.81,0,False,False,False,0.04,Low,15753343
506,50,3,0.0,2,1,0,12016.79,0,False,True,True,0.02,Low,15746076
513,72,3,98903.06,1,1,1,81251.24,0,False,True,True,0.03,Low,15608226
664,31,7,104158.84,1,1,0,134169.85,0,False,False,False,0.01,Low,15605684
684,54,6,0.0,2,1,1,94888.6,0,False,False,True,0.01,Low,15638988
608,63,3,139529.93,2,1,1,175696.16,1,False,True,False,0.21,Low,15628767
527,25,6,0.0,2,0,1,96758.58,0,False,False,False,0.0,,15737977
666,53,5,64646.7,1,1,0,128019.48,1,False,False,True,0.95,High,15758116
779,71,3,0.0,2,1,1,146895.36,1,False,False,True,0.0,,15575119
629,40,6,0.0,2,1,1,139356.3,0,False,False,False,0.03,Low,15625126
430,35,1,118894.22,1,0,0,2923.61,0,False,False,True,0.08,Low,15567114
712,24,2,0.0,1,0,1,121232.51,0,False,False,True,0.11,Low,15672242
682,30,9,0.0,2,1,1,2053.42,0,False,False,True,0.01,Low,15681327
634,41,8,68213.99,1,1,1,6382.46,0,False,False,False,0.05,Low,15802585
487,31,1,0.0,2,1,0,158750.13,0,False,True,False,0.0,,15740630
808,47,8,139196.0,1,0,1,74028.36,0,False,True,True,0.03,Low,15815420
527,32,7,0.0,2,1,1,44099.75,0,False,False,False,0.03,Low,15711468
637,50,4,126345.55,1,0,1,17323.0,1,True,False,True,0.92,High,15799626
802,40,5,0.0,2,1,1,175043.69,0,False,True,True,0.0,,15659325
529,38,2,0.0,1,1,0,146388.85,1,False,False,False,0.64,Medium,15651352
850,43,3,0.0,2,0,0,2465.8,0,False,False,False,0.16,Low,15684925
738,18,4,0.0,2,1,1,47799.15,0,False,False,True,0.07,Low,15657439
817,34,5,129278.43,1,0,0,165562.84,0,False,False,True,0.01,Low,15574122
735,31,3,119558.35,1,0,0,72927.68,0,False,False,True,0.01,Low,15720508
619,41,5,92467.58,1,1,0,38270.47,0,True,False,False,0.13,Low,15599078
671,27,5,0.0,2,0,0,120893.07,0,False,False,True,0.0,,15702300
581,31,6,0.0,2,1,0,188377.21,0,False,True,False,0.0,,15660735
690,36,10,0.0,2,1,0,55902.93,0,False,True,True,0.01,Low,15671390
579,56,4,99340.83,1,0,0,4523.74,1,False,True,True,0.75,High,15647385
688,24,3,0.0,2,1,1,102195.16,0,False,True,False,0.0,,15739223
599,28,4,126833.79,2,1,0,60843.09,1,False,True,False,0.63,Medium,15631305
729,29,5,109676.52,1,1,1,25548.47,0,True,False,True,0.04,Low,15809263
718,29,3,0.0,1,0,1,134462.29,0,False,False,False,0.04,Low,15640866
712,53,6,134729.99,2,1,1,132702.64,0,True,False,True,0.1,Low,15775663
474,37,3,98431.37,1,0,0,75698.44,0,False,False,True,0.02,Low,15631800
565,33,8,130368.31,2,1,0,105642.43,0,True,False,True,0.02,Low,15654292
658,31,7,123974.96,1,1,0,102153.75,0,False,False,False,0.0,,15648320
714,63,4,138082.16,1,0,1,166677.54,0,False,False,True,0.06,Low,15726747
725,45,1,129855.32,1,0,0,24218.65,0,False,False,True,0.11,Low,15694510
825,40,6,132308.22,1,0,0,117122.5,0,False,False,True,0.12,Low,15572291
665,45,5,155447.65,2,1,0,51871.95,1,True,False,False,0.71,High,15603465
670,35,2,124268.64,2,0,1,84321.03,0,False,True,True,0.03,Low,15685628
474,34,9,176311.36,1,1,0,160213.27,0,True,False,False,0.16,Low,15792729
591,40,2,99886.42,2,1,1,88695.19,0,False,False,True,0.05,Low,15767414
508,31,7,0.0,2,1,1,6123.15,0,False,False,False,0.01,Low,15568044
695,36,2,0.0,2,0,1,167749.54,0,False,False,False,0.02,Low,15751333
660,24,5,85089.3,1,1,1,71638.0,0,True,False,True,0.01,Low,15623062
687,41,10,134318.21,2,1,1,198064.52,0,True,False,True,0.01,Low,15713621
658,29,5,75395.53,2,0,1,54914.92,0,True,False,True,0.01,Low,15670668
705,33,5,116765.7,1,0,0,190659.17,1,True,False,False,0.81,High,15750638
739,60,4,0.0,1,1,1,51637.67,0,False,True,True,0.17,Low,15747878
844,38,7,111501.66,1,1,1,119333.38,0,False,False,True,0.02,Low,15726796
602,48,7,76595.08,2,0,0,127095.14,0,True,False,False,0.17,Low,15754952
759,33,9,160541.36,2,0,0,93541.14,0,False,False,False,0.1,Low,15652192
747,38,2,129728.6,1,1,0,89289.54,0,True,False,True,0.13,Low,15681924
673,47,1,0.0,2,0,0,108762.16,0,False,False,True,0.0,,15763544
671,34,5,130929.02,4,1,1,28238.25,1,False,True,False,0.97,High,15764431
640,74,2,116800.25,1,1,1,34130.43,0,True,False,False,0.12,Low,15684010
581,40,0,101016.53,1,0,1,7926.35,1,True,False,True,0.79,High,15648881
630,67,5,0.0,2,1,1,27330.27,0,False,False,True,0.0,,15733303
703,33,8,190566.65,1,1,1,79997.14,0,False,False,False,0.08,Low,15643294
698,47,6,0.0,1,1,0,50213.81,1,False,True,False,0.9,High,15749905
742,43,6,97067.69,1,0,1,60920.03,1,True,False,False,0.81,High,15625175
652,37,4,92208.54,1,0,1,197699.8,1,False,False,False,0.74,High,15643967
644,37,2,186347.97,2,1,0,92809.73,0,False,False,True,0.01,Low,15578251
735,55,2,103176.62,1,0,1,163516.16,0,False,True,True,0.09,Low,15772573
777,58,4,0.0,1,1,1,62449.07,1,False,False,False,0.57,Medium,15733234
644,40,4,77270.08,2,1,1,115800.1,1,True,False,False,0.62,Medium,15721582
665,37,3,111911.63,1,1,1,110359.68,1,True,False,False,0.75,High,15628219
529,72,5,94216.05,1,1,1,78695.68,0,True,False,True,0.05,Low,15571302
803,45,7,0.0,2,1,1,128378.04,0,False,True,False,0.1,Low,15637178
604,26,3,0.0,2,1,0,155248.62,0,False,True,False,0.02,Low,15601184
738,49,6,106770.82,1,1,0,123499.27,0,False,False,True,0.18,Low,15629511
655,72,5,138089.97,2,1,1,99920.41,0,True,False,False,0.07,Low,15570629
698,39,9,133191.19,2,0,1,53289.49,0,True,False,True,0.1,Low,15665766
775,66,9,0.0,2,1,1,67622.34,0,False,False,False,0.0,,15693732
735,41,7,74135.85,1,1,1,11783.1,1,False,False,True,0.65,Medium,15765982
766,41,6,99208.46,2,1,0,62402.38,0,False,True,True,0.01,Low,15582016
537,84,8,92242.34,1,1,1,186235.98,0,True,False,True,0.1,Low,15798024
599,25,7,108380.72,1,1,1,79005.95,0,True,False,True,0.0,,15588622
420,55,4,91893.32,1,1,0,144870.28,1,False,True,False,0.93,High,15724863
674,32,7,85757.93,1,1,1,95481.0,0,False,False,False,0.0,,15618213
570,46,3,0.0,2,0,0,820.46,0,False,False,False,0.04,Low,15780411
623,33,8,96759.42,1,1,1,174777.98,0,True,False,True,0.06,Low,15725429
710,30,6,0.0,2,1,1,8991.17,0,False,False,True,0.02,Low,15600626
466,29,6,0.0,2,1,1,2797.27,0,False,False,True,0.0,,15668460
759,22,5,0.0,1,1,0,22303.17,0,False,False,False,0.19,Low,15576263
581,71,4,0.0,2,1,1,197562.08,0,False,False,True,0.07,Low,15720354
820,33,2,132150.26,2,1,0,23067.97,0,False,False,True,0.03,Low,15691624
759,41,9,0.0,2,0,1,190294.12,0,False,False,True,0.03,Low,15793196
628,31,6,175443.75,1,1,0,113167.17,1,False,False,False,0.39,Medium,15633352
676,31,3,78990.15,1,1,1,124777.14,0,False,False,True,0.02,Low,15750874
591,33,4,113743.37,1,1,0,124625.08,0,False,False,False,0.03,Low,15588923
690,26,5,157624.84,1,1,1,49599.27,0,False,False,False,0.04,Low,15715745
624,62,7,125163.62,2,1,1,151411.5,0,False,False,False,0.06,Low,15611800
573,23,2,0.0,1,1,0,122964.18,0,False,False,False,0.31,Medium,15576928
694,60,9,0.0,1,1,1,57088.97,0,False,False,True,0.19,Low,15793693
632,29,7,80922.75,1,1,0,7820.78,0,False,True,False,0.07,Low,15581252
632,40,3,193354.86,2,1,0,149188.41,0,False,False,True,0.05,Low,15797760
832,40,9,107648.94,2,1,1,134638.97,0,True,False,False,0.06,Low,15790564
598,46,7,131769.04,1,0,0,184980.23,1,True,False,False,0.89,High,15593736
430,36,1,138992.48,2,0,0,122373.42,0,True,False,True,0.24,Low,15595937
711,37,8,113899.92,1,0,0,80215.2,0,False,False,False,0.04,Low,15815628
582,26,6,114450.32,1,1,1,14081.64,0,True,False,True,0.11,Low,15782802
605,39,3,0.0,2,1,0,199390.45,0,False,False,True,0.02,Low,15627412
657,37,2,0.0,2,1,1,7667.48,0,False,False,False,0.01,Low,15734609
578,40,6,63609.92,1,0,0,74965.61,1,False,True,True,0.69,Medium,15710689
532,38,9,0.0,2,0,0,30583.95,0,False,False,True,0.0,,15565806
612,42,10,75497.51,1,0,0,149682.78,0,False,False,False,0.23,Low,15815530
792,42,2,0.0,2,1,0,92664.09,0,False,False,False,0.05,Low,15632272
674,26,10,0.0,2,1,1,138423.1,0,False,False,False,0.01,Low,15684103
680,31,1,0.0,2,1,1,3148.2,0,False,False,True,0.01,Low,15654519
593,39,0,117704.73,1,1,0,197933.5,0,False,False,False,0.05,Low,15767722
679,35,1,130463.55,2,1,1,37341.17,0,True,False,True,0.07,Low,15654346
493,32,8,46161.18,1,1,1,79577.4,0,False,True,True,0.04,Low,15660147
688,42,5,0.0,2,0,0,197602.29,0,False,True,True,0.02,Low,15814998
769,43,4,110182.54,2,1,1,87537.32,0,True,False,True,0.05,Low,15802207
581,49,10,0.0,2,0,0,41623.59,0,False,True,True,0.09,Low,15658668
465,41,9,117221.15,1,1,0,168280.95,0,False,False,True,0.15,Low,15715079
641,35,4,0.0,2,0,0,125986.18,0,False,False,False,0.0,,15570360
731,43,9,79120.27,1,0,0,548.52,1,True,False,False,0.4,Medium,15674678
625,37,1,177069.24,2,1,1,96088.54,0,False,False,True,0.04,Low,15780925
468,36,3,61636.97,1,0,0,107787.42,0,False,False,True,0.01,Low,15688193
790,26,5,0.0,1,1,0,20510.79,0,False,False,True,0.08,Low,15778219
587,37,6,104414.03,1,1,0,192026.02,0,True,False,False,0.29,Low,15696514
692,66,4,159732.02,1,1,1,118188.15,0,False,False,True,0.1,Low,15712303
676,34,4,89437.03,1,1,1,189540.95,0,True,False,False,0.12,Low,15719090
571,41,8,0.0,1,1,1,63736.17,0,False,False,True,0.04,Low,15735632
700,32,3,0.0,1,0,0,95740.37,0,False,False,False,0.12,Low,15619436
445,30,3,0.0,2,1,1,127939.19,0,False,False,False,0.0,,15722404
746,36,7,142400.77,1,1,1,193438.69,0,False,False,True,0.01,Low,15662063
722,47,2,88011.4,1,1,1,90655.94,1,False,False,False,0.75,High,15745605
596,36,2,0.0,2,1,1,12067.39,0,False,False,True,0.02,Low,15636658
850,30,8,154870.28,1,1,1,54191.38,0,True,False,False,0.09,Low,15784130
597,46,4,0.0,2,1,0,58667.16,1,False,True,False,0.14,Low,15606755
436,43,5,0.0,2,1,1,35687.43,0,False,True,True,0.06,Low,15801699
660,28,1,118402.25,2,1,0,14288.93,0,True,False,True,0.05,Low,15784097
649,37,9,87374.88,2,1,1,247.36,0,False,False,True,0.03,Low,15764654
646,32,8,105397.8,1,1,0,78111.84,1,True,False,True,0.64,Medium,15612092
560,31,5,125341.69,1,1,0,79547.39,0,False,True,False,0.1,Low,15610903
710,49,10,129164.88,1,1,1,193266.72,0,True,False,True,0.16,Low,15705777
513,40,3,141004.46,1,1,0,105028.46,0,False,False,True,0.12,Low,15661936
607,21,0,0.0,2,1,0,116106.52,0,False,False,False,0.07,Low,15700864
757,57,3,89079.41,1,1,1,53179.21,1,False,False,True,0.67,Medium,15722965
619,40,9,103604.31,2,0,0,140947.05,0,True,False,True,0.08,Low,15737521
612,24,1,182705.05,1,1,1,171837.06,0,False,False,True,0.07,Low,15814465
842,29,8,0.0,2,1,1,123437.05,0,False,False,True,0.0,,15580988
713,33,6,94598.48,1,0,0,197519.66,1,False,False,True,0.68,Medium,15789974
657,36,8,188241.05,2,0,0,183058.51,1,False,True,True,0.69,Medium,15713370
770,37,9,0.0,2,0,0,22710.72,0,False,False,False,0.04,Low,15748673
773,40,10,0.0,2,0,1,69303.15,0,False,False,False,0.05,Low,15754919
470,39,5,117469.91,2,0,0,63705.9,0,True,False,True,0.03,Low,15641662
781,35,4,80790.74,1,1,0,116429.51,0,False,True,True,0.01,Low,15813422
428,62,1,107735.93,1,0,1,58381.77,0,False,False,False,0.2,Low,15713596
600,43,8,133379.41,1,1,0,177378.66,1,True,False,True,0.48,Medium,15791216
697,37,7,168066.87,1,1,0,35450.53,0,False,True,False,0.09,Low,15689031
692,43,2,69014.49,2,0,0,164621.43,0,True,False,False,0.12,Low,15763704
791,28,4,0.0,1,1,0,174435.48,0,False,False,True,0.06,Low,15631339
538,42,1,98548.62,2,0,1,94047.75,0,True,False,False,0.2,Low,15771509
820,49,1,0.0,2,1,1,119087.25,0,False,False,False,0.03,Low,15769586
679,26,3,76554.06,1,1,1,184800.27,0,False,True,False,0.05,Low,15656096
649,36,2,0.0,2,0,1,75035.48,0,False,False,False,0.09,Low,15585280
632,27,3,107375.82,1,1,1,62703.38,0,False,False,False,0.02,Low,15743582
594,40,9,122417.17,2,0,1,190882.69,0,False,False,True,0.04,Low,15761692
682,42,0,0.0,1,0,1,91981.85,1,False,False,False,0.32,Medium,15627840
720,33,6,97188.62,1,0,0,91881.29,0,False,True,True,0.05,Low,15778861
769,31,4,61297.05,2,1,1,7118.02,0,False,False,True,0.03,Low,15770554
746,30,1,112666.67,1,0,0,11710.4,1,False,True,True,0.66,Medium,15806956
623,40,7,0.0,1,1,1,25904.12,0,False,True,False,0.09,Low,15701908
537,28,3,157842.07,1,1,0,86911.49,0,False,False,True,0.05,Low,15736990
468,46,7,91443.75,1,1,0,10958.18,0,False,False,True,0.2,Low,15743714
588,30,0,110148.49,1,1,0,5790.9,1,True,False,False,0.78,High,15807993
729,34,9,53299.96,2,1,1,42855.97,0,False,True,False,0.04,Low,15644686
543,37,3,0.0,2,1,1,78915.68,0,False,True,True,0.01,Low,15677377
499,39,6,0.0,2,1,1,81409.0,0,False,True,True,0.0,,15626412
784,28,2,70233.74,2,1,1,179252.73,0,True,False,True,0.01,Low,15643679
604,33,3,0.0,1,1,0,42171.13,1,False,False,True,0.13,Low,15728456
614,25,10,75212.28,1,1,0,58965.04,0,False,True,False,0.07,Low,15630661
671,31,7,41299.03,1,0,1,102681.32,0,False,False,False,0.21,Low,15734044
587,35,3,83286.56,1,1,0,125553.52,0,False,True,False,0.05,Low,15705001
593,43,10,0.0,2,0,0,53478.02,0,False,True,True,0.04,Low,15809817
453,29,6,0.0,1,0,0,198376.02,1,False,False,True,0.76,High,15809137
570,35,6,85668.59,1,1,0,105525.36,0,True,False,True,0.03,Low,15751593
655,45,7,57327.04,1,0,1,47349.0,0,False,False,False,0.08,Low,15626491
632,47,3,0.0,2,1,0,178822.32,0,False,True,True,0.03,Low,15765461
681,37,7,69609.85,1,1,1,72127.83,0,False,False,False,0.03,Low,15568120
591,46,4,129269.27,1,1,0,163504.33,0,True,False,True,0.3,Low,15787161
779,27,1,0.0,2,1,1,190623.02,0,False,False,True,0.01,Low,15812324
456,63,1,165350.61,2,0,0,140758.07,1,False,False,False,0.76,High,15588944
686,41,7,152105.57,2,0,1,132374.41,0,False,False,False,0.06,Low,15694253
617,74,10,0.0,2,1,1,53949.98,0,False,False,True,0.01,Low,15759566
850,32,5,106290.64,1,1,0,121982.73,0,False,False,False,0.03,Low,15675675
646,30,10,100548.67,2,0,0,136983.77,0,True,False,False,0.07,Low,15802060
735,46,2,106344.95,1,1,0,114371.33,1,True,False,True,0.97,High,15660505
543,35,5,137482.19,1,0,0,62389.35,0,False,False,True,0.01,Low,15782630
490,37,3,116465.53,1,0,1,24435.77,0,False,False,False,0.0,,15700710
640,45,1,0.0,1,1,1,10908.33,0,False,False,True,0.18,Low,15742834
445,45,10,0.0,2,0,1,90977.48,0,False,True,True,0.1,Low,15806511
761,36,9,127637.92,1,1,1,81062.93,0,False,False,True,0.02,Low,15608166
426,34,3,0.0,2,1,1,61230.83,0,False,False,False,0.0,,15614230
777,37,1,0.0,1,1,1,126837.72,0,False,False,True,0.09,Low,15729958
534,35,2,81951.74,2,1,0,115668.53,0,False,False,True,0.02,Low,15800814
777,42,5,147531.82,1,1,1,38819.45,0,False,False,False,0.13,Low,15674727
806,18,3,0.0,2,1,1,86994.54,0,False,True,True,0.09,Low,15657779
790,33,10,135120.72,1,0,0,195204.99,0,False,False,False,0.06,Low,15801395
643,32,2,0.0,1,0,0,131301.74,0,False,True,False,0.15,Low,15757911
584,37,8,0.0,2,0,1,100835.19,0,False,True,False,0.0,,15665340
638,34,7,0.0,2,1,1,198969.78,0,False,False,False,0.03,Low,15787151
771,18,1,0.0,2,0,0,41542.95,0,False,True,True,0.01,Low,15757821
600,39,5,0.0,2,0,0,118272.07,0,False,False,False,0.02,Low,15600688
661,41,5,28082.95,1,1,0,69586.27,1,False,True,False,0.68,Medium,15594878
554,43,10,0.0,2,1,0,149629.13,1,False,False,False,0.12,Low,15569248
627,49,4,111087.5,1,0,1,146680.25,0,False,True,True,0.1,Low,15812706
659,38,9,0.0,2,1,1,132809.18,0,False,False,False,0.0,,15645045
835,35,6,127120.07,1,1,0,28707.69,0,False,False,True,0.06,Low,15766746
763,35,7,115651.6,2,1,1,104706.29,0,False,False,False,0.03,Low,15700383
625,31,4,77743.01,2,1,0,75335.68,0,True,False,True,0.03,Low,15632551
799,30,9,0.0,2,1,0,136827.96,0,False,False,False,0.0,,15795129
849,69,7,71996.09,1,1,1,139065.94,0,False,False,True,0.04,Low,15650545
692,28,5,61581.97,1,1,1,70179.91,0,False,False,True,0.02,Low,15612769
623,24,5,0.0,2,1,0,116160.04,0,False,False,False,0.01,Low,15710853
453,42,5,0.0,3,1,0,83008.49,1,False,True,False,0.91,High,15623712
408,84,8,87873.39,1,0,0,188484.52,1,False,False,False,0.86,High,15653251
778,37,0,105617.73,2,1,1,133699.82,1,True,False,False,0.71,High,15755077
695,42,5,0.0,1,0,1,72172.13,1,False,False,False,0.23,Low,15808557
677,44,4,148770.61,2,1,1,191057.76,0,True,False,False,0.1,Low,15614687
662,37,5,94901.09,1,1,1,48233.75,0,False,True,True,0.05,Low,15626882
534,29,7,174851.9,1,1,1,79178.31,0,False,False,True,0.0,,15748034
602,59,7,0.0,2,1,1,162347.05,0,False,False,True,0.01,Low,15632324
554,43,2,120847.11,1,1,0,7611.61,1,True,False,False,0.82,High,15761023
667,42,6,0.0,1,1,0,88890.05,0,False,False,True,0.07,Low,15761453
672,43,5,0.0,1,0,0,63833.09,0,False,False,True,0.13,Low,15646726
838,67,4,103267.8,1,1,1,78310.04,0,False,True,False,0.17,Low,15637169
692,34,4,109699.08,1,1,1,37898.91,0,False,True,False,0.01,Low,15636024
675,49,8,135133.39,1,0,1,179521.24,1,False,False,True,0.8,High,15801218
731,33,1,0.0,1,1,0,130726.96,0,False,True,True,0.05,Low,15642655
468,32,8,137649.47,1,0,0,198714.29,0,False,False,False,0.03,Low,15690130
542,43,6,113567.94,1,1,0,89543.25,0,False,True,True,0.12,Low,15653753
662,35,6,0.0,2,0,0,2423.9,1,False,True,False,0.69,Medium,15641359
770,37,5,141547.26,2,0,1,180326.83,0,True,False,True,0.01,Low,15776827
675,61,5,62055.17,3,1,0,166305.16,1,False,False,False,1.0,High,15647725
647,51,4,131156.76,1,1,0,29883.63,0,True,False,True,0.92,High,15648455
604,31,6,134837.58,1,1,0,192029.19,0,False,False,True,0.02,Low,15580629
833,39,3,0.0,2,1,0,1710.89,0,False,False,False,0.09,Low,15730161
741,40,4,104784.23,1,1,0,135163.76,1,False,True,True,0.71,High,15626612
658,36,1,0.0,2,0,1,84927.42,0,False,True,True,0.0,,15662865
528,36,1,156948.41,1,1,1,149912.28,1,False,False,False,0.07,Low,15629094
590,60,6,147751.75,1,1,0,88206.04,1,False,False,False,0.98,High,15651823
675,34,1,124619.33,2,0,1,163667.56,0,False,False,True,0.0,,15594827
765,41,4,124182.21,1,0,0,100153.43,0,False,False,True,0.02,Low,15786392
650,64,7,142028.36,1,1,0,32275.09,1,False,False,False,0.92,High,15727353
817,44,8,0.0,1,0,0,65501.91,1,False,False,True,0.75,High,15733777
699,31,10,125837.86,2,1,0,189392.66,0,True,False,False,0.04,Low,15614302
495,34,9,117160.32,1,1,1,116069.24,1,True,False,False,0.83,High,15723263
491,61,8,0.0,2,0,1,139861.53,0,False,True,False,0.09,Low,15687270
847,51,5,97565.74,1,0,0,144184.06,1,False,False,True,0.85,High,15803121
676,30,5,0.0,2,0,1,157888.5,0,False,True,False,0.0,,15598700
746,25,3,104833.79,1,0,0,71911.3,0,False,True,False,0.05,Low,15741875
470,31,2,101675.22,2,1,0,45033.75,0,False,True,False,0.04,Low,15631709
714,20,3,0.0,2,0,1,150465.93,0,False,True,True,0.01,Low,15672970
695,50,8,0.0,1,1,0,126381.6,1,False,False,False,0.93,High,15761670
674,46,2,174701.05,1,1,0,90189.72,1,False,False,True,0.48,Medium,15706005
664,36,6,71142.77,2,1,0,122433.09,0,True,False,True,0.03,Low,15790336
697,31,3,108805.42,2,0,1,123825.83,0,True,False,True,0.03,Low,15754267
670,68,4,0.0,2,1,1,11426.7,0,False,False,True,0.02,Low,15791988
541,32,4,0.0,1,1,1,114951.42,0,False,False,False,0.05,Low,15683375
640,66,9,116037.76,1,0,1,184636.05,0,False,False,False,0.04,Low,15625151
647,28,8,0.0,2,1,1,91055.27,0,False,False,True,0.0,,15635285
757,23,2,80673.96,2,1,0,93991.65,0,False,False,True,0.0,,15574296
704,39,1,124640.51,1,1,0,116511.12,1,True,False,False,0.9,High,15711618
778,31,9,182275.23,2,1,0,190631.23,0,True,False,True,0.03,Low,15670943
639,41,5,98635.77,1,1,0,199970.74,0,True,False,False,0.2,Low,15634359
637,33,5,0.0,2,1,0,139947.17,0,False,False,True,0.0,,15586629
686,35,4,0.0,1,1,0,8816.37,0,False,False,True,0.12,Low,15588461
577,43,8,79757.21,1,1,0,135650.72,1,False,True,True,0.82,High,15773221
506,28,8,53053.76,1,0,1,24577.34,0,True,False,True,0.02,Low,15664227
757,28,7,120911.75,2,1,1,131249.46,0,False,False,True,0.0,,15741745
826,55,4,115285.85,1,1,0,140126.17,0,False,False,True,0.29,Low,15652626
721,41,2,0.0,2,1,0,168219.75,0,False,False,True,0.01,Low,15599410
489,40,3,221532.8,1,1,0,171867.08,0,False,True,True,0.17,Low,15571958
446,51,4,105056.13,1,0,0,70613.52,0,False,False,False,0.22,Low,15785406
677,37,3,88363.03,1,0,1,117946.3,0,False,False,True,0.01,Low,15687884
769,29,2,123757.52,2,1,0,84872.66,0,False,False,True,0.0,,15621685
677,56,5,123959.97,1,1,1,60590.72,1,False,True,True,0.67,Medium,15628886
555,62,10,114822.64,1,0,1,8444.5,0,True,False,False,0.18,Low,15699325
652,37,9,145219.3,1,1,0,159132.83,0,True,False,False,0.06,Low,15578369
722,32,5,106807.64,1,1,1,76998.69,0,True,False,False,0.39,Medium,15654156
643,36,0,148159.71,1,0,0,55835.66,0,False,False,True,0.07,Low,15707199
796,40,1,99745.95,1,1,0,177524.19,0,True,False,False,0.18,Low,15671630
720,37,8,156282.79,1,1,0,45985.52,0,True,False,False,0.1,Low,15632079
613,41,7,0.0,2,1,0,60297.72,0,False,False,True,0.0,,15767921
506,57,6,0.0,2,0,1,194421.12,1,False,False,False,0.75,High,15573599
608,50,6,0.0,1,1,0,93568.77,1,False,False,True,0.87,High,15747208
667,77,2,0.0,1,1,1,34702.92,0,False,True,True,0.08,Low,15582762
750,47,7,121376.15,2,1,0,54473.6,1,False,False,False,0.7,Medium,15772528
610,33,4,111582.11,1,0,0,113943.17,0,False,False,True,0.03,Low,15755798
588,34,10,129417.82,1,1,0,153727.32,0,True,False,False,0.1,Low,15788683
479,26,1,0.0,2,1,1,19116.97,0,False,False,False,0.01,Low,15616922
682,37,5,0.0,2,0,1,112554.68,0,False,False,True,0.02,Low,15771855
677,36,7,0.0,1,1,0,47318.75,0,False,False,False,0.24,Low,15601873
850,40,6,94607.08,1,1,0,36690.49,0,True,False,True,0.13,Low,15657868
580,56,1,131368.3,1,1,0,106918.67,1,False,False,False,0.99,High,15711716
746,21,8,166883.07,2,0,1,194563.65,0,False,False,False,0.04,Low,15734246
635,37,3,0.0,2,1,0,91086.73,0,False,True,False,0.02,Low,15792151
664,25,6,172812.72,2,1,1,108008.65,0,True,False,True,0.0,,15770159
558,36,0,126606.63,2,1,1,172363.52,0,True,False,False,0.04,Low,15747649
415,46,9,134950.19,3,0,0,178587.36,1,False,False,True,0.85,High,15639357
798,60,6,96956.1,1,1,0,31907.44,1,False,False,False,0.89,High,15738907
792,29,4,107601.79,1,1,0,18922.18,1,True,False,False,0.69,Medium,15663446
489,46,8,92060.06,1,1,0,147222.95,1,True,False,False,0.93,High,15750867
730,33,0,0.0,2,1,0,1474.79,0,False,False,True,0.01,Low,15715939
773,41,4,0.0,2,1,1,24924.92,0,False,False,True,0.02,Low,15763806
711,36,9,137688.71,1,1,1,46884.1,0,False,False,True,0.06,Low,15637993
592,55,8,85845.43,2,1,1,128918.42,0,False,True,True,0.16,Low,15720338
695,27,6,125552.96,1,1,0,105291.26,0,True,False,True,0.12,Low,15627162
640,33,1,167298.42,1,0,1,145381.65,0,False,False,False,0.06,Low,15596710
470,31,4,55732.92,2,1,1,103792.53,0,False,True,True,0.11,Low,15781678
789,37,6,110689.07,1,1,1,71121.04,1,True,False,False,0.8,High,15634968
604,39,7,98544.11,1,1,1,52327.57,0,False,True,False,0.02,Low,15609475
493,35,8,178317.6,1,0,0,197428.64,0,True,False,False,0.09,Low,15573319
671,48,8,115713.84,2,0,0,83210.84,0,False,False,False,0.16,Low,15738291
656,46,9,143267.14,2,0,0,193099.43,0,False,False,True,0.08,Low,15782456
739,19,5,89750.21,1,1,0,193008.52,0,False,True,True,0.11,Low,15794841
560,26,3,116576.45,1,1,0,157567.37,0,False,True,False,0.06,Low,15684696
827,47,8,143001.5,2,1,0,108977.5,0,True,False,False,0.19,Low,15629846
681,23,7,157761.56,1,0,0,147759.84,0,False,False,True,0.01,Low,15674442
740,37,5,0.0,2,1,1,27528.4,0,False,False,False,0.01,Low,15571689
663,31,4,103430.11,2,0,1,36479.27,0,False,True,True,0.0,,15730469
845,52,0,0.0,1,1,0,31726.76,1,False,True,False,0.95,High,15809320
555,27,5,0.0,2,0,0,96398.51,0,False,True,True,0.0,,15684367
680,48,8,115115.38,1,1,0,139558.6,1,True,False,False,0.91,High,15793049
638,39,0,122501.28,2,1,1,95007.8,0,True,False,False,0.07,Low,15603665
640,62,3,0.0,1,1,1,101663.47,0,False,True,True,0.14,Low,15613623
778,42,6,0.0,2,1,1,106197.44,0,False,False,True,0.0,,15569572
679,45,3,146758.24,1,1,0,48466.89,0,False,False,True,0.38,Medium,15698791
593,32,3,0.0,2,1,1,151978.36,0,False,False,False,0.0,,15626233
788,55,3,0.0,1,0,1,13288.46,1,False,False,True,0.85,High,15607263
770,70,9,110738.89,1,1,0,22666.77,1,False,False,False,0.76,High,15610900
729,67,2,94203.8,1,0,1,102391.06,0,False,False,True,0.1,Low,15624775
545,47,8,105792.49,1,0,1,67830.2,1,False,False,True,0.73,High,15691703
597,41,4,153198.23,1,1,1,92090.36,0,False,False,True,0.2,Low,15745355
537,38,3,0.0,2,0,0,141023.01,0,False,False,True,0.01,Low,15724955
732,79,10,61811.23,1,1,1,104222.8,0,False,False,True,0.02,Low,15628999
542,34,8,101116.06,1,1,0,196395.05,0,False,False,True,0.02,Low,15654341
688,46,0,74458.25,1,0,1,6866.31,0,True,False,False,0.49,Medium,15744240
542,33,8,142871.27,2,0,0,77737.86,0,True,False,True,0.06,Low,15632365
754,35,6,98585.94,2,0,1,106116.84,0,True,False,True,0.02,Low,15729689
750,37,6,0.0,1,1,1,117948.0,1,False,False,False,0.57,Medium,15759284
731,30,7,0.0,2,1,1,184581.68,0,False,False,True,0.01,Low,15602124
699,43,3,80764.03,1,1,0,199378.58,1,False,False,False,0.78,High,15661903
534,42,9,144801.97,1,0,1,12483.39,1,False,False,False,0.65,Medium,15664668
494,27,2,0.0,2,1,0,22404.64,0,False,True,True,0.0,,15736431
497,35,7,110053.62,2,1,1,92887.06,0,True,False,True,0.03,Low,15748639
632,28,5,118890.81,1,0,1,145157.97,0,False,False,False,0.09,Low,15628123
724,31,5,0.0,1,1,0,134889.95,1,False,False,True,0.67,Medium,15602731
751,37,0,151218.98,1,1,1,109309.29,0,True,False,False,0.06,Low,15794137
733,42,9,150507.21,1,0,1,169964.12,0,False,False,True,0.02,Low,15748696
701,21,9,0.0,2,1,1,26327.42,0,False,True,False,0.06,Low,15725068
525,33,4,131023.76,2,0,0,55072.93,0,True,False,True,0.04,Low,15807340
666,44,2,122314.5,1,0,0,68574.88,1,True,False,False,0.69,Medium,15586133
653,29,2,0.0,2,1,1,41671.81,0,False,False,True,0.0,,15576185
850,28,4,0.0,2,1,1,12409.01,0,False,False,True,0.0,,15660809
646,52,6,111739.4,2,0,1,68367.18,0,True,False,False,0.11,Low,15616666
750,43,6,113882.31,1,1,1,74564.41,0,False,False,True,0.03,Low,15706904
764,24,7,98148.61,1,1,0,26843.76,0,False,False,True,0.02,Low,15606915
658,32,9,0.0,2,1,0,156774.75,0,False,False,False,0.01,Low,15749693
727,32,1,59271.82,1,1,1,46019.43,0,False,False,True,0.03,Low,15791743
687,31,2,0.0,2,0,1,145411.39,0,False,False,False,0.01,Low,15796480
631,33,2,0.0,2,1,1,158268.84,0,False,True,True,0.0,,15790442
797,30,10,69413.44,1,1,1,74637.57,0,False,False,True,0.01,Low,15609458
650,25,7,160599.06,2,1,1,28391.52,0,False,True,True,0.0,,15593897
850,22,3,0.0,1,1,1,144385.54,0,False,True,True,0.05,Low,15604576
676,40,2,147803.48,1,1,0,95181.06,1,False,False,False,0.71,High,15666270
620,44,8,0.0,2,1,1,15627.51,0,False,True,True,0.02,Low,15572626
576,52,9,170228.59,2,0,0,148477.57,1,False,False,False,0.91,High,15727197
482,35,2,133111.73,1,0,1,79957.95,0,False,False,False,0.08,Low,15714006
695,39,5,0.0,2,0,0,102763.69,0,False,True,False,0.01,Low,15642137
706,18,2,176139.5,2,1,0,129654.22,0,False,False,True,0.15,Low,15665327
668,32,2,0.0,2,1,1,40652.33,0,False,False,False,0.01,Low,15626806
679,35,1,110245.13,1,1,1,178291.09,0,True,False,True,0.08,Low,15662578
703,45,5,0.0,2,1,0,131906.44,0,False,False,False,0.05,Low,15790829
670,67,6,158719.57,1,1,1,118607.4,0,False,True,True,0.06,Low,15654959
590,76,5,160979.68,1,0,1,13848.58,0,False,False,False,0.04,Low,15760244
613,35,4,123557.65,2,0,1,170903.4,0,False,True,True,0.0,,15715394
742,60,4,0.0,1,1,1,13161.66,1,False,False,False,0.84,High,15722246
608,33,4,0.0,1,1,0,79304.38,1,False,False,False,0.69,Medium,15609704
571,40,10,112896.86,1,1,1,121402.53,0,False,False,True,0.02,Low,15757628
595,39,7,120962.13,1,0,0,23305.01,0,False,False,False,0.04,Low,15633586
745,48,10,96048.55,1,1,0,74510.65,0,True,False,True,0.29,Low,15565796
589,21,3,0.0,2,0,1,55601.44,0,False,False,False,0.0,,15717935
749,37,10,185063.7,2,1,1,134526.87,0,False,False,True,0.01,Low,15577700
678,22,6,118064.93,2,1,1,195424.01,0,False,False,False,0.01,Low,15747345
603,46,2,0.0,2,1,1,59563.49,0,False,False,True,0.01,Low,15678317
504,73,8,0.0,1,1,1,34595.58,0,False,False,False,0.05,Low,15698335
739,40,5,149131.03,3,1,1,60036.99,1,True,False,True,0.79,High,15768451
604,34,7,0.0,2,1,0,193021.49,0,False,False,False,0.0,,15753213
612,35,3,0.0,1,1,1,48108.72,0,False,False,False,0.11,Low,15769645
629,44,6,125512.98,2,0,0,79082.76,0,False,True,False,0.13,Low,15657565
652,42,3,83492.07,2,1,0,37914.12,0,False,True,False,0.05,Low,15620323
565,34,7,0.0,1,0,0,74593.84,0,False,False,True,0.1,Low,15679983
707,49,10,0.0,1,1,0,82967.97,1,False,False,False,0.9,High,15812616
645,30,1,125739.26,1,1,1,193441.23,0,False,False,True,0.03,Low,15601796
762,34,8,98592.88,1,0,1,191790.29,1,True,False,False,0.75,High,15729489
639,39,1,141789.15,1,1,0,92455.96,0,False,True,False,0.06,Low,15613216
709,22,0,112949.71,1,0,0,155231.55,0,True,False,True,0.11,Low,15657937
823,34,3,105057.33,1,1,0,9217.92,0,False,False,True,0.01,Low,15815428
817,46,0,89087.89,1,0,1,87941.85,1,True,False,False,0.89,High,15640409
665,27,2,147435.96,1,0,0,187508.06,0,True,False,False,0.04,Low,15699492
646,39,0,154439.86,1,1,0,171519.06,0,True,False,True,0.19,Low,15623536
568,30,8,73054.37,2,1,1,27012.0,0,False,False,True,0.01,Low,15707551
850,62,1,124678.35,1,1,0,70916.0,1,False,False,False,0.93,High,15577999
473,40,8,152576.25,2,1,0,73073.68,0,True,False,True,0.03,Low,15788775
731,41,9,152243.57,1,1,1,88783.59,0,False,False,False,0.04,Low,15758362
619,25,4,0.0,1,1,0,145524.36,0,False,False,True,0.04,Low,15807961
715,42,2,88120.97,2,1,1,21333.22,0,True,False,True,0.09,Low,15710978
772,51,9,143930.92,1,0,1,46675.51,1,True,False,False,0.88,High,15703541
686,31,1,0.0,2,1,0,4802.25,0,False,False,False,0.03,Low,15626474
749,29,7,137059.05,3,1,0,102975.72,1,True,False,False,0.96,High,15608344
781,27,7,186558.55,1,1,1,175071.29,1,False,False,False,0.65,Medium,15768367
675,66,5,115654.47,2,1,1,131970.86,0,False,True,True,0.03,Low,15806210
730,29,2,0.0,2,1,0,14174.09,0,False,True,True,0.01,Low,15697702
683,38,3,126152.84,1,0,0,15378.75,0,False,True,True,0.03,Low,15689152
554,51,7,105701.91,1,0,1,179797.79,1,True,False,False,0.91,High,15568573
722,46,6,0.0,1,1,1,93917.68,1,False,False,True,0.59,Medium,15689598
689,67,9,157094.78,1,1,1,99490.01,0,True,False,True,0.08,Low,15713374
796,40,2,113228.38,2,1,1,46415.09,0,True,False,True,0.05,Low,15679733
447,32,10,0.0,1,1,1,151815.76,0,False,False,False,0.02,Low,15759274
498,37,8,108432.88,2,1,1,14865.05,0,True,False,True,0.01,Low,15607748
663,27,8,0.0,1,1,1,188007.99,0,False,True,True,0.05,Low,15607577
498,44,2,120702.67,2,1,1,98175.74,0,True,False,False,0.14,Low,15813697
627,32,1,0.0,1,1,0,106851.7,0,False,False,False,0.1,Low,15801125
649,45,7,0.0,2,0,1,75204.21,0,False,False,True,0.0,,15777855
738,29,9,139106.19,1,1,0,141872.05,1,True,False,False,0.67,Medium,15635396
587,39,6,101851.8,2,1,0,7103.71,0,True,False,False,0.23,Low,15698031
655,32,6,130935.56,1,1,0,9241.83,1,True,False,False,0.77,High,15678944
647,37,3,116509.99,1,1,1,149517.71,1,True,False,True,0.7,Medium,15718507
776,37,1,93124.04,2,1,1,196079.32,0,True,False,False,0.19,Low,15808334
688,35,5,111578.18,1,0,0,166165.93,1,True,False,True,0.77,High,15804709
605,32,9,0.0,2,1,1,55724.24,0,False,False,True,0.03,Low,15645835
596,39,10,86546.29,1,0,1,131768.98,0,False,False,False,0.05,Low,15738166
427,33,8,0.0,1,1,1,13858.95,0,False,False,True,0.0,,15675360
629,39,2,129669.32,2,1,0,82774.07,0,False,False,True,0.01,Low,15793042
496,29,2,0.0,2,1,0,55389.59,0,False,True,True,0.01,Low,15630106
717,36,2,164557.95,1,0,1,82336.73,0,False,True,False,0.03,Low,15810385
777,23,6,0.0,2,1,1,163225.48,0,False,False,True,0.0,,15578211
535,35,8,118989.92,1,1,1,135536.72,0,False,True,True,0.0,,15572792
744,29,1,0.0,1,0,0,82422.97,0,False,False,True,0.05,Low,15620030
755,31,5,0.0,2,0,1,194660.78,0,False,False,True,0.0,,15783541
593,45,6,79259.75,1,1,0,55347.28,0,False,True,False,0.17,Low,15679284
514,38,4,112230.38,1,1,0,16717.11,1,False,False,True,0.62,Medium,15582910
721,40,9,118129.87,1,1,1,160277.65,0,False,False,True,0.04,Low,15688337
835,38,7,86824.09,1,0,0,175905.97,0,False,True,True,0.07,Low,15734970
682,64,10,128306.7,1,0,1,66040.83,0,False,False,False,0.02,Low,15759140
590,40,2,117641.43,2,0,0,92198.05,0,True,False,False,0.02,Low,15643042
653,37,3,125734.2,2,1,0,134625.09,1,True,False,False,0.71,High,15773868
837,49,8,103302.37,1,1,1,50974.57,0,False,False,True,0.12,Low,15615820
841,27,8,0.0,1,1,0,171922.72,0,False,False,True,0.06,Low,15730273
584,36,4,82696.09,2,0,0,83058.14,0,False,True,True,0.01,Low,15724890
769,29,4,145471.37,1,1,0,188382.77,0,False,False,True,0.02,Low,15765952
599,34,2,101506.66,1,0,0,198030.24,0,False,True,True,0.08,Low,15685920
698,47,5,156265.31,2,0,0,1055.66,0,False,False,True,0.18,Low,15663263
477,27,1,128554.98,1,1,1,133173.19,0,False,False,True,0.03,Low,15568953
477,34,8,139959.55,2,1,1,189875.83,0,True,False,True,0.04,Low,15643361
745,34,7,132944.53,1,1,1,31802.92,0,False,True,True,0.01,Low,15699486
749,35,3,0.0,3,1,1,132649.85,0,False,False,False,0.53,Medium,15747854
850,61,1,0.0,1,1,0,53067.83,1,False,False,True,0.95,High,15691785
528,22,5,93547.23,2,0,1,961.57,0,True,False,True,0.05,Low,15709004
750,33,2,152302.72,1,1,0,71333.44,0,False,False,True,0.21,Low,15652218
543,31,2,147674.26,1,1,1,16658.76,0,False,False,False,0.02,Low,15697127
579,59,3,148021.12,1,1,1,74878.22,0,False,True,False,0.06,Low,15658486
624,37,0,0.0,2,0,0,112104.55,0,False,False,True,0.01,Low,15694160
595,46,5,142360.62,2,1,0,48421.4,1,True,False,True,0.43,Medium,15685290
596,27,2,151027.56,1,1,0,170320.58,0,True,False,False,0.01,Low,15701042
431,44,2,138843.7,1,1,0,37688.31,1,True,False,False,0.68,Medium,15680449
647,26,8,109958.15,1,1,1,136592.24,1,False,True,False,0.72,High,15599860
640,31,9,138857.59,1,1,0,48640.77,0,False,False,False,0.03,Low,15723169
752,45,3,105426.5,2,0,1,89773.45,0,True,False,False,0.12,Low,15803842
710,41,9,149155.53,2,1,0,42131.26,1,True,False,False,0.7,Medium,15728224
638,27,4,135096.05,1,1,1,186523.72,1,True,False,True,0.18,Low,15644174
660,28,2,170890.05,2,1,0,41758.9,0,True,False,True,0.0,,15707110
609,45,4,89122.3,1,1,1,199256.98,0,False,True,False,0.13,Low,15765415
596,54,0,78126.28,1,1,1,153482.91,1,False,True,False,0.22,Low,15756751
705,38,3,123894.43,1,1,0,21177.1,0,False,False,False,0.1,Low,15795151
444,36,7,0.0,2,0,1,138743.86,0,False,False,True,0.0,,15632859
727,58,5,106913.43,1,1,0,25881.0,1,True,False,True,0.99,High,15584037
496,32,4,127845.83,1,1,0,66469.2,0,False,False,True,0.0,,15621409
554,22,8,0.0,2,0,1,142670.61,0,False,False,False,0.0,,15581102
537,26,7,106397.75,1,0,0,103563.23,0,False,False,True,0.01,Low,15578096
839,51,3,0.0,1,1,1,69101.23,1,False,False,False,0.81,High,15669887
700,43,0,0.0,2,1,0,59475.35,0,False,True,False,0.19,Low,15621834
458,35,5,166492.48,1,1,0,135287.74,0,False,True,False,0.05,Low,15655341
850,28,2,0.0,2,1,1,38773.74,0,False,False,False,0.0,,15685314
699,31,6,114493.68,1,0,0,138396.32,0,False,True,True,0.06,Low,15653997
615,44,9,126104.98,2,0,1,110718.02,0,True,False,False,0.1,Low,15629551
850,51,4,124425.99,1,0,0,118545.49,1,True,False,True,0.9,High,15651264
604,40,1,0.0,2,1,0,123207.17,0,False,False,False,0.03,Low,15760825
668,34,0,0.0,1,0,0,99984.86,0,False,True,True,0.03,Low,15597394
594,38,10,0.0,2,1,0,58332.91,0,False,True,False,0.04,Low,15740383
470,30,3,101140.76,1,1,1,50906.65,0,False,False,True,0.01,Low,15670562
701,41,0,150844.94,1,0,1,127623.36,0,True,False,True,0.1,Low,15698117
664,35,1,115024.5,1,0,1,169665.79,0,False,True,True,0.01,Low,15694805
477,30,6,131286.46,1,1,0,194144.45,0,False,False,False,0.02,Low,15746802
756,42,9,0.0,2,1,0,35673.42,0,False,False,False,0.03,Low,15589428
625,40,7,141267.67,1,0,1,177397.49,0,False,False,False,0.13,Low,15790267
703,73,5,137761.55,1,1,1,159677.46,0,False,True,True,0.15,Low,15665402
646,30,7,0.0,2,1,0,153566.97,0,False,False,True,0.0,,15642093
650,33,0,98064.97,1,1,0,52411.99,0,False,False,True,0.08,Low,15666181
664,31,9,114519.57,2,0,1,79222.02,0,False,False,False,0.01,Low,15602554
682,29,6,101012.77,1,0,0,32589.89,1,True,False,False,0.33,Medium,15724251
725,44,10,0.0,1,0,1,93777.61,0,False,False,False,0.15,Low,15740147
553,46,3,82291.1,1,1,0,112549.99,1,True,False,True,0.84,High,15718289
576,39,9,84719.98,1,0,0,191063.36,0,False,False,True,0.08,Low,15763148
608,56,5,0.0,2,0,1,153810.41,0,False,True,False,0.06,Low,15685245
850,39,0,104386.53,1,1,0,105886.77,0,False,False,False,0.09,Low,15626985
627,31,8,128131.73,1,1,0,96131.47,0,False,False,True,0.01,Low,15585823
667,44,2,122806.95,1,0,0,15120.86,0,False,False,True,0.1,Low,15728167
548,44,8,0.0,1,1,0,16989.77,0,False,True,True,0.12,Low,15762928
774,76,4,112510.89,1,1,1,143133.18,0,False,False,True,0.01,Low,15751774
794,57,3,117056.46,1,1,0,93336.93,1,True,False,True,0.96,High,15654733
497,55,7,131778.66,1,1,1,9972.64,0,True,False,False,0.38,Medium,15809777
587,36,1,70784.27,1,1,0,30579.82,0,False,False,False,0.03,Low,15744200
850,29,10,0.0,2,1,1,199775.67,0,False,False,False,0.03,Low,15720713
722,46,5,0.0,2,1,0,179908.71,0,False,False,True,0.02,Low,15695356
555,35,1,0.0,2,1,0,101667.0,0,False,True,False,0.0,,15653315
609,38,6,140752.06,2,0,1,171430.16,0,True,False,True,0.0,,15604792
734,39,6,92126.26,2,0,0,112973.34,0,False,True,False,0.06,Low,15704819
718,39,7,93148.74,2,1,1,190746.38,0,True,False,False,0.01,Low,15670859
645,49,5,110132.55,3,0,1,187689.91,1,False,True,False,0.97,High,15602797
598,23,6,0.0,2,1,0,153229.19,0,False,True,False,0.01,Low,15662533
628,50,4,122227.71,1,0,1,14217.77,1,True,False,True,0.95,High,15778154
629,40,2,121647.54,2,1,1,64849.74,1,True,False,True,0.68,Medium,15806230
739,58,1,110597.76,1,0,1,160122.66,1,True,False,True,0.86,High,15662884
653,60,2,120731.39,4,1,1,138160.11,1,False,False,False,0.94,High,15750778
711,28,8,0.0,2,1,1,64286.39,0,False,False,True,0.01,Low,15717185
783,38,1,0.0,3,1,1,80178.54,1,False,True,True,0.83,High,15677804
681,38,6,153722.47,1,1,0,101319.76,0,False,False,True,0.07,Low,15568915
712,34,8,114088.32,1,1,0,92794.61,0,False,False,True,0.0,,15736495
554,48,7,0.0,2,1,1,63708.07,0,False,False,False,0.06,Low,15737354
611,37,6,0.0,2,1,0,110782.88,0,False,False,False,0.01,Low,15667889
560,41,4,152532.3,1,0,0,10779.69,0,True,False,True,0.15,Low,15577831
646,32,1,0.0,2,1,0,183289.22,0,False,True,True,0.01,Low,15729836
680,34,3,143292.95,1,1,0,66526.01,0,False,False,True,0.12,Low,15775293
631,26,1,149144.61,1,0,1,123697.95,0,False,False,True,0.0,,15697597
746,36,9,127157.04,1,1,1,155700.15,0,False,False,True,0.01,Low,15639669
654,43,9,84673.17,2,0,1,82081.35,0,True,False,True,0.05,Low,15631392
687,33,9,135962.4,2,1,0,121747.96,0,True,False,True,0.01,Low,15580935
708,32,3,151691.44,2,1,1,172810.51,0,True,False,True,0.02,Low,15590344
679,32,0,88335.05,1,0,0,159584.81,0,True,False,False,0.11,Low,15653306
636,45,7,139859.23,1,1,1,108402.54,0,False,False,False,0.41,Medium,15805025
695,45,9,43134.65,1,0,1,77330.35,0,False,False,True,0.11,Low,15658449
677,42,5,99580.13,1,1,0,21007.96,0,False,False,True,0.12,Low,15694450
720,34,6,110717.38,1,1,1,9398.45,0,False,False,False,0.06,Low,15605666
780,37,3,0.0,2,0,0,182156.81,1,False,False,False,0.67,Medium,15615126
653,36,3,0.0,2,0,0,110525.6,0,False,True,False,0.01,Low,15726588
674,28,3,0.0,1,1,0,51536.99,0,False,False,False,0.06,Low,15645095
620,40,5,108197.11,2,1,0,49722.34,0,True,False,True,0.04,Low,15808960
623,40,6,0.0,2,1,1,66119.07,0,False,False,True,0.0,,15729435
547,29,6,104450.86,1,1,1,37160.28,0,False,False,False,0.0,,15656840
530,39,2,0.0,2,1,0,197923.05,0,False,False,True,0.03,Low,15659149
746,34,4,0.0,1,0,1,65166.6,0,False,False,False,0.01,Low,15585490
512,31,7,0.0,2,0,0,49326.07,0,False,False,False,0.04,Low,15674929
630,40,8,0.0,2,1,1,42495.81,0,False,False,True,0.01,Low,15746341
570,21,7,116099.82,1,1,1,148087.62,0,False,True,True,0.02,Low,15662091
605,39,6,111169.91,1,0,0,9641.4,0,False,False,True,0.19,Low,15620123
530,37,4,0.0,2,1,1,164844.37,0,False,True,True,0.0,,15616240
813,25,5,123616.43,1,0,1,132959.33,0,True,False,False,0.14,Low,15624186
704,37,9,155619.58,1,1,1,135088.58,0,False,True,False,0.01,Low,15605036
565,31,2,89558.39,2,1,1,4441.54,0,True,False,True,0.0,,15805151
645,45,4,0.0,1,0,1,174916.85,1,False,True,True,0.7,Medium,15753847
526,32,6,131938.92,2,1,1,1795.93,0,True,False,False,0.06,Low,15653222
778,33,9,151772.63,2,0,0,180249.94,1,False,False,False,0.65,Medium,15757541
677,72,8,0.0,2,1,1,153604.44,0,False,False,False,0.0,,15726945
588,64,3,0.0,1,1,1,189703.65,0,False,False,False,0.14,Low,15794276
488,22,6,0.0,2,1,1,66393.89,0,False,False,False,0.0,,15568328
519,39,1,97700.02,1,1,1,30709.03,0,False,False,True,0.05,Low,15604355
709,31,6,0.0,2,1,1,71009.84,0,False,False,True,0.0,,15735788
642,56,6,103244.86,2,1,0,143049.72,1,True,False,False,0.87,High,15618255
710,34,8,147833.3,2,0,1,1561.58,0,True,False,True,0.03,Low,15720941
653,46,5,0.0,2,1,0,49707.85,0,False,False,False,0.18,Low,15769110
743,71,0,0.0,2,0,1,29837.65,0,False,False,True,0.01,Low,15576094
418,39,2,0.0,2,0,0,9041.71,0,False,False,False,0.07,Low,15756150
670,33,9,84521.48,2,0,1,198017.05,0,True,False,False,0.03,Low,15719579
723,28,5,91938.31,1,1,0,143481.85,0,True,False,False,0.06,Low,15748854
549,45,6,124240.93,1,1,1,146372.51,0,True,False,True,0.22,Low,15612455
543,42,5,0.0,2,0,0,101905.34,0,False,False,False,0.02,Low,15664802
595,37,2,157084.99,1,1,0,134767.13,0,False,True,True,0.11,Low,15735687
673,25,3,108244.82,2,1,1,103573.96,0,True,False,False,0.0,,15664734
741,21,9,0.0,2,0,1,139259.54,0,False,False,False,0.0,,15767894
508,41,5,82161.7,2,1,0,187776.49,0,True,False,False,0.04,Low,15666884
662,59,2,104568.41,1,1,0,8059.44,1,True,False,True,0.94,High,15750156
752,36,2,119912.46,1,1,0,124354.92,0,False,False,False,0.04,Low,15751120
809,36,9,68881.59,2,0,1,109135.11,0,False,False,True,0.03,Low,15575748
575,30,2,0.0,2,1,1,82222.86,0,False,True,True,0.0,,15714610
591,40,1,86376.29,1,0,1,136767.16,1,False,True,False,0.78,High,15720305
643,45,9,150840.03,2,1,0,155516.35,0,False,True,False,0.18,Low,15678129
698,55,8,155059.1,2,1,1,144584.29,0,True,False,True,0.05,Low,15566633
496,29,4,0.0,2,1,0,164806.89,0,False,False,False,0.0,,15680436
597,44,8,78128.13,2,0,1,109153.04,0,False,False,True,0.08,Low,15674343
603,46,4,98899.76,2,1,1,86190.34,0,True,False,True,0.08,Low,15658890
655,37,1,0.0,1,1,1,106040.97,0,False,True,True,0.1,Low,15599004
431,63,6,160982.89,1,1,1,168008.17,0,False,False,True,0.06,Low,15726487
620,70,3,87926.24,2,1,0,33350.26,1,False,False,False,0.85,High,15698716
782,35,4,0.0,1,1,1,119565.34,0,False,False,False,0.06,Low,15710527
581,46,2,79385.21,2,0,0,188492.82,0,False,True,True,0.34,Medium,15655590
553,53,5,127997.83,1,1,0,165378.66,1,True,False,True,0.98,High,15732266
658,44,2,168396.34,1,1,1,14178.73,0,False,False,True,0.15,Low,15669326
686,43,2,134896.03,1,1,1,97847.05,0,True,False,True,0.15,Low,15672246
539,36,6,0.0,3,1,1,118959.64,0,False,True,True,0.18,Low,15620276
685,50,6,94238.75,2,1,1,50664.07,1,False,False,False,0.56,Medium,15640258
850,29,1,0.0,2,0,0,152996.89,0,False,False,True,0.0,,15740283
763,39,7,0.0,2,1,0,19458.75,0,False,True,False,0.06,Low,15759717
634,43,3,212696.32,1,1,0,115268.86,0,True,False,True,0.13,Low,15620268
567,59,3,0.0,2,1,0,25843.7,1,False,False,True,0.41,Medium,15743871
539,39,3,139153.68,2,1,0,147662.33,0,False,False,True,0.03,Low,15614491
764,41,7,0.0,2,0,0,134878.34,0,False,False,True,0.04,Low,15595047
653,40,0,0.0,2,1,0,35795.85,0,False,False,False,0.05,Low,15732334
566,44,5,0.0,2,1,0,66462.79,0,False,True,True,0.05,Low,15701206
714,29,6,92887.13,1,1,1,69578.49,0,True,False,True,0.05,Low,15581280
580,65,1,0.0,2,0,1,103182.46,0,False,True,False,0.07,Low,15651943
548,29,5,83442.98,1,0,1,177017.39,0,False,False,True,0.02,Low,15609545
646,36,6,144773.29,2,1,0,53217.3,0,True,False,False,0.06,Low,15658548
622,52,9,111973.97,1,1,1,162756.29,1,True,False,False,0.88,High,15626008
706,35,8,178032.53,1,0,1,42181.68,0,False,False,False,0.04,Low,15774133
680,23,5,140007.19,1,0,1,31714.08,0,False,False,True,0.03,Low,15763798
698,37,5,98400.61,2,0,0,25017.28,0,False,False,True,0.06,Low,15758013
581,46,1,0.0,2,1,0,104272.04,0,False,True,False,0.17,Low,15705765
728,45,3,108924.33,2,1,0,84300.4,1,True,False,True,0.79,High,15648362
707,32,4,132835.56,1,0,0,136877.24,0,False,True,False,0.07,Low,15761102
761,26,1,0.0,2,1,1,199409.19,0,False,False,False,0.04,Low,15610165
483,41,1,118334.44,1,0,0,163147.99,1,True,False,True,0.83,High,15723717
736,25,9,81732.88,2,1,0,136497.28,0,True,False,False,0.02,Low,15654611
716,66,5,121411.9,1,0,0,10070.4,1,True,False,True,0.9,High,15659736
654,32,9,121455.65,1,1,0,190068.53,1,False,False,True,0.65,Medium,15603170
649,20,5,0.0,2,1,1,58309.54,0,False,True,True,0.0,,15786167
649,46,5,0.0,2,1,1,76946.6,0,False,False,True,0.0,,15671915
612,31,8,117989.76,1,1,1,54129.86,0,False,False,False,0.01,Low,15794792
657,40,10,0.0,2,1,1,52990.7,0,False,True,True,0.04,Low,15652789
511,31,5,137411.29,1,0,1,161854.98,0,False,False,False,0.02,Low,15739168
682,61,10,73688.2,1,1,1,172141.33,0,False,False,True,0.03,Low,15719950
748,58,9,122330.7,2,0,1,124429.19,0,False,True,True,0.18,Low,15743818
554,43,5,99906.89,1,0,0,24983.39,0,True,False,True,0.5,Medium,15717937
794,28,5,0.0,2,0,1,86699.98,0,False,True,False,0.0,,15602841
807,47,9,167664.83,1,0,0,125440.11,1,False,False,False,0.76,High,15619972
594,34,7,141525.55,1,0,0,9443.15,0,False,False,False,0.01,Low,15796114
652,33,3,124832.51,1,1,0,195877.06,0,False,True,False,0.09,Low,15633546
729,34,9,132121.71,1,0,1,105409.31,0,False,False,False,0.01,Low,15758755
625,39,2,0.0,2,1,0,100403.05,0,False,False,True,0.0,,15695168
597,60,0,78539.84,1,0,1,48502.88,0,True,False,False,0.22,Low,15754342
657,38,5,123770.46,1,0,0,47019.66,1,True,False,False,0.81,High,15756610
633,43,5,0.0,2,1,1,48249.88,0,False,False,True,0.0,,15640917
663,49,7,116150.65,3,1,1,84358.71,1,True,False,True,0.97,High,15663164
535,47,0,160729.1,1,0,1,145986.35,0,False,False,True,0.4,Medium,15616811
702,29,10,88378.6,1,1,0,88550.28,0,False,False,False,0.03,Low,15610781
712,33,2,182888.08,1,1,0,3061.0,0,False,False,True,0.09,Low,15600911
607,31,8,0.0,2,1,1,43196.5,0,False,False,True,0.0,,15629603
476,37,4,0.0,1,1,1,55775.84,1,False,False,True,0.79,High,15714981
748,23,8,85600.08,1,0,0,134077.71,0,False,True,False,0.05,Low,15775892
815,35,4,0.0,2,0,1,198490.33,0,False,False,True,0.01,Low,15782778
602,32,10,0.0,2,1,1,116052.92,0,False,False,True,0.01,Low,15786643
649,40,4,95001.33,1,0,1,123202.99,0,True,False,True,0.14,Low,15595657
551,27,2,113873.22,1,1,1,85129.77,1,False,True,True,0.61,Medium,15743673
509,30,6,0.0,2,1,0,180598.86,0,False,False,True,0.02,Low,15634310
685,40,7,74896.92,1,1,0,198694.2,0,False,True,True,0.34,Medium,15790809
536,22,5,89492.62,1,0,0,42934.43,0,False,False,False,0.09,Low,15668695
711,38,3,128718.78,1,0,0,114793.45,0,False,True,True,0.05,Low,15669281
761,27,8,0.0,2,1,0,63297.7,0,False,True,True,0.01,Low,15621031
535,49,3,0.0,1,0,0,61820.41,1,False,False,False,0.94,High,15720071
566,22,7,144954.75,2,1,0,102246.0,0,True,False,True,0.03,Low,15792180
620,21,9,0.0,2,0,0,154882.79,0,False,True,True,0.01,Low,15813894
837,37,6,94001.61,2,1,0,140723.05,0,True,False,True,0.02,Low,15669490
685,40,7,0.0,1,1,0,72852.74,1,False,False,False,0.74,High,15783030
673,65,0,0.0,1,1,1,85733.33,0,False,False,True,0.08,Low,15695792
638,24,1,0.0,2,0,1,162597.15,0,False,False,True,0.01,Low,15575676
614,46,4,0.0,1,1,0,74379.57,1,False,False,True,0.88,High,15627665
626,44,2,0.0,1,0,1,173117.22,1,False,False,False,0.78,High,15814092
834,38,8,0.0,2,1,1,66485.26,0,False,True,True,0.03,Low,15695225
691,24,6,0.0,2,1,1,92811.2,0,False,False,True,0.03,Low,15615091
706,38,8,0.0,2,0,1,46635.11,0,False,True,True,0.01,Low,15794345
633,37,7,141546.35,1,1,1,124830.11,0,False,False,True,0.0,,15726484
644,32,8,141528.88,1,1,1,167087.34,1,True,False,False,0.68,Medium,15650442
666,30,7,109805.3,1,0,1,163625.56,0,False,False,True,0.03,Low,15714256
708,32,10,86614.06,2,1,1,172129.26,0,False,False,True,0.0,,15778752
496,59,7,91680.1,2,1,0,163141.18,1,True,False,False,0.87,High,15601659
730,38,0,38848.19,2,0,0,94003.11,0,True,False,True,0.23,Low,15602811
696,40,3,153639.11,1,1,1,138351.68,0,False,True,True,0.08,Low,15779414
809,80,8,0.0,2,0,1,34164.05,0,False,True,True,0.01,Low,15763097
701,33,7,123870.07,1,1,0,97794.71,0,False,True,False,0.03,Low,15633666
604,30,5,0.0,2,1,0,75786.55,0,False,False,True,0.0,,15718789
665,39,10,46323.57,1,1,0,136812.02,0,False,False,True,0.1,Low,15690620
639,60,5,162039.78,1,1,1,84361.72,1,False,False,False,0.69,Medium,15737071
696,19,1,110928.51,1,1,1,2766.63,0,False,False,True,0.03,Low,15665062
520,38,5,0.0,2,1,0,163185.76,0,False,False,True,0.01,Low,15600692
545,53,5,114421.55,1,1,0,180598.28,1,True,False,True,0.97,High,15792064
634,29,8,130036.21,2,0,1,69849.55,0,True,False,False,0.05,Low,15811486
750,26,1,151510.17,2,1,1,19921.72,0,False,False,False,0.06,Low,15626141
530,41,4,0.0,2,0,1,147606.71,0,False,True,False,0.04,Low,15738546
589,59,2,0.0,2,1,1,126160.24,1,False,False,False,0.68,Medium,15677052
654,37,6,83568.55,1,1,0,47046.72,0,False,False,True,0.03,Low,15656454
648,43,7,139972.18,1,1,0,143668.58,0,False,False,False,0.13,Low,15645496
835,45,3,100212.13,1,1,0,152577.62,0,False,True,True,0.2,Low,15612505
446,39,1,90217.07,1,1,0,191350.48,0,False,False,False,0.07,Low,15708513
514,66,9,0.0,2,1,1,14234.31,0,False,True,True,0.06,Low,15685654
694,33,4,124067.32,1,1,1,77906.87,0,True,False,True,0.08,Low,15732307
554,46,4,0.0,2,0,1,57320.92,0,False,True,True,0.06,Low,15726814
720,57,1,162082.31,4,0,0,27145.73,1,True,False,False,0.97,High,15653776
641,51,2,117306.69,4,1,1,26912.72,1,True,False,False,0.97,High,15597914
813,32,1,122889.88,1,1,1,26476.18,0,False,False,True,0.01,Low,15631603
480,40,6,148790.61,1,0,1,79329.7,0,False,False,True,0.31,Medium,15789753
811,46,9,180226.24,1,1,0,13464.64,1,False,False,True,0.78,High,15678034
715,32,3,104857.19,2,1,0,114149.8,0,True,False,False,0.02,Low,15690209
620,31,2,166833.86,2,1,1,135171.6,0,False,True,True,0.01,Low,15592091
721,42,4,102936.72,1,0,0,1187.88,0,False,False,True,0.11,Low,15647453
772,48,6,108736.52,1,1,0,184564.67,1,True,False,False,0.89,High,15697100
680,44,0,129974.79,2,1,1,33391.38,0,True,False,True,0.42,Medium,15811290
535,38,8,85982.07,1,1,0,9238.35,0,False,False,True,0.22,Low,15629187
655,20,7,134397.61,1,0,0,28029.54,0,False,False,False,0.03,Low,15758073
660,63,8,137841.53,1,1,1,42790.29,0,False,False,True,0.09,Low,15640769
762,56,10,100260.88,3,1,1,77142.42,1,True,False,True,0.98,High,15606641
662,39,5,139822.11,2,1,1,146219.9,0,True,False,True,0.0,,15718280
463,41,8,123151.51,2,1,0,70127.93,0,True,False,False,0.1,Low,15764335
501,27,4,95331.83,2,1,0,132104.76,0,True,False,True,0.01,Low,15634218
603,42,6,0.0,1,1,1,90437.87,0,False,True,False,0.08,Low,15808760
688,37,7,138162.41,2,1,1,113926.31,0,False,True,True,0.01,Low,15648461
430,38,9,0.0,2,1,1,12050.77,0,False,False,True,0.01,Low,15593555
632,48,6,126066.26,1,1,0,64345.61,1,True,False,True,0.97,High,15569079
601,42,4,96763.89,1,1,1,199242.65,0,False,True,False,0.14,Low,15800736
769,38,2,0.0,2,0,0,75578.67,0,False,False,False,0.05,Low,15792607
551,42,2,139561.46,1,1,0,43435.43,1,False,False,True,0.8,High,15640034
841,52,5,0.0,1,0,0,183239.71,1,False,False,False,0.99,High,15807563
469,31,6,0.0,1,1,0,146213.75,1,False,True,False,0.23,Low,15684461
479,27,2,172463.45,1,1,1,40315.27,0,False,True,True,0.02,Low,15580134
701,37,8,107798.85,1,1,0,16966.73,0,False,False,True,0.07,Low,15679075
593,36,2,70181.48,2,1,0,80608.12,0,False,False,True,0.02,Low,15742504
738,38,5,177997.07,1,0,1,19233.41,0,False,True,True,0.05,Low,15567328
635,31,1,0.0,2,1,0,135382.23,0,False,True,True,0.0,,15698294
658,32,8,0.0,1,1,1,80410.68,0,False,False,True,0.03,Low,15607142
687,36,5,0.0,1,1,0,17696.22,0,False,True,False,0.22,Low,15738516
650,37,9,0.0,2,1,0,17974.08,0,False,False,True,0.0,,15806403
720,21,2,123200.78,1,1,1,180712.28,0,False,True,True,0.04,Low,15656707
602,63,7,0.0,2,1,1,56323.21,0,False,False,False,0.06,Low,15653715
618,33,4,0.0,2,1,1,77550.18,0,False,True,True,0.0,,15806184
803,41,9,137742.9,2,1,1,166957.82,0,True,False,True,0.03,Low,15585734
793,63,9,116270.72,1,1,1,184243.25,0,False,False,False,0.07,Low,15725639
616,41,10,113220.2,2,1,1,114072.91,0,True,False,True,0.0,,15618401
550,51,5,0.0,2,1,0,153917.41,0,False,True,True,0.14,Low,15785385
602,56,3,115895.22,3,1,0,4176.17,1,False,False,False,0.98,High,15734762
452,60,6,121730.49,1,1,1,142963.29,0,False,False,False,0.08,Low,15767129
655,28,3,113811.85,2,0,1,76844.23,0,False,True,False,0.03,Low,15797204
510,26,6,136214.08,1,0,0,159742.33,0,False,False,False,0.11,Low,15769272
557,39,8,146200.01,1,1,0,177944.64,0,False,False,True,0.2,Low,15771966
676,37,10,106242.67,1,1,1,166678.28,0,False,False,True,0.0,,15691952
640,29,4,0.0,2,1,0,44904.26,0,False,False,False,0.0,,15593250
529,31,6,0.0,1,1,0,10625.91,0,False,True,True,0.06,Low,15605333
559,45,8,24043.45,1,0,1,169781.45,1,False,False,True,0.72,High,15800083
689,58,5,0.0,2,0,1,49848.86,0,False,False,False,0.01,Low,15575691
626,39,10,132287.92,3,1,1,51467.92,1,True,False,True,0.86,High,15689886
697,30,1,0.0,2,0,0,735.79,0,False,True,True,0.05,Low,15809838
823,44,1,0.0,2,0,1,182495.7,0,False,False,False,0.04,Low,15736154
565,32,4,90322.99,2,0,1,118740.37,0,True,False,False,0.04,Low,15767391
631,23,3,0.0,2,1,0,13813.24,0,False,True,True,0.03,Low,15704910
646,34,3,131283.11,1,0,0,130500.65,0,False,False,False,0.01,Low,15656613
676,48,1,131659.59,2,0,1,14152.15,0,False,True,True,0.13,Low,15611551
850,54,4,120952.74,1,1,0,66963.15,0,False,True,False,0.78,High,15732430
810,38,9,153166.17,1,1,1,93261.69,0,False,False,False,0.06,Low,15741865
581,30,0,53291.86,1,0,0,196582.28,0,False,True,True,0.03,Low,15634143
718,35,2,167924.95,1,1,0,43024.64,0,False,False,False,0.07,Low,15609676
713,43,5,86394.14,1,1,1,130001.13,0,False,False,True,0.06,Low,15761600
672,50,1,0.0,1,1,0,12106.82,1,False,False,False,0.8,High,15676404
781,33,3,0.0,2,1,1,42556.33,0,False,True,True,0.0,,15659236
656,47,1,0.0,2,1,1,197961.93,0,False,True,True,0.03,Low,15690440
583,31,4,158978.79,1,1,0,12538.92,0,False,False,False,0.04,Low,15694601
808,37,2,100431.84,1,1,0,35140.49,1,True,False,False,0.29,Low,15812262
721,33,5,0.0,2,0,1,117626.9,0,False,True,True,0.01,Low,15762821
778,29,6,150358.97,1,1,0,62454.01,1,True,False,False,0.8,High,15669301
850,45,4,114347.85,2,1,1,109089.04,0,False,True,False,0.11,Low,15672640
693,39,4,0.0,2,0,1,142331.39,0,False,False,False,0.01,Low,15750458
520,34,4,134007.9,1,1,1,193209.11,0,False,False,True,0.05,Low,15627251
759,31,4,98899.91,1,1,1,47832.82,0,True,False,True,0.05,Low,15764294
637,60,3,0.0,2,1,1,70174.03,0,False,False,True,0.03,Low,15659962
755,40,2,137430.82,2,0,0,176768.59,0,True,False,True,0.11,Low,15788536
662,47,6,0.0,2,1,1,129392.75,0,False,False,False,0.02,Low,15596979
503,37,8,0.0,2,1,1,97893.32,0,False,False,False,0.01,Low,15681220
599,39,2,188976.89,2,0,1,176142.09,0,True,False,True,0.06,Low,15635097
583,40,4,0.0,2,1,0,114093.73,0,False,True,False,0.08,Low,15780779
764,48,1,75990.97,1,1,0,158323.81,1,False,True,False,0.93,High,15798470
513,29,10,0.0,2,0,1,25514.77,0,False,False,True,0.01,Low,15760880
730,62,5,112181.08,1,0,1,61513.87,0,False,True,True,0.09,Low,15616929
820,34,10,97208.46,1,1,1,59553.34,0,False,True,True,0.02,Low,15758775
597,26,7,0.0,2,1,0,110253.2,0,False,True,False,0.0,,15663386
637,32,5,0.0,1,0,0,148769.08,0,False,False,True,0.17,Low,15621267
696,34,9,150856.79,1,0,1,8236.78,0,False,False,True,0.04,Low,15720509
635,37,9,146748.07,1,0,1,11407.58,0,True,False,False,0.17,Low,15693322
673,57,4,0.0,2,1,1,49684.09,0,False,True,False,0.01,Low,15589544
662,33,3,0.0,2,0,1,68064.83,0,False,True,True,0.0,,15772030
683,41,0,148863.17,1,1,1,163911.32,0,False,True,True,0.07,Low,15693337
850,55,6,0.0,1,1,0,944.41,1,False,False,True,0.88,High,15676571
815,28,6,0.0,2,0,1,185547.71,0,False,True,True,0.01,Low,15701392
671,34,10,153360.02,1,1,0,140509.86,0,False,True,True,0.04,Low,15741092
601,40,3,92055.36,1,0,1,164652.02,1,False,False,False,0.77,High,15643865
709,39,9,124723.92,1,1,0,73641.86,0,True,False,False,0.2,Low,15769389
702,28,1,103033.83,1,1,1,40321.87,0,True,False,True,0.01,Low,15807768
558,40,6,0.0,2,1,0,173844.89,0,False,False,True,0.07,Low,15801630
691,40,1,0.0,2,1,1,145613.17,0,False,True,True,0.0,,15705034
700,30,9,0.0,1,1,1,174971.64,0,False,False,False,0.09,Low,15763107
667,33,4,0.0,2,1,1,131834.75,0,False,False,True,0.0,,15667085
624,54,3,116726.22,1,1,0,110498.1,1,True,False,True,0.97,High,15647008
580,23,5,113923.81,2,0,0,196241.43,0,False,False,False,0.12,Low,15584505
571,31,3,0.0,2,1,1,194667.92,0,False,True,False,0.0,,15748068
561,37,5,0.0,2,1,0,83093.25,0,False,False,True,0.01,Low,15663964
529,28,9,0.0,2,1,1,52545.24,0,False,False,True,0.0,,15782311
670,36,7,0.0,2,0,0,59571.5,0,False,False,True,0.0,,15588197
666,21,1,121827.43,2,1,1,99818.31,0,True,False,False,0.01,Low,15610105
628,42,7,0.0,2,0,1,172967.87,0,False,True,True,0.01,Low,15606133
577,60,10,125389.7,2,1,1,178616.73,0,False,False,True,0.12,Low,15599403
652,38,1,103895.31,1,0,1,159649.44,0,False,True,False,0.11,Low,15648225
678,26,5,111128.04,1,1,0,60941.27,1,False,False,True,0.61,Medium,15608406
692,49,9,0.0,2,1,0,178342.63,0,False,True,False,0.06,Low,15633378
675,32,10,0.0,2,1,0,191545.65,0,False,True,True,0.0,,15664759
712,52,9,0.0,1,1,1,117977.45,1,False,True,True,0.86,High,15625545
639,37,5,151242.48,1,0,1,49637.65,0,True,False,False,0.13,Low,15772148
618,48,7,0.0,1,1,0,13921.82,1,False,False,True,0.88,High,15810829
554,39,2,129709.62,1,1,0,173197.12,0,False,False,True,0.09,Low,15731669
533,47,9,83347.25,1,1,1,137696.25,0,False,False,True,0.16,Low,15738634
540,28,6,84121.04,1,0,1,80698.54,0,False,True,False,0.05,Low,15737571
704,33,3,0.0,2,1,0,73018.74,0,False,True,True,0.0,,15667602
678,43,5,102338.19,1,1,1,79649.62,0,False,False,True,0.02,Low,15684147
712,29,3,87375.78,2,0,0,166194.53,0,False,False,False,0.02,Low,15789874
651,44,2,0.0,3,1,0,102530.35,1,False,False,True,0.89,High,15757952
789,51,3,104677.09,1,1,0,74265.38,0,True,False,True,0.34,Medium,15698732
775,32,8,121669.23,1,0,1,125898.39,0,True,False,True,0.04,Low,15714355
564,40,7,108407.34,1,1,1,83681.2,0,True,False,True,0.44,Medium,15599090
841,33,7,154969.79,2,1,1,99505.75,0,True,False,False,0.04,Low,15762048
850,39,0,141829.67,1,1,1,92748.16,0,False,True,True,0.0,,15790596
637,63,5,0.0,1,1,0,28092.77,1,False,False,False,0.99,High,15609623
500,45,2,109162.82,1,1,1,126145.08,0,False,False,True,0.14,Low,15711901
655,44,8,87471.63,1,0,1,188593.98,0,False,False,True,0.11,Low,15779809
666,33,2,147229.65,1,1,1,56410.17,0,False,False,False,0.02,Low,15729018
658,24,2,0.0,2,1,1,84694.49,0,False,False,False,0.01,Low,15698246
749,66,6,182532.23,2,1,1,195429.92,0,True,False,True,0.02,Low,15712409
654,32,6,0.0,2,1,1,137898.57,0,False,False,True,0.0,,15758306
623,39,1,160903.2,1,0,0,78774.36,0,False,False,False,0.26,Low,15621435
761,33,6,138053.79,2,1,0,148779.41,0,False,False,False,0.02,Low,15566295
627,44,6,153548.12,1,0,0,35300.08,1,False,False,True,0.27,Low,15569098
757,31,8,149085.9,2,1,1,197077.36,0,True,False,True,0.09,Low,15662532
695,53,8,95231.91,1,0,0,70140.8,1,True,False,False,0.94,High,15664001
726,34,3,0.0,2,1,0,196288.46,0,False,False,True,0.05,Low,15703437
587,41,8,85109.21,1,1,0,1557.82,0,False,True,True,0.11,Low,15708003
605,43,8,125338.8,2,1,0,23970.13,0,True,False,False,0.09,Low,15599452
850,62,5,0.0,2,1,1,180243.56,0,False,True,True,0.03,Low,15719793
850,38,0,106831.69,1,0,1,148977.72,0,False,False,False,0.09,Low,15771580
751,29,3,159597.45,1,1,0,39934.41,0,False,False,True,0.06,Low,15732268
627,37,7,147361.57,1,1,1,133031.96,0,True,False,False,0.08,Low,15722350
736,43,4,176134.54,1,1,1,52856.88,0,False,False,True,0.08,Low,15611371
652,74,5,0.0,2,1,1,937.15,0,False,False,False,0.01,Low,15673584
627,35,7,0.0,2,0,1,193022.44,0,False,False,False,0.0,,15636396
636,34,1,84055.43,1,0,0,37490.84,0,False,False,True,0.02,Low,15706170
775,60,7,0.0,2,1,1,111558.7,0,False,False,True,0.01,Low,15725478
850,45,5,174088.3,4,1,0,5669.31,1,False,True,False,0.95,High,15654562
850,34,8,199229.14,1,0,0,68106.29,0,False,True,True,0.17,Low,15737509
516,37,8,0.0,1,1,0,101834.58,0,False,False,True,0.11,Low,15690796
513,42,10,0.0,2,0,1,73151.25,0,False,True,False,0.03,Low,15716728
673,69,3,78833.15,2,1,1,37196.15,0,True,False,False,0.07,Low,15605665
564,27,6,0.0,1,0,0,7819.76,0,False,False,False,0.05,Low,15748481
636,35,2,0.0,2,1,1,23129.46,0,False,False,False,0.01,Low,15757777
712,29,3,102540.61,1,1,1,189680.79,0,False,False,True,0.01,Low,15747808
568,51,4,0.0,3,1,1,66586.56,0,False,False,True,0.36,Medium,15810593
741,43,0,0.0,2,1,1,2920.63,1,False,True,True,0.65,Medium,15693376
754,39,8,129401.87,1,1,1,87684.93,0,True,False,False,0.18,Low,15579808
709,32,7,0.0,2,1,1,199418.02,0,False,False,False,0.0,,15598275
510,32,1,0.0,2,0,1,28515.17,0,False,False,False,0.0,,15737080
716,33,2,0.0,2,1,1,92916.53,0,False,True,True,0.01,Low,15668580
607,36,10,106702.94,2,0,0,198313.69,0,True,False,True,0.04,Low,15569438
656,26,4,139584.57,1,1,0,36308.93,0,False,True,True,0.14,Low,15675842
550,52,5,121016.23,1,1,1,41730.37,1,True,False,True,0.89,High,15577587
486,26,2,0.0,2,1,1,31399.4,0,False,False,True,0.03,Low,15625592
598,59,8,118210.42,2,0,0,60192.14,1,True,False,True,0.9,High,15635141
675,35,8,0.0,2,1,0,29062.25,0,False,True,True,0.01,Low,15642570
755,29,4,148654.84,2,1,1,28805.09,0,False,False,False,0.01,Low,15702175
656,32,5,136963.12,1,1,0,133814.28,0,False,True,True,0.03,Low,15677785
644,47,9,137774.11,2,1,0,151902.78,0,True,False,True,0.18,Low,15786153
598,32,4,111156.52,1,1,1,167376.26,0,False,False,False,0.04,Low,15759499
850,31,3,121237.65,1,1,1,31022.56,0,False,True,False,0.03,Low,15659568
679,36,1,97234.58,1,1,0,188997.08,0,False,False,True,0.15,Low,15715597
632,60,2,0.0,2,0,1,2085.32,0,False,False,True,0.08,Low,15610147
550,45,0,0.0,2,0,1,70399.71,0,False,True,True,0.15,Low,15802362
572,54,9,97382.53,1,1,1,195771.95,0,True,False,False,0.52,Medium,15660524
626,47,2,103108.8,1,0,1,166475.44,1,True,False,False,0.93,High,15747168
625,57,7,0.0,1,0,0,84106.17,1,False,True,False,0.95,High,15796910
515,58,2,131852.81,1,1,0,81436.68,1,False,False,False,0.93,High,15707674
612,35,1,0.0,1,1,1,83256.26,1,False,True,True,0.74,High,15565706
628,39,8,107553.33,1,1,0,117523.41,0,False,True,False,0.08,Low,15587596
529,43,5,0.0,2,0,0,79476.63,0,False,True,False,0.04,Low,15751943
668,46,7,161806.09,1,1,1,173052.19,0,True,False,False,0.13,Low,15621227
526,30,9,0.0,2,0,0,100995.68,0,False,False,True,0.01,Low,15757588
791,52,7,0.0,1,1,1,122782.5,0,False,False,False,0.2,Low,15640922
573,27,2,128243.03,1,1,1,11631.34,0,False,False,True,0.0,,15567557
565,38,5,126645.13,1,1,1,168303.55,0,False,False,False,0.09,Low,15670103
604,47,8,62094.71,3,0,0,9308.1,1,False,False,False,0.93,High,15720929
656,37,7,112291.34,1,1,0,153157.97,0,False,False,True,0.01,Low,15732774
447,44,5,89188.83,1,1,1,75408.24,0,False,False,False,0.07,Low,15628558
682,55,9,0.0,1,1,0,153356.8,1,False,False,True,0.92,High,15729201
437,28,2,109161.25,1,1,0,152987.42,0,False,True,True,0.07,Low,15731117
792,47,0,0.0,1,1,1,5557.88,1,False,True,True,0.78,High,15615207
627,25,4,0.0,1,1,1,194313.93,0,False,True,False,0.03,Low,15773512
767,34,8,0.0,2,1,0,94767.77,0,False,False,False,0.0,,15572145
686,26,7,0.0,2,1,0,1540.89,0,False,False,True,0.0,,15642710
789,53,1,158271.74,1,1,1,5036.39,1,False,False,False,0.74,High,15574213
794,56,9,96951.21,1,1,1,71776.76,0,False,False,True,0.22,Low,15718852
587,35,5,121863.61,1,1,1,23481.69,1,True,False,True,0.23,Low,15583840
589,19,9,83495.11,1,1,1,143022.31,1,True,False,False,0.59,Medium,15782418
543,25,1,146566.01,1,0,1,161407.48,0,True,False,False,0.05,Low,15813504
589,45,1,0.0,1,0,0,125939.22,1,False,True,False,0.44,Medium,15711314
701,23,5,186101.18,2,1,1,76611.33,0,True,False,True,0.01,Low,15621064
850,40,6,0.0,1,1,0,136985.08,1,False,False,True,0.86,High,15627847
726,51,8,107494.86,2,1,0,140937.91,1,True,False,False,0.8,High,15588090
767,47,2,0.0,1,1,0,48161.18,1,False,True,True,0.91,High,15735270
648,36,8,146943.38,2,1,1,130041.45,0,False,True,True,0.02,Low,15671804
651,36,8,0.0,2,1,0,91652.43,0,False,True,False,0.02,Low,15753215
633,36,6,125130.28,1,0,0,125961.48,0,False,False,False,0.0,,15789941
740,37,9,0.0,2,1,1,73225.31,0,False,False,False,0.02,Low,15691061
592,34,9,0.0,2,1,1,20460.2,0,False,False,False,0.05,Low,15808326
670,41,10,0.0,3,1,0,81602.02,0,False,False,False,0.82,High,15566660
628,36,3,0.0,2,1,1,8742.91,0,False,False,True,0.01,Low,15778947
745,47,5,0.0,2,0,0,145789.71,0,False,False,True,0.01,Low,15632977
705,32,3,0.0,2,0,0,129576.99,0,False,False,True,0.0,,15591747
559,42,7,0.0,2,1,1,190040.29,0,False,False,False,0.02,Low,15567335
595,29,6,150685.79,1,1,0,87771.06,0,False,False,True,0.02,Low,15609299
492,35,4,141359.37,2,1,0,39519.53,0,False,False,True,0.02,Low,15669945
498,29,9,0.0,1,1,0,190035.83,0,False,False,False,0.17,Low,15736271
655,39,6,94631.26,2,1,1,148948.52,0,False,False,False,0.02,Low,15710390
636,39,3,118336.14,1,1,0,184691.77,0,False,False,False,0.15,Low,15756481
634,45,2,0.0,1,1,1,143458.31,0,False,False,False,0.23,Low,15736730
793,63,0,0.0,2,0,1,27166.75,0,False,True,True,0.04,Low,15626040
526,50,5,124233.24,1,0,1,159456.87,1,True,False,True,0.79,High,15746553
768,26,5,51116.26,1,1,1,70454.79,1,False,False,False,0.66,Medium,15622518
540,64,1,91869.69,1,0,1,95421.0,0,True,False,True,0.14,Low,15684908
732,34,8,122338.43,2,1,0,187985.85,0,False,False,False,0.03,Low,15569446
617,30,8,0.0,1,1,1,92621.9,0,False,False,False,0.02,Low,15777504
637,54,5,0.0,1,0,1,150836.98,0,False,True,False,0.19,Low,15677906
573,26,8,86270.93,2,1,1,90177.3,0,False,False,True,0.08,Low,15703292
531,44,3,0.0,2,1,1,34416.79,0,False,False,True,0.03,Low,15712938
489,38,5,117289.92,1,0,0,85231.88,0,False,False,False,0.07,Low,15631359
601,35,2,0.0,2,1,1,118983.18,0,False,False,True,0.0,,15720847
452,33,7,153663.27,1,1,0,111868.23,0,True,False,True,0.09,Low,15787830
728,29,1,0.0,1,1,1,83056.22,0,False,True,False,0.04,Low,15599869
590,27,8,123599.49,2,1,0,1676.92,0,True,False,False,0.13,Low,15592078
490,29,4,0.0,2,1,0,32089.57,0,False,False,True,0.0,,15596228
596,76,9,134208.25,1,1,1,13455.43,0,False,True,False,0.09,Low,15578462
635,29,1,0.0,1,0,1,24865.54,0,False,False,True,0.04,Low,15756894
782,35,7,98556.89,2,1,0,117644.36,0,True,False,True,0.03,Low,15796167
790,37,3,0.0,3,0,0,98897.32,0,False,True,False,0.19,Low,15664808
587,40,2,0.0,4,0,1,106174.7,1,False,False,True,0.83,High,15664555
794,46,8,134593.79,1,1,1,46386.37,0,False,True,False,0.08,Low,15607278
515,41,8,0.0,2,1,1,185054.14,0,False,False,True,0.01,Low,15585222
746,24,10,68781.82,1,0,1,47997.39,0,False,True,True,0.01,Low,15750299
667,56,8,137464.04,1,1,0,130846.79,1,True,False,False,0.96,High,15761294
709,32,4,147307.91,1,0,1,40861.55,0,False,False,True,0.0,,15810454
536,35,8,0.0,1,1,0,171840.24,1,False,False,False,0.75,High,15673984
711,41,3,145754.91,1,1,1,101455.07,0,False,False,False,0.02,Low,15609319
753,46,8,0.0,3,1,0,90747.94,1,False,False,True,0.9,High,15709941
748,44,4,112610.77,1,0,1,2048.55,0,False,False,True,0.3,Low,15580252
623,57,7,71481.79,2,1,1,84421.34,0,False,False,False,0.09,Low,15741275
465,33,5,0.0,2,0,1,78698.09,0,False,False,True,0.0,,15707132
640,34,3,77826.8,1,1,1,168544.85,0,False,True,False,0.05,Low,15600708
562,75,5,87140.85,1,1,1,39351.64,0,False,False,True,0.0,,15804787
502,42,0,132002.7,1,0,1,28204.98,1,True,False,False,0.78,High,15690021
536,32,7,178011.5,2,1,0,22375.14,0,False,False,True,0.13,Low,15763895
670,32,4,102954.68,2,0,1,134942.45,0,True,False,False,0.02,Low,15623478
775,51,2,123783.25,1,1,1,134901.57,0,True,False,True,0.25,Low,15797910
759,30,4,101802.67,1,0,0,8693.8,0,True,False,True,0.08,Low,15577751
604,33,3,148659.48,1,0,0,42437.75,0,False,False,True,0.02,Low,15781777
766,62,7,142724.48,1,0,1,5893.23,1,True,False,False,0.81,High,15740527
554,41,4,112152.89,1,0,1,36242.19,0,False,True,False,0.02,Low,15721251
487,53,10,89550.85,1,0,1,90076.85,0,False,False,False,0.07,Low,15602994
725,35,7,75915.75,1,1,0,150507.43,0,False,False,True,0.02,Low,15750769
732,42,2,118889.66,2,0,0,87422.15,0,True,False,False,0.11,Low,15740175
623,40,5,118788.57,1,1,0,192867.4,0,False,False,True,0.12,Low,15679968
781,42,3,156555.54,1,1,1,175674.01,0,False,False,False,0.13,Low,15694404
714,53,1,99141.86,1,1,1,72496.05,1,True,False,True,0.78,High,15657529
577,31,4,61211.18,1,1,1,145250.43,0,True,False,False,0.11,Low,15762882
731,37,1,128932.4,1,1,1,180712.52,0,False,True,False,0.0,,15642579
650,23,5,0.0,1,1,1,180622.43,0,False,True,False,0.06,Low,15598884
779,32,10,80728.15,1,1,0,86306.75,0,False,False,True,0.01,Low,15770185
706,46,2,127660.46,2,1,0,150156.82,1,False,True,False,0.71,High,15800287
733,44,3,106070.89,1,0,1,101617.43,0,False,True,True,0.06,Low,15665861
579,42,3,137560.38,2,1,1,85424.34,0,True,False,False,0.27,Low,15662203
476,34,8,111905.43,1,0,1,197221.81,1,True,False,False,0.79,High,15616454
775,40,9,126212.64,1,1,0,70196.57,0,False,False,True,0.12,Low,15702788
538,68,9,0.0,2,1,0,110440.5,1,False,True,True,0.85,High,15778149
602,38,7,111835.94,2,1,0,124389.61,0,False,False,True,0.05,Low,15680001
615,30,8,0.0,2,0,0,3183.15,0,False,False,True,0.0,,15711991
700,28,3,99705.69,2,0,0,146723.72,0,True,False,False,0.03,Low,15633834
615,32,1,0.0,2,0,0,2139.25,0,False,False,True,0.02,Low,15765266
544,44,2,108895.93,1,0,0,69228.2,1,True,False,True,0.7,Medium,15791867
573,56,3,154669.77,1,0,1,115462.27,1,False,True,True,0.74,High,15675380
555,50,7,128061.0,2,1,1,62375.1,0,False,True,True,0.14,Low,15770576
692,31,2,0.0,2,1,0,91829.17,1,False,False,False,0.62,Medium,15775294
476,40,4,0.0,2,0,0,182547.04,0,False,False,False,0.1,Low,15727059
770,46,9,190678.02,1,1,1,14725.36,0,False,True,True,0.09,Low,15702499
641,40,7,0.0,1,1,0,126996.67,0,False,False,False,0.13,Low,15611699
705,35,5,0.0,1,1,0,133991.11,1,False,False,False,0.72,High,15654000
784,38,5,136712.91,1,0,1,169920.92,0,False,False,True,0.05,Low,15657881
727,52,1,154733.97,1,1,0,80259.67,1,False,True,False,0.94,High,15719991
576,41,4,112609.91,1,0,0,191035.18,1,False,False,False,0.66,Medium,15720687
646,69,10,115462.44,1,1,0,40421.87,0,False,True,True,0.54,Medium,15687079
638,34,5,133501.36,1,0,1,155643.04,0,False,False,True,0.01,Low,15582276
632,30,1,58668.02,1,1,1,78670.52,0,True,False,True,0.02,Low,15763980
850,44,7,89118.26,1,1,0,104240.77,1,False,True,True,0.72,High,15720774
492,28,9,0.0,2,1,0,95957.09,0,False,False,False,0.0,,15592194
673,77,10,76510.52,2,0,1,59595.66,0,True,False,False,0.02,Low,15803685
609,34,7,140694.78,2,1,0,46266.63,0,False,True,True,0.01,Low,15759456
701,36,7,95448.32,2,1,0,189085.07,0,True,False,True,0.01,Low,15611544
651,34,4,91562.99,1,1,1,123954.15,0,False,False,True,0.02,Low,15794257
508,31,8,72541.48,1,1,0,129803.08,0,False,False,True,0.02,Low,15681697
616,43,3,120867.18,1,1,0,18761.92,1,False,True,False,0.68,Medium,15579566
489,34,5,0.0,1,0,0,43540.59,0,False,False,True,0.02,Low,15577970
567,45,1,157320.51,1,1,0,62193.92,0,False,True,False,0.18,Low,15727489
714,27,3,0.0,3,1,1,129130.09,0,False,True,True,0.24,Low,15764284
678,30,1,139676.95,2,0,1,16146.0,0,True,False,False,0.04,Low,15581811
581,55,6,0.0,1,1,1,22442.13,0,False,False,False,0.16,Low,15622527
748,60,3,0.0,2,1,1,78194.37,0,False,True,True,0.08,Low,15753362
781,19,3,0.0,2,1,1,124297.32,0,False,False,False,0.0,,15666652
691,21,3,103000.94,1,1,1,104648.58,0,False,True,True,0.01,Low,15789714
507,31,2,134237.07,1,1,1,166423.66,1,True,False,True,0.71,High,15771543
724,34,6,118235.7,2,0,0,157137.23,0,True,False,True,0.01,Low,15748327
705,57,3,0.0,2,1,1,34134.14,0,False,True,False,0.0,,15754649
708,64,5,0.0,3,0,1,112520.07,1,False,True,False,0.8,High,15810460
580,38,9,115442.19,2,1,0,128481.5,1,True,False,True,0.74,High,15771742
850,38,5,0.0,2,1,0,16491.64,0,False,False,True,0.01,Low,15642160
714,25,2,0.0,1,1,1,132979.43,0,False,True,True,0.1,Low,15798439
559,43,1,0.0,2,1,1,196645.87,0,False,False,False,0.13,Low,15605293
577,44,8,115557.0,1,0,1,127506.76,0,False,True,False,0.11,Low,15692631
647,35,3,166518.63,2,1,0,147930.46,0,True,False,False,0.06,Low,15665376
554,30,6,135370.12,1,1,1,179689.05,1,False,True,True,0.05,Low,15772412
549,54,5,92877.33,1,1,0,2619.64,1,True,False,True,0.78,High,15654577
528,26,10,102073.67,2,0,0,166799.93,0,False,False,False,0.1,Low,15585427
720,46,3,97042.6,1,1,1,133516.51,1,True,False,True,0.48,Medium,15584536
743,41,7,0.0,1,1,0,163736.09,1,False,True,True,0.85,High,15585853
615,24,8,108528.07,2,0,0,179488.41,1,True,False,True,0.15,Low,15645271
635,44,2,79064.85,2,0,1,113291.75,0,True,False,False,0.02,Low,15579387
686,45,3,74274.87,3,1,0,64907.48,1,False,True,True,0.94,High,15623107
840,36,6,0.0,2,1,0,141364.27,0,False,True,False,0.01,Low,15754072
695,43,1,100421.1,1,1,1,101141.28,0,False,False,True,0.01,Low,15666163
564,26,7,84006.88,2,0,0,183490.99,0,False,False,True,0.04,Low,15765192
805,31,4,0.0,2,1,0,4798.12,0,False,False,False,0.0,,15804822
558,45,4,0.0,1,1,0,131807.14,0,False,True,True,0.39,Medium,15612893
657,39,4,80293.81,1,1,0,97192.76,0,False,False,False,0.11,Low,15593636
641,42,7,125437.14,2,0,0,164128.58,0,False,False,False,0.07,Low,15693326
755,36,8,0.0,2,1,0,176809.87,0,False,False,True,0.0,,15809901
483,48,1,0.0,2,1,1,110059.38,0,False,False,True,0.08,Low,15759751
545,44,2,127536.44,1,1,0,108398.63,0,True,False,False,0.3,Low,15605425
678,66,8,0.0,2,1,1,47117.03,0,False,False,True,0.0,,15801934
781,48,9,82794.18,1,1,0,124720.68,1,True,False,False,0.9,High,15592000
571,22,3,108117.1,1,0,1,53328.7,0,False,True,False,0.08,Low,15618695
634,35,10,0.0,1,1,0,82634.41,0,False,True,False,0.26,Low,15637110
523,27,8,61688.61,2,1,0,147059.16,0,True,False,True,0.05,Low,15727408
501,40,2,0.0,2,0,0,141946.92,0,False,False,False,0.01,Low,15716328
662,74,6,0.0,2,1,0,123583.85,0,False,False,True,0.16,Low,15669060
573,50,0,159304.07,1,0,1,155915.24,1,False,True,True,0.34,Medium,15675854
648,33,5,138664.24,1,1,0,29076.27,0,True,False,True,0.05,Low,15621116
662,22,2,126362.57,2,1,1,97382.8,0,False,False,False,0.02,Low,15781495
725,39,4,160652.45,2,1,0,57643.55,0,False,False,True,0.04,Low,15740470
563,35,2,183572.84,1,1,1,66006.75,1,False,False,False,0.85,High,15714391
628,31,0,88421.81,1,0,0,72350.47,0,False,False,True,0.07,Low,15730137
546,45,2,0.0,1,0,0,197789.83,1,False,True,False,0.91,High,15596455
688,41,2,112871.19,2,0,1,65520.74,0,True,False,True,0.1,Low,15717290
850,41,8,60880.68,1,1,0,31825.84,0,True,False,True,0.11,Low,15616555
614,34,5,0.0,2,1,0,185561.89,0,False,False,False,0.0,,15659820
719,37,9,101455.7,1,1,0,25803.59,1,False,False,False,0.63,Medium,15696301
757,71,0,88084.13,2,1,1,154337.47,0,False,False,False,0.02,Low,15771087
669,29,7,0.0,2,1,1,138145.62,0,False,False,True,0.0,,15808831
438,59,7,127197.14,1,1,0,51565.98,1,True,False,True,0.94,High,15812241
492,39,7,0.0,2,0,1,71323.23,0,False,False,True,0.01,Low,15680370
622,39,9,83456.79,2,0,0,38882.34,0,False,False,False,0.04,Low,15780561
645,42,4,98298.18,1,1,1,676.06,0,False,False,True,0.1,Low,15800784
728,37,0,0.0,2,1,1,72203.8,0,False,False,True,0.03,Low,15715796
651,35,2,86911.8,1,1,0,174094.24,0,False,False,True,0.0,,15605375
783,42,2,139707.28,1,1,0,2150.22,0,True,False,False,0.42,Medium,15621520
732,67,1,0.0,2,1,1,177783.04,0,False,True,False,0.03,Low,15665460
553,39,1,142876.98,2,1,0,44363.42,0,False,True,False,0.02,Low,15801152
660,30,7,146301.31,1,0,0,96847.91,0,False,False,True,0.01,Low,15756425
670,40,3,47364.45,1,1,1,148579.43,1,False,False,False,0.66,Medium,15674328
718,38,7,0.0,2,1,0,38308.34,0,False,False,True,0.01,Low,15742404
787,51,0,58137.08,1,0,1,142538.31,0,False,False,True,0.13,Low,15757140
775,38,6,179886.41,2,0,0,153122.58,0,True,False,False,0.04,Low,15570051
479,24,6,107637.97,2,0,1,169505.83,0,True,False,True,0.08,Low,15669175
660,20,6,167685.56,1,1,0,57929.9,0,False,False,False,0.16,Low,15790324
721,68,4,136525.99,1,0,0,175399.14,0,True,False,True,0.33,Medium,15691119
659,39,8,52106.33,2,1,1,107964.36,0,True,False,True,0.03,Low,15743478
743,39,8,0.0,1,1,0,94263.44,0,False,False,False,0.28,Low,15707007
670,45,9,104930.38,1,1,0,155921.81,1,False,False,False,0.84,High,15572547
766,34,6,106434.94,1,0,1,137995.66,1,True,False,False,0.73,High,15567063
845,38,2,112803.92,1,1,0,179631.85,0,False,True,False,0.1,Low,15689633
710,46,10,120530.34,1,1,0,166586.99,1,True,False,False,0.93,High,15720637
602,43,2,113641.49,4,1,0,115116.35,1,True,False,False,0.97,High,15616859
604,43,2,145081.72,1,1,1,23881.62,0,False,True,True,0.08,Low,15766166
564,35,9,0.0,2,1,1,105837.38,0,False,True,False,0.0,,15617655
637,27,7,135842.89,1,1,1,101418.05,0,True,False,False,0.07,Low,15623450
527,31,1,112203.25,1,1,0,182266.01,0,False,False,False,0.02,Low,15796612
687,34,7,129895.19,1,0,1,28698.17,0,False,False,True,0.01,Low,15795963
756,41,6,149049.92,1,0,1,50422.36,1,True,False,True,0.74,High,15781598
503,42,9,153279.39,1,1,1,151336.96,0,True,False,True,0.16,Low,15691871
657,42,5,41473.33,1,1,0,112979.6,1,False,True,True,0.77,High,15740345
666,40,2,0.0,2,0,0,36371.27,0,False,False,False,0.05,Low,15662626
615,39,5,113193.51,2,1,1,52166.25,0,True,False,True,0.02,Low,15596575
712,27,8,113174.21,2,1,0,147261.58,0,True,False,True,0.05,Low,15657321
764,24,0,0.0,2,1,0,88724.49,0,False,False,False,0.19,Low,15575955
471,42,3,164951.56,1,1,0,190531.77,0,False,False,True,0.1,Low,15743893
608,27,4,153325.1,1,1,1,199953.33,0,False,True,True,0.05,Low,15697270
682,47,10,134032.01,1,1,0,144290.97,0,False,True,False,0.55,Medium,15644356
587,32,3,125445.04,2,1,1,130514.78,0,True,False,False,0.0,,15677586
714,35,6,126077.43,2,1,1,53954.24,0,True,False,False,0.03,Low,15571261
630,31,1,0.0,2,1,1,169802.73,0,False,True,False,0.0,,15698758
648,28,8,90371.09,1,1,1,146851.73,0,True,False,False,0.05,Low,15787014
785,40,3,0.0,2,1,1,96832.82,0,False,False,False,0.01,Low,15739857
601,47,1,142802.02,1,1,1,57553.02,0,True,False,False,0.18,Low,15774630
717,28,1,90537.16,1,0,1,74800.99,0,False,False,False,0.0,,15805523
707,44,6,0.0,2,1,1,192542.17,0,False,False,False,0.06,Low,15749557
771,23,7,156123.73,1,1,0,72990.62,0,False,False,False,0.05,Low,15681180
602,35,5,0.0,2,1,0,31050.02,0,False,False,False,0.01,Low,15742028
626,38,7,141074.59,1,1,0,52795.56,1,False,False,True,0.65,Medium,15686463
588,59,4,0.0,2,1,1,27435.41,0,False,True,True,0.04,Low,15654379
616,42,6,117899.95,2,0,0,150266.81,0,True,False,False,0.07,Low,15783629
621,33,4,0.0,2,1,1,40299.23,0,False,True,True,0.0,,15751193
674,26,6,166257.96,1,1,1,149369.41,0,False,False,True,0.0,,15724099
633,46,3,0.0,2,1,0,120250.58,0,False,True,False,0.02,Low,15568429
698,64,1,169362.43,1,1,0,84760.32,1,True,False,False,0.98,High,15648967
508,26,7,205962.0,1,1,0,156424.4,0,False,False,True,0.18,Low,15664498
736,24,0,0.0,2,1,0,109355.73,1,False,False,False,0.65,Medium,15779522
672,68,0,126061.51,2,1,1,184936.77,0,True,False,True,0.24,Low,15583850
613,21,7,105627.95,1,1,1,36560.51,0,False,False,False,0.0,,15696539
712,32,9,100606.02,1,1,0,165693.06,0,False,False,True,0.03,Low,15760121
624,38,3,0.0,2,1,1,163666.85,0,False,False,False,0.0,,15628279
676,38,1,0.0,2,0,1,35644.79,0,False,False,True,0.0,,15766163
683,32,0,138171.1,2,1,1,188203.58,0,True,False,False,0.02,Low,15566467
489,31,7,139395.08,1,0,1,6120.84,0,False,False,False,0.02,Low,15639049
739,29,1,0.0,2,1,1,164484.78,0,False,False,True,0.0,,15736413
701,37,3,0.0,2,1,1,164268.28,0,False,False,False,0.0,,15634815
666,50,7,109062.28,1,1,1,140136.1,1,True,False,False,0.74,High,15716381
565,40,1,89994.71,2,0,1,121084.27,0,True,False,False,0.06,Low,15708162
666,36,3,0.0,2,1,0,35156.54,0,False,False,True,0.01,Low,15569364
633,59,2,103996.74,1,1,1,103159.11,0,False,False,True,0.16,Low,15791191
578,34,4,175111.11,1,1,1,74858.3,0,False,False,True,0.0,,15621205
812,49,8,66079.45,2,0,0,91556.57,1,False,True,False,0.77,High,15704788
809,33,8,148055.74,1,0,0,199203.21,0,True,False,True,0.14,Low,15775756
615,36,6,0.0,1,1,1,27011.8,1,False,False,True,0.74,High,15641312
684,31,8,0.0,2,1,0,188637.05,0,False,True,False,0.0,,15782531
544,40,8,0.0,2,1,0,61581.2,0,False,False,True,0.05,Low,15724428
713,47,1,95994.98,1,1,0,197529.23,0,True,False,True,0.24,Low,15743617
633,37,2,0.0,2,1,0,182258.17,0,False,False,True,0.0,,15585839
672,23,10,110741.56,1,1,0,80778.5,0,True,False,False,0.1,Low,15658158
661,35,5,0.0,1,1,0,155394.52,0,False,False,True,0.08,Low,15637678
749,28,3,0.0,1,1,0,3408.7,0,False,True,False,0.09,Low,15701809
635,32,8,0.0,2,1,1,19367.98,1,False,True,False,0.75,High,15676937
850,70,1,96947.58,3,1,0,62282.99,1,True,False,False,0.83,High,15778975
641,41,6,0.0,2,1,0,65396.79,0,False,False,True,0.0,,15710375
633,30,2,109786.82,2,1,1,139712.81,0,True,False,True,0.01,Low,15579914
413,35,2,0.0,2,1,1,60972.84,0,False,True,True,0.01,Low,15595160
538,31,1,0.0,2,1,0,1375.46,0,False,False,True,0.03,Low,15595391
437,39,0,102721.49,1,0,0,22191.82,0,False,False,False,0.11,Low,15630363
612,33,5,69478.57,1,1,0,8973.67,1,False,True,True,0.72,High,15692443
516,53,1,156674.2,1,1,0,118502.34,1,True,False,False,0.9,High,15593795
826,56,8,174506.1,2,0,1,161802.82,1,False,True,False,0.74,High,15642824
660,23,6,166070.48,2,0,0,90494.72,0,True,False,False,0.0,,15683524
646,29,4,105957.44,1,1,0,15470.91,0,True,False,False,0.2,Low,15713532
767,36,3,0.0,1,0,0,65147.27,0,False,False,True,0.17,Low,15719827
640,40,8,110340.68,1,1,1,157886.6,0,False,False,True,0.06,Low,15578435
778,33,1,0.0,2,1,0,85439.73,0,False,False,True,0.02,Low,15723028
679,52,9,135870.01,2,0,0,54038.62,0,True,False,True,0.46,Medium,15595609
549,31,4,0.0,2,0,1,25684.85,0,False,False,True,0.01,Low,15622443
598,47,2,0.0,2,1,1,186116.54,0,False,False,True,0.01,Low,15579112
655,45,0,0.0,2,1,0,166830.71,0,False,False,False,0.12,Low,15648479
494,30,3,85704.95,1,0,1,27886.06,0,False,False,True,0.01,Low,15659234
653,42,1,0.0,2,1,1,5768.32,0,False,False,False,0.01,Low,15811970
539,38,8,105435.74,1,0,0,80575.44,1,True,False,False,0.8,High,15774192
645,37,1,0.0,2,1,1,68987.55,0,False,False,False,0.03,Low,15595136
751,34,9,108513.25,2,1,1,27097.82,0,True,False,True,0.01,Low,15630580
528,35,3,156687.1,1,1,0,199320.77,0,False,False,True,0.09,Low,15660646
696,31,3,150604.52,1,0,0,5566.6,0,True,False,True,0.06,Low,15614365
716,44,6,155114.9,1,0,0,133871.83,0,False,False,False,0.08,Low,15776128
602,35,8,0.0,2,1,1,152843.53,0,False,False,False,0.0,,15787035
647,64,1,91216.0,1,1,1,41800.18,0,False,True,False,0.07,Low,15792646
850,61,3,141784.02,1,1,1,92053.75,0,True,False,True,0.12,Low,15726832
590,32,0,127763.24,1,1,0,100717.54,0,False,False,False,0.03,Low,15773260
825,32,1,0.0,2,1,1,42935.15,0,False,True,False,0.02,Low,15624437
850,31,6,82613.56,2,1,0,149170.92,0,False,True,True,0.07,Low,15717138
789,32,7,69423.52,1,1,0,107499.39,0,False,False,False,0.03,Low,15657317
701,42,6,86167.82,1,1,0,153342.38,0,False,False,False,0.15,Low,15626948
713,47,1,0.0,1,1,0,107825.08,1,False,True,False,0.94,High,15758901
570,30,2,131406.56,1,1,1,47952.45,0,False,False,True,0.0,,15777759
536,44,4,121898.82,1,0,0,131007.18,0,True,False,False,0.24,Low,15773322
771,32,9,77487.2,1,0,0,33143.04,0,True,False,True,0.06,Low,15697318
512,75,2,0.0,1,1,0,123304.62,0,False,False,False,0.23,Low,15678916
698,45,5,164450.94,1,1,0,141970.02,1,False,True,True,0.34,Medium,15632118
656,33,7,138705.02,2,1,0,37136.15,0,False,False,True,0.0,,15788118
761,37,7,132730.17,1,1,0,199293.01,0,False,True,True,0.25,Low,15788930
709,30,5,0.0,2,0,1,161388.22,0,False,False,False,0.0,,15628583
597,66,3,0.0,1,1,1,70532.53,0,False,True,False,0.09,Low,15635177
592,28,2,116498.22,1,1,0,144290.25,0,False,False,True,0.0,,15587690
599,41,1,0.0,2,1,0,96069.82,0,False,False,False,0.03,Low,15627630
572,35,1,139979.07,1,1,0,185662.84,0,True,False,False,0.11,Low,15610930
611,43,9,127216.31,2,0,1,17913.25,0,True,False,False,0.12,Low,15657747
634,45,2,0.0,4,1,0,101039.53,1,False,False,False,0.86,High,15568006
666,51,2,148222.65,1,0,0,156953.54,1,False,False,True,0.87,High,15751748
696,41,8,0.0,2,0,0,28276.83,0,False,False,False,0.13,Low,15722212
669,38,8,0.0,2,1,0,84049.16,0,False,False,False,0.02,Low,15658670
726,30,8,134152.29,1,1,1,147822.44,0,False,True,True,0.01,Low,15761654
497,32,8,111537.23,4,1,1,9497.99,1,True,False,False,0.87,High,15812210
750,39,7,119565.92,1,1,0,87067.73,0,False,True,False,0.11,Low,15787051
850,29,7,0.0,2,1,0,23237.25,0,False,True,False,0.04,Low,15642991
617,38,7,0.0,1,1,1,27239.28,0,False,True,True,0.44,Medium,15713769
652,46,10,121063.8,3,1,0,151481.86,1,True,False,True,0.98,High,15605826
560,27,7,124995.98,1,1,1,114669.79,0,False,True,False,0.07,Low,15648898
629,39,5,0.0,2,0,0,116748.14,0,False,True,True,0.0,,15705309
660,52,4,86891.84,1,1,0,90877.76,0,True,False,False,0.35,Medium,15734202
676,38,8,0.0,2,1,1,133692.88,0,False,False,True,0.01,Low,15658852
581,43,9,78022.61,1,0,1,30662.91,0,False,True,True,0.04,Low,15612633
798,34,9,154495.79,1,1,0,191395.88,0,False,False,True,0.06,Low,15604818
705,38,1,189443.72,1,0,1,106648.58,0,False,False,True,0.04,Low,15593900
714,31,6,152926.6,1,1,1,50899.91,0,False,True,False,0.02,Low,15624995
664,44,8,142989.69,1,1,1,115452.51,1,False,False,False,0.66,Medium,15570087
697,43,7,115371.94,2,1,0,64139.1,0,True,False,True,0.1,Low,15802617
609,37,6,0.0,2,0,1,22030.72,0,False,False,True,0.0,,15656029
548,38,0,178056.54,2,1,0,38434.73,0,False,True,True,0.11,Low,15739194
850,39,6,206014.94,2,0,1,42774.84,1,False,True,True,0.73,High,15607275
656,41,2,0.0,2,1,0,158973.77,0,False,False,True,0.0,,15629475
727,37,9,101191.83,1,1,1,34551.35,1,True,False,True,0.67,Medium,15635034
642,55,7,0.0,2,1,1,101515.76,0,False,False,False,0.01,Low,15756333
710,31,5,0.0,2,1,0,9561.73,0,False,True,False,0.02,Low,15777436
710,33,1,0.0,2,1,0,168313.17,0,False,True,True,0.0,,15676835
718,37,7,0.0,2,1,1,55100.09,0,False,False,False,0.05,Low,15574206
586,32,1,149814.54,1,1,0,31830.06,0,True,False,True,0.38,Medium,15613017
617,36,7,115617.24,1,1,1,71519.4,0,False,True,False,0.02,Low,15815131
630,28,9,0.0,2,0,0,32599.35,0,False,False,True,0.0,,15585455
791,42,10,113657.41,2,0,1,139946.68,1,True,False,False,0.72,High,15692929
673,39,8,138160.0,1,1,1,110468.51,0,False,True,True,0.01,Low,15758081
477,36,3,117700.86,1,0,0,74042.0,0,True,False,False,0.11,Low,15667476
662,37,5,0.0,2,1,0,151871.84,0,False,False,False,0.0,,15738248
850,37,9,122506.38,1,0,1,199693.84,1,True,False,True,0.75,High,15672152
635,58,1,0.0,1,1,1,58907.08,1,False,False,False,0.79,High,15673372
537,59,9,0.0,2,0,0,103799.77,1,False,False,True,0.52,Medium,15587611
579,39,3,166501.17,2,1,0,93835.64,0,False,False,False,0.08,Low,15803415
651,46,4,89743.05,1,1,0,156425.57,1,False,True,False,0.87,High,15715673
610,25,2,0.0,2,1,0,123723.83,0,False,False,False,0.0,,15655648
581,30,1,0.0,2,1,0,199464.08,0,False,False,True,0.09,Low,15763613
592,39,7,0.0,2,1,0,83084.33,0,False,False,True,0.02,Low,15660385
688,35,6,0.0,1,1,0,25488.43,1,False,True,False,0.83,High,15733261
681,18,1,98894.39,1,1,1,9596.4,0,False,False,False,0.02,Low,15796231
658,37,3,168735.74,2,0,0,70370.24,0,True,False,True,0.03,Low,15624866
792,34,1,0.0,1,0,1,86330.32,0,False,False,True,0.05,Low,15623730
528,62,7,133201.17,1,0,0,168507.68,1,True,False,False,0.92,High,15668248
624,36,0,0.0,2,1,0,111605.9,0,False,True,False,0.07,Low,15694518
562,31,4,127237.25,2,0,1,143317.42,0,True,False,True,0.02,Low,15638028
678,36,1,117864.85,2,1,0,27619.06,0,True,False,True,0.2,Low,15795895
705,64,3,153469.26,3,0,0,146573.66,1,True,False,False,0.94,High,15694376
650,23,4,93911.3,2,1,0,69055.45,0,True,False,True,0.07,Low,15669204
593,46,2,76597.79,1,1,1,54453.72,0,False,True,False,0.12,Low,15773779
652,40,4,79927.36,2,1,1,33524.6,0,False,False,False,0.0,,15580682
554,27,4,0.0,2,1,1,135083.73,0,False,True,False,0.01,Low,15768530
584,32,8,40172.91,1,1,1,137439.34,0,True,False,True,0.04,Low,15672875
516,33,7,115195.58,1,1,1,11205.5,0,False,False,True,0.01,Low,15617082
789,43,9,116644.29,2,1,1,60176.1,0,True,False,False,0.15,Low,15760514
598,20,8,180293.84,2,1,1,29552.7,0,True,False,True,0.02,Low,15761775
669,30,7,139872.81,1,1,0,188795.85,0,True,False,False,0.07,Low,15799964
645,24,3,34547.82,1,1,1,11638.17,0,False,False,False,0.1,Low,15693906
659,32,9,0.0,2,1,1,93155.75,0,False,False,False,0.01,Low,15739514
833,29,1,96462.25,2,0,1,48986.18,0,True,False,True,0.09,Low,15756926
697,40,7,130334.35,2,0,1,116951.1,0,False,True,False,0.08,Low,15770984
580,39,3,119688.81,1,1,0,137041.26,0,True,False,True,0.22,Low,15703979
691,38,1,0.0,2,0,0,44653.5,0,False,False,True,0.01,Low,15801821
534,52,1,0.0,3,1,1,104035.41,1,False,False,True,0.91,High,15711028
478,32,6,71187.24,1,1,1,110593.62,0,False,False,False,0.04,Low,15791842
572,47,2,0.0,2,1,0,36099.7,0,False,False,False,0.07,Low,15746127
501,37,4,0.0,2,0,0,12470.3,0,False,False,True,0.05,Low,15663625
624,38,8,0.0,2,1,0,95403.41,0,False,True,False,0.01,Low,15604891
595,39,9,136422.41,1,1,1,151757.81,0,False,False,False,0.1,Low,15589666
603,30,8,0.0,2,1,1,47536.46,0,False,False,True,0.0,,15627881
602,25,0,0.0,2,1,1,101274.17,0,False,False,False,0.01,Low,15664895
500,34,6,0.0,1,1,1,140268.45,0,False,False,False,0.08,Low,15676094
422,41,6,153238.88,1,1,0,11663.09,0,False,False,True,0.43,Medium,15761720
615,35,7,0.0,2,1,0,150784.29,0,False,False,True,0.0,,15611961
635,78,6,47536.4,1,1,1,119400.08,0,False,False,False,0.05,Low,15680167
711,32,1,0.0,2,1,0,126188.42,0,False,False,False,0.01,Low,15762543
834,36,8,142882.49,1,1,0,89983.02,1,False,False,True,0.56,Medium,15658475
633,44,7,0.0,2,1,0,29761.29,0,False,False,False,0.07,Low,15779743
650,31,1,160566.11,2,0,0,27073.81,0,False,False,False,0.04,Low,15661532
743,65,2,131935.51,1,1,1,96399.67,1,True,False,True,0.82,High,15782360
567,38,6,127678.8,2,0,0,45422.89,0,False,False,True,0.02,Low,15767908
706,46,4,105214.58,1,1,0,108699.59,1,True,False,False,0.91,High,15677105
638,46,9,139859.54,1,1,0,38967.29,0,False,False,True,0.09,Low,15641474
641,38,3,0.0,2,1,0,116466.19,0,False,False,False,0.02,Low,15624451
574,34,5,112324.45,2,1,1,17993.43,0,False,False,False,0.01,Low,15577985
642,30,8,134497.27,1,0,0,43250.54,0,True,False,True,0.07,Low,15571666
722,35,1,120171.58,1,1,0,125240.8,0,False,True,False,0.08,Low,15783691
623,23,1,106012.2,2,0,1,191415.94,0,False,False,True,0.01,Low,15671172
681,25,5,0.0,1,0,1,90860.97,0,False,False,True,0.05,Low,15731760
530,34,8,0.0,2,0,1,141872.52,0,False,False,False,0.0,,15585599
797,55,10,0.0,4,1,1,49418.87,1,False,False,False,0.74,High,15784958
653,51,3,0.0,1,1,0,170426.65,1,False,False,True,0.94,High,15734524
850,42,8,119839.69,1,0,1,51016.02,1,True,False,True,0.76,High,15614103
581,34,1,0.0,2,0,1,81175.25,0,False,True,True,0.0,,15794895
589,38,8,92219.21,1,1,0,99106.97,0,True,False,True,0.14,Low,15772381
555,48,3,142055.41,2,0,1,79134.78,0,True,False,True,0.08,Low,15710553
748,49,7,29602.08,1,0,0,163550.58,1,False,False,False,0.91,High,15649292
745,46,7,0.0,2,1,1,67769.94,0,False,False,False,0.03,Low,15792565
730,34,1,0.0,2,1,1,126592.01,0,False,False,True,0.0,,15718245
565,44,1,0.0,2,0,1,89602.81,0,False,False,False,0.03,Low,15703117
778,37,3,141803.77,1,0,1,179421.84,0,False,False,True,0.04,Low,15758136
812,24,10,0.0,2,1,1,156906.15,0,False,False,True,0.0,,15799932
526,42,1,0.0,1,0,1,168486.02,0,False,False,True,0.15,Low,15633516
708,47,0,126589.12,2,0,1,132730.07,1,False,False,False,0.8,High,15622532
680,33,2,108393.35,1,0,1,39057.67,0,False,False,True,0.03,Low,15798960
567,43,2,115643.58,2,0,0,174606.35,0,False,True,True,0.07,Low,15698664
564,48,5,132876.23,1,1,0,79259.77,0,False,True,True,0.17,Low,15703614
709,24,3,110949.41,1,1,1,168515.61,0,False,False,False,0.08,Low,15699195
629,46,1,130666.2,1,1,1,161125.67,1,False,False,True,0.69,Medium,15710543
510,45,10,103821.47,2,0,1,77878.62,0,False,False,False,0.2,Low,15695499
506,32,3,0.0,1,1,1,80823.02,0,False,False,False,0.02,Low,15622321
605,39,7,0.0,1,0,1,119348.28,0,False,False,True,0.06,Low,15715744
650,32,1,132187.73,2,1,1,178331.36,0,False,True,True,0.0,,15788151
850,49,8,98649.55,1,1,0,119174.88,1,True,False,True,0.9,High,15687153
489,38,2,126444.08,2,1,1,82662.73,0,True,False,True,0.08,Low,15684958
659,30,8,154159.51,1,1,0,40441.1,0,True,False,False,0.18,Low,15706116
753,43,5,0.0,2,1,0,109881.71,0,False,False,False,0.09,Low,15740557
477,48,8,129250.0,2,1,1,157937.35,0,True,False,True,0.04,Low,15707291
610,45,3,0.0,1,1,0,38276.84,1,False,True,False,0.75,High,15583353
619,33,2,167733.51,2,1,1,65222.48,0,False,False,False,0.06,Low,15761024
619,31,2,56116.3,2,0,0,2181.94,0,True,False,False,0.02,Low,15630709
758,30,3,141581.08,1,1,0,156249.06,0,False,False,False,0.03,Low,15639590
516,50,7,139675.07,2,1,0,45591.23,0,True,False,True,0.41,Medium,15659399
789,27,8,66201.96,1,1,1,79458.12,0,False,False,False,0.03,Low,15567078
687,44,9,0.0,2,0,0,103042.2,1,False,False,False,0.18,Low,15696373
485,34,3,133658.24,1,1,0,70209.83,0,True,False,True,0.11,Low,15786617
446,25,3,136202.78,1,1,0,176743.51,0,True,False,True,0.08,Low,15657449
597,60,0,131778.08,1,0,0,10703.53,1,False,False,False,0.9,High,15672594
712,74,5,0.0,2,0,0,151425.82,0,False,True,True,0.17,Low,15714240
522,34,3,0.0,2,1,1,3894.34,0,False,False,False,0.01,Low,15782144
805,26,8,42712.87,2,1,1,28861.69,0,True,False,False,0.01,Low,15665008
781,28,4,0.0,2,1,0,177703.15,0,False,False,False,0.0,,15581733
689,57,4,0.0,2,1,0,136649.8,1,False,True,False,0.82,High,15751392
670,31,1,142631.54,2,1,1,175894.24,0,True,False,True,0.02,Low,15785815
670,33,2,141204.65,2,1,0,76257.46,0,False,False,True,0.0,,15664214
524,25,7,131402.21,1,0,0,193668.49,0,True,False,False,0.13,Low,15579996
734,39,3,92636.96,2,1,1,125671.29,0,False,True,False,0.01,Low,15675252
489,51,3,0.0,2,0,1,174098.28,1,False,False,False,0.74,High,15579617
578,31,5,102088.68,4,0,0,187866.21,1,True,False,False,0.98,High,15593976
622,39,9,0.0,2,0,1,100862.36,0,False,True,True,0.0,,15716041
843,38,8,134887.53,1,1,1,10804.04,0,False,False,False,0.23,Low,15654489
687,48,4,0.0,2,1,1,170893.85,0,False,False,True,0.0,,15736302
700,28,8,159900.38,1,0,0,22698.56,0,False,True,True,0.06,Low,15805909
410,50,2,102278.79,2,1,0,89822.48,0,True,False,False,0.16,Low,15572762
537,41,0,0.0,2,0,1,175262.49,0,False,False,False,0.03,Low,15724632
780,43,0,0.0,1,0,1,15705.27,0,False,False,False,0.12,Low,15670416
652,58,6,0.0,2,0,1,170025.43,0,False,True,True,0.03,Low,15749528
620,35,0,76989.97,1,1,1,17242.79,0,True,False,True,0.06,Low,15578783
697,23,10,0.0,2,1,1,79734.23,0,False,False,False,0.0,,15580719
786,35,3,0.0,2,1,0,92712.97,0,False,False,True,0.02,Low,15656293
850,39,5,114491.82,1,1,0,99689.48,0,True,False,False,0.04,Low,15691875
749,54,3,144768.94,1,1,0,93336.3,1,True,False,True,0.95,High,15596870
445,31,7,145056.59,1,1,1,175893.53,0,False,False,True,0.0,,15780770
443,50,3,117206.3,1,1,0,42840.18,1,True,False,True,0.95,High,15751491
637,41,2,138014.4,2,1,0,140298.24,0,True,False,True,0.05,Low,15706200
616,45,6,128352.59,3,1,1,144000.59,1,True,False,False,0.98,High,15808674
756,23,1,112568.31,1,1,1,113408.11,0,False,False,False,0.02,Low,15641411
644,33,2,0.0,1,1,0,96420.58,0,False,False,True,0.04,Low,15764661
850,41,1,176958.46,2,0,1,125806.3,0,True,False,True,0.06,Low,15689492
703,38,9,99167.54,1,1,0,65720.92,0,True,False,False,0.14,Low,15602405
684,42,3,103210.27,1,1,0,31002.03,0,False,True,False,0.09,Low,15610271
706,48,10,104478.12,3,0,1,158248.71,1,True,False,False,0.97,High,15791780
580,61,8,125921.37,1,1,1,94677.83,0,False,True,True,0.07,Low,15589147
777,35,3,0.0,2,1,1,17257.72,0,False,True,False,0.02,Low,15756975
676,48,3,80697.44,1,0,0,101397.86,0,True,False,True,0.27,Low,15729582
708,44,2,161887.81,2,1,0,84870.23,0,False,False,False,0.12,Low,15742971
809,24,7,109558.36,1,1,0,183515.13,0,False,False,True,0.02,Low,15568046
588,38,1,124271.26,1,1,0,75969.19,0,False,False,True,0.02,Low,15694890
623,43,1,0.0,2,1,1,146379.3,0,False,False,True,0.02,Low,15736963
537,42,1,190569.23,1,0,1,127154.8,0,False,True,True,0.26,Low,15646490
536,53,2,143923.96,1,1,0,2019.78,1,False,True,True,0.83,High,15607314
769,48,2,96542.16,2,0,1,197885.72,0,False,False,True,0.12,Low,15576745
690,33,5,0.0,2,1,0,138017.68,0,False,False,True,0.0,,15669606
771,45,0,139825.56,1,0,0,170984.97,1,False,True,True,0.38,Medium,15737832
497,24,6,111769.14,2,1,0,55859.27,0,True,False,True,0.03,Low,15681990
622,37,4,0.0,2,1,0,4459.5,0,False,True,True,0.02,Low,15758050
602,30,9,113672.18,2,0,0,102135.92,0,False,True,True,0.04,Low,15787848
543,32,7,147256.86,1,1,0,112771.95,0,False,False,False,0.03,Low,15713594
520,45,7,107023.03,1,1,0,32903.93,0,False,True,True,0.11,Low,15588186
669,37,1,125529.55,1,1,1,162260.93,0,False,False,True,0.03,Low,15786739
631,41,0,0.0,1,0,0,87959.83,0,False,True,False,0.14,Low,15699467
537,48,4,131834.8,1,1,0,166476.95,1,True,False,True,0.93,High,15680706
732,62,2,0.0,2,1,1,25438.87,0,False,False,True,0.07,Low,15645717
844,56,5,99529.7,1,0,1,157230.06,1,False,True,True,0.69,Medium,15748597
838,35,0,0.0,2,0,1,197305.91,0,False,True,True,0.0,,15773709
652,27,10,107303.72,2,0,0,44435.76,0,False,False,True,0.0,,15629787
660,33,0,72783.42,1,0,0,181051.99,0,False,False,True,0.02,Low,15661007
692,44,8,0.0,1,0,1,159069.37,0,False,True,False,0.11,Low,15686812
588,35,0,0.0,2,1,1,155485.24,0,False,False,False,0.0,,15754113
533,22,10,115743.6,1,0,0,43852.05,0,True,False,False,0.14,Low,15749489
850,43,4,161256.53,1,1,1,140071.57,0,False,False,True,0.09,Low,15574352
511,27,8,0.0,2,1,1,49089.36,0,False,False,True,0.0,,15701281
530,44,6,0.0,2,0,0,55893.37,0,False,True,True,0.14,Low,15811985
554,31,1,0.0,2,0,1,192660.55,0,False,False,True,0.01,Low,15713505
585,40,3,162261.01,2,1,0,137028.51,0,True,False,False,0.12,Low,15685653
754,39,3,74896.33,1,0,0,34430.16,0,False,False,True,0.08,Low,15758831
474,54,3,0.0,1,1,0,108409.17,1,False,False,True,0.85,High,15618774
837,35,0,144037.6,1,1,0,145325.32,0,True,False,True,0.14,Low,15764448
567,23,9,93522.2,1,0,1,81425.61,0,False,False,False,0.01,Low,15611024
800,38,1,0.0,2,1,0,51553.43,0,False,True,True,0.02,Low,15738220
646,18,10,0.0,2,0,1,52795.15,0,False,False,True,0.36,Medium,15805764
627,38,8,106922.92,2,0,1,84270.09,0,True,False,True,0.03,Low,15580487
505,26,8,112972.57,1,1,0,145011.62,0,False,False,True,0.02,Low,15675787
566,35,1,123042.0,1,1,0,66245.44,1,True,False,False,0.76,High,15583580
619,33,3,100488.92,2,0,1,36446.74,0,True,False,False,0.01,Low,15780654
757,44,4,123322.15,1,1,0,137136.29,0,False,False,False,0.24,Low,15695034
648,32,0,0.0,1,0,1,117323.31,0,False,False,True,0.07,Low,15805671
621,42,8,68683.68,1,1,1,74157.71,0,False,True,True,0.05,Low,15790658
543,49,6,59532.18,1,1,0,104253.56,0,True,False,True,0.26,Low,15578648
658,43,7,140260.36,2,1,0,2748.72,0,False,False,False,0.04,Low,15734987
633,50,7,88302.65,1,1,1,195937.16,0,True,False,True,0.16,Low,15721740
648,19,1,0.0,2,0,1,22101.86,0,False,False,False,0.02,Low,15641822
501,40,5,114655.58,1,0,0,126535.92,0,True,False,True,0.09,Low,15765650
683,42,4,148283.94,1,1,1,44692.63,1,False,False,False,0.58,Medium,15788556
619,38,1,0.0,1,1,0,112442.63,1,False,True,False,0.74,High,15576550
705,35,3,0.0,2,0,1,66331.01,0,False,False,False,0.06,Low,15622230
638,53,1,123916.67,1,1,0,16657.68,1,True,False,False,0.96,High,15653937
710,31,1,0.0,2,1,0,20081.3,0,False,False,False,0.04,Low,15743538
590,54,4,0.0,2,1,1,93820.49,1,False,False,False,0.12,Low,15591740
725,43,2,165896.0,2,1,0,130795.52,0,False,False,True,0.09,Low,15650086
638,32,0,0.0,2,1,0,160129.99,0,False,False,False,0.0,,15718773
791,36,6,111168.97,1,1,1,189969.91,0,False,False,True,0.01,Low,15615140
702,40,1,103549.24,1,0,0,9712.52,1,False,False,False,0.78,High,15644361
607,32,6,0.0,2,0,0,196062.01,0,False,False,False,0.01,Low,15774536
535,30,6,103804.97,1,1,1,125710.53,0,False,False,True,0.01,Low,15618661
651,45,2,165901.59,2,1,0,23054.51,1,False,False,True,0.76,High,15605020
506,59,8,119152.1,2,1,1,170679.74,0,True,False,True,0.07,Low,15762134
511,57,8,122950.31,1,1,1,181258.76,0,False,True,False,0.09,Low,15685279
757,51,1,0.0,1,1,1,22835.13,1,False,False,False,0.86,High,15582849
768,49,1,133384.66,1,1,0,102397.22,1,True,False,True,0.92,High,15655410
757,32,9,0.0,2,1,0,115950.96,0,False,False,True,0.0,,15649129
663,64,6,0.0,2,0,1,15876.52,0,False,True,True,0.03,Low,15702380
537,37,7,158411.95,4,1,1,117690.58,1,True,False,False,0.96,High,15759067
570,29,4,122028.65,2,1,1,173792.77,0,True,False,True,0.0,,15683027
850,35,5,0.0,1,1,1,80992.8,0,False,False,False,0.04,Low,15597487
661,64,8,128751.65,2,1,0,189398.18,1,True,False,False,0.68,Medium,15763256
659,54,8,133436.52,1,1,0,56787.8,0,False,False,True,0.18,Low,15620111
454,40,2,123177.01,1,1,0,148309.98,0,False,True,True,0.13,Low,15623053
708,59,2,0.0,1,1,0,179673.11,1,False,False,False,0.95,High,15595592
720,37,2,120328.88,2,1,1,138470.21,0,False,False,False,0.03,Low,15740072
785,39,1,130147.98,1,1,0,163798.41,1,False,False,False,0.69,Medium,15778005
743,36,8,92716.96,1,1,1,33693.78,0,False,True,False,0.01,Low,15583278
493,48,7,0.0,2,1,0,48545.1,0,False,True,False,0.04,Low,15601263
557,34,3,0.0,1,0,1,123427.98,0,False,True,True,0.11,Low,15709222
850,40,1,76914.21,1,1,0,174183.44,0,False,False,True,0.12,Low,15713949
799,32,3,106045.92,2,1,1,17938.0,0,False,False,False,0.03,Low,15717706
756,34,1,103133.26,1,1,1,90059.04,0,False,False,True,0.0,,15756071
752,38,0,145974.79,2,1,1,137694.23,0,False,False,True,0.03,Low,15696564
696,36,3,0.0,3,1,0,65039.9,0,False,True,False,0.3,Low,15657637
630,49,1,0.0,2,0,1,162858.29,0,False,True,False,0.09,Low,15755863
659,38,9,0.0,2,1,1,35701.06,0,False,True,False,0.01,Low,15719858
685,39,9,0.0,2,1,1,18826.06,0,False,True,True,0.01,Low,15688876
599,31,3,0.0,1,1,1,130086.47,1,False,True,False,0.23,Low,15698528
559,31,1,139183.06,1,0,1,143360.56,0,False,True,False,0.02,Low,15770345
615,19,5,0.0,2,1,0,159920.92,0,False,True,True,0.01,Low,15761506
580,36,3,74974.89,1,1,1,12099.67,0,True,False,False,0.13,Low,15716619
487,44,6,61691.45,1,1,1,53087.98,0,False,True,True,0.11,Low,15788367
646,35,1,121952.75,2,1,1,142839.82,0,True,False,False,0.1,Low,15709451
811,35,7,0.0,1,1,1,178.19,0,False,False,False,0.13,Low,15640421
526,35,5,0.0,2,1,1,105618.14,0,False,True,True,0.0,,15580068
767,37,7,0.0,2,1,1,24734.25,0,False,True,True,0.01,Low,15677123
548,33,1,80107.83,2,0,1,82245.67,0,False,False,False,0.0,,15619801
737,45,2,0.0,2,0,1,177695.67,0,False,True,False,0.03,Low,15582246
613,40,1,147856.82,3,0,0,107961.11,1,True,False,True,0.82,High,15711843
711,36,8,0.0,2,1,0,55207.41,0,False,True,True,0.05,Low,15680046
850,53,7,65407.16,2,0,0,182633.63,1,False,True,False,0.85,High,15804131
752,53,8,114233.18,1,1,1,51587.04,0,False,False,False,0.28,Low,15722611
710,37,5,0.0,2,1,0,115403.31,0,False,False,False,0.0,,15729224
664,53,7,187602.18,1,1,0,186392.99,1,False,True,False,0.88,High,15811588
510,22,3,156834.34,1,0,0,44374.44,0,False,False,False,0.05,Low,15702138
577,34,2,0.0,2,1,1,84033.35,0,False,False,False,0.0,,15749799
529,42,1,157498.9,1,1,1,82276.62,0,False,False,True,0.2,Low,15752885
757,44,9,0.0,2,1,0,177528.92,0,False,True,False,0.05,Low,15674932
691,41,2,0.0,1,1,1,56850.92,1,False,False,True,0.7,Medium,15743828
621,34,8,0.0,1,0,0,47972.65,0,False,True,True,0.04,Low,15642022
709,35,2,0.0,2,1,0,104982.39,0,False,True,True,0.03,Low,15746461
756,19,4,130274.22,1,1,1,133535.29,0,False,True,True,0.05,Low,15809991
788,41,6,0.0,1,1,1,25571.37,0,False,False,False,0.17,Low,15787322
705,39,5,149379.66,2,1,0,96075.55,0,False,False,False,0.05,Low,15575498
483,29,9,0.0,1,1,1,81634.45,0,False,False,True,0.03,Low,15691387
719,35,1,100829.94,1,1,1,165008.97,0,False,True,True,0.0,,15765457
793,32,1,96408.98,1,1,1,138191.81,0,True,False,False,0.16,Low,15666173
593,41,6,0.0,2,1,1,99136.49,0,False,False,True,0.0,,15627377
551,52,1,0.0,1,0,0,63584.55,1,False,False,True,0.85,High,15656683
690,39,6,0.0,2,1,0,160532.88,0,False,False,True,0.0,,15679810
823,71,5,149105.08,1,0,1,162683.06,0,False,False,True,0.07,Low,15606310
512,39,3,0.0,1,1,0,134878.19,0,False,True,True,0.23,Low,15756871
802,41,5,0.0,2,1,1,134626.3,0,False,True,True,0.01,Low,15610002
450,34,2,0.0,2,1,0,175480.93,0,False,True,False,0.02,Low,15567802
651,41,1,90218.11,1,1,0,174337.68,0,True,False,True,0.08,Low,15745452
697,33,1,87347.7,1,1,0,172524.51,0,False,False,False,0.0,,15617252
611,28,2,0.0,2,0,0,25395.83,0,False,False,True,0.0,,15753248
643,33,0,137811.75,1,1,1,184856.89,0,False,False,False,0.06,Low,15610755
822,37,3,105563.0,1,1,0,182624.93,0,False,False,True,0.12,Low,15662238
632,38,4,0.0,2,0,0,192505.62,0,False,False,True,0.0,,15799186
575,26,7,0.0,2,1,0,112507.63,0,False,True,False,0.01,Low,15686941
672,31,6,91125.75,1,1,0,177295.92,0,False,False,True,0.04,Low,15601172
517,39,3,0.0,2,0,1,12465.51,0,False,True,True,0.03,Low,15723858
621,39,8,0.0,2,1,0,36122.96,0,False,True,True,0.0,,15615896
775,77,6,135120.56,1,1,0,37836.64,0,True,False,False,0.24,Low,15737647
600,29,8,0.0,2,0,1,34747.43,0,False,False,True,0.01,Low,15582841
640,28,7,0.0,2,1,1,131097.9,0,False,False,True,0.0,,15760090
752,36,1,86837.95,1,1,1,105280.55,0,False,False,False,0.02,Low,15588587
613,26,4,100446.57,1,0,1,149653.81,0,False,False,True,0.09,Low,15683157
484,32,3,0.0,2,1,1,139390.99,0,False,False,False,0.0,,15694209
511,33,3,0.0,2,1,0,132436.71,0,False,False,False,0.01,Low,15655875
745,32,2,0.0,4,0,1,179705.13,1,False,False,False,0.75,High,15805704
786,32,6,114512.59,1,1,0,15796.66,0,False,True,False,0.03,Low,15744789
727,35,5,136364.46,1,0,0,142754.71,0,False,False,True,0.03,Low,15799357
622,31,5,106260.67,1,1,1,2578.43,0,False,False,True,0.01,Low,15726153
794,24,10,146126.75,1,1,1,88992.05,0,False,False,True,0.06,Low,15713346
636,52,4,111284.53,1,0,1,32936.44,1,False,True,True,0.19,Low,15665053
741,42,9,121056.63,2,1,0,39122.58,0,False,True,False,0.03,Low,15592379
687,34,5,128270.56,1,1,0,191092.62,0,False,False,True,0.04,Low,15692599
660,30,4,0.0,2,1,0,129149.06,0,False,True,True,0.0,,15620758
660,35,7,0.0,2,1,0,13218.6,0,False,False,True,0.0,,15637428
617,79,7,0.0,1,1,1,160589.18,0,False,False,False,0.04,Low,15808389
762,32,10,191775.65,1,1,0,179657.83,0,False,False,True,0.27,Low,15807003
752,35,2,0.0,1,1,0,44335.54,1,False,True,False,0.8,High,15702912
561,34,4,85141.79,2,1,1,29217.37,0,False,True,True,0.02,Low,15590623
609,26,10,126392.18,1,0,1,43651.49,0,False,False,True,0.03,Low,15728078
803,28,3,0.0,2,1,0,159654.0,0,False,False,True,0.0,,15708256
556,40,9,129860.37,1,0,0,17992.94,0,False,False,False,0.1,Low,15582335
531,53,5,127642.44,1,1,0,141501.45,1,False,False,False,0.97,High,15649150
411,35,2,0.0,2,1,1,93825.78,0,False,False,False,0.0,,15691647
587,44,5,125584.17,2,1,1,41852.24,1,True,False,False,0.67,Medium,15668270
683,56,7,50911.21,3,0,0,97629.31,1,False,True,True,0.95,High,15624820
654,29,2,91955.61,1,1,0,37065.66,0,False,False,True,0.0,,15736254
670,36,2,84266.44,2,0,0,38614.69,0,True,False,False,0.01,Low,15720814
655,36,2,147149.59,1,1,1,87816.86,0,False,False,False,0.02,Low,15642997
752,36,7,0.0,2,1,0,184866.86,0,False,False,False,0.0,,15693200
534,23,5,104822.45,1,0,1,160176.47,0,False,False,False,0.09,Low,15624596
635,42,1,146766.72,2,0,1,164357.1,0,False,False,True,0.11,Low,15807167
491,70,6,148745.92,2,1,1,17818.33,0,True,False,True,0.03,Low,15660301
516,27,9,0.0,1,1,0,142680.64,1,False,False,True,0.69,Medium,15593094
530,48,0,0.0,1,1,0,85081.09,0,False,False,False,0.78,High,15618239
687,35,3,0.0,2,1,1,176450.19,0,False,True,True,0.01,Low,15574137
684,41,6,135203.81,2,1,1,121967.88,0,False,False,False,0.06,Low,15614740
706,23,2,93301.97,2,0,1,127187.04,0,True,False,True,0.02,Low,15574071
490,33,5,96341.0,2,0,0,108313.34,0,True,False,True,0.01,Low,15671148
796,44,8,165326.2,1,1,1,57205.55,0,False,False,True,0.11,Low,15721921
849,27,0,0.0,2,0,1,157891.86,0,False,False,True,0.0,,15717995
779,41,10,99786.2,1,1,0,86927.53,0,False,False,False,0.09,Low,15632050
794,22,4,114440.24,1,1,1,107753.07,0,False,True,False,0.02,Low,15647111
748,36,4,141573.55,1,1,0,82158.14,0,False,True,True,0.1,Low,15759991
663,22,9,0.0,1,1,0,29135.89,1,False,True,False,0.68,Medium,15790204
645,55,1,133676.65,1,0,1,17095.49,0,False,True,False,0.09,Low,15686780
464,33,10,147493.7,2,1,0,100447.53,0,False,False,False,0.08,Low,15640491
737,54,9,0.0,1,1,0,83470.4,1,False,False,True,0.88,High,15783225
590,29,4,0.0,2,1,0,121846.81,0,False,False,False,0.0,,15734438
522,37,3,95022.57,1,1,1,129107.59,0,True,False,False,0.13,Low,15688760
648,34,3,0.0,1,1,0,54726.43,0,False,False,False,0.12,Low,15768124
754,37,6,0.0,1,1,1,116141.72,0,False,False,True,0.06,Low,15661330
669,50,4,149713.61,3,1,1,124872.42,1,False,False,True,0.95,High,15781272
648,43,1,107963.38,1,0,0,186438.86,1,True,False,False,0.71,High,15573888
763,40,3,0.0,2,1,0,134281.11,0,False,False,True,0.02,Low,15575858
790,32,3,0.0,1,1,0,91044.47,0,False,True,True,0.16,Low,15645937
581,37,7,0.0,2,1,1,74320.75,0,False,False,True,0.0,,15702337
703,43,8,0.0,2,1,0,9704.66,0,False,False,True,0.03,Low,15764537
571,33,9,102017.25,2,0,0,128600.49,0,False,False,False,0.01,Low,15619616
657,27,8,0.0,2,0,0,6468.24,0,False,True,False,0.02,Low,15585133
737,44,7,0.0,2,0,0,57898.58,0,False,False,True,0.06,Low,15573971
793,29,8,96674.55,2,0,0,192120.66,0,False,True,True,0.04,Low,15579433
783,44,3,81811.71,1,1,0,164213.53,1,False,True,False,0.46,Medium,15777045
751,33,4,79281.61,1,1,0,117547.76,0,False,True,True,0.0,,15611580
579,31,6,0.0,2,1,0,26149.25,0,False,False,True,0.02,Low,15614778
655,36,10,122314.39,1,1,0,9181.66,0,True,False,False,0.31,Medium,15771750
614,43,8,140733.74,1,1,1,166588.76,0,True,False,True,0.12,Low,15593280
678,49,2,116933.11,1,1,0,195053.58,1,True,False,True,0.94,High,15569274
562,41,5,165445.04,2,1,0,85787.31,0,False,True,True,0.04,Low,15654408
711,53,5,123805.03,1,1,0,102428.51,0,True,False,False,0.29,Low,15657468
620,37,0,107548.94,1,1,0,71175.94,0,False,False,True,0.06,Low,15614213
437,49,9,111634.29,2,0,1,166440.32,0,False,False,True,0.07,Low,15589869
691,41,8,109153.96,3,1,1,148848.76,1,True,False,False,0.95,High,15693205
552,34,4,0.0,2,1,0,140286.69,0,False,True,False,0.01,Low,15797113
765,34,5,86055.17,2,1,1,104220.5,0,True,False,True,0.06,Low,15676958
707,51,10,98438.23,1,0,0,70778.63,1,True,False,False,0.97,High,15739592
764,29,5,0.0,2,1,0,65868.28,0,False,True,True,0.0,,15656263
585,32,8,144705.87,2,0,0,171482.56,0,False,False,False,0.06,Low,15636872
784,31,7,0.0,2,1,1,143204.41,0,False,False,True,0.01,Low,15589435
605,41,5,91612.91,1,1,1,28427.84,0,False,False,True,0.02,Low,15640464
699,40,2,0.0,1,1,0,78387.32,0,False,True,True,0.08,Low,15723851
544,40,7,0.0,1,0,1,161076.92,0,False,False,False,0.36,Medium,15722122
803,32,9,192122.84,1,1,1,54277.45,1,False,False,False,0.18,Low,15696852
735,41,7,179904.0,1,1,1,137180.95,0,False,False,True,0.31,Medium,15634936
673,59,0,178058.06,2,0,1,21063.71,1,False,False,True,0.73,High,15575935
652,30,2,176166.56,2,1,1,152210.81,0,False,False,True,0.01,Low,15634491
694,42,3,156864.2,2,0,0,88890.75,0,False,False,True,0.09,Low,15628530
741,44,7,0.0,2,1,1,190534.76,0,False,False,False,0.06,Low,15678720
590,30,3,0.0,2,1,0,83090.35,0,False,True,True,0.0,,15627999
809,33,3,0.0,2,0,1,141426.78,0,False,True,False,0.02,Low,15571244
523,34,2,161588.89,1,1,1,51358.66,0,False,False,True,0.03,Low,15739931
540,48,2,109349.29,1,1,0,88703.04,1,False,False,True,0.72,High,15806256
596,29,6,0.0,2,1,0,116696.77,0,False,True,False,0.0,,15787258
597,36,9,0.0,2,1,1,7156.09,0,False,False,False,0.04,Low,15706463
407,37,1,0.0,1,1,1,49161.12,1,False,True,True,0.82,High,15691004
748,60,0,152335.7,1,1,0,126743.33,1,False,False,True,0.93,High,15792228
562,51,1,124662.54,1,1,1,65390.46,1,False,False,False,0.78,High,15733447
734,47,10,91522.04,2,1,1,138835.91,0,True,False,False,0.47,Medium,15679062
710,45,1,0.0,2,1,1,36154.66,0,False,False,True,0.01,Low,15594409
539,39,6,62052.28,1,0,1,59755.14,0,False,True,False,0.13,Low,15613816
542,32,7,107871.72,1,1,0,125302.64,0,False,False,True,0.0,,15681991
717,36,2,99472.76,2,1,0,94274.72,1,False,False,False,0.69,Medium,15796074
682,50,10,128039.01,1,1,1,102260.16,0,False,True,False,0.24,Low,15625941
515,33,2,0.0,2,1,1,136028.97,0,False,False,True,0.0,,15615016
526,33,8,114634.63,2,1,0,110114.38,1,False,True,False,0.68,Medium,15748414
702,26,5,56738.47,2,1,1,100442.22,1,False,False,True,0.66,Medium,15751203
651,34,2,90355.12,2,0,0,193597.94,0,True,False,True,0.02,Low,15662658
792,36,5,115725.24,2,0,0,1871.25,0,True,False,True,0.07,Low,15574868
817,58,3,114327.59,2,1,1,42831.11,0,True,False,True,0.09,Low,15790282
674,36,6,100762.64,1,1,0,182156.86,0,True,False,False,0.11,Low,15762927
641,40,9,0.0,1,0,0,151648.66,1,False,False,False,0.74,High,15803456
513,39,7,89039.9,2,1,1,146738.83,0,False,True,True,0.02,Low,15771857
561,34,1,78829.53,1,1,1,12148.2,0,False,False,True,0.07,Low,15700601
627,30,6,112372.96,1,1,1,118029.09,0,True,False,True,0.02,Low,15569670
682,81,6,122029.15,1,1,1,50783.88,0,True,False,True,0.05,Low,15772341
683,29,0,157829.12,1,0,0,129891.66,0,False,False,False,0.24,Low,15661548
420,31,1,108377.75,2,1,1,9904.63,0,True,False,False,0.01,Low,15787597
670,54,2,95507.12,1,1,1,63213.31,0,False,False,False,0.1,Low,15806913
505,43,6,127146.68,1,0,0,137565.87,0,True,False,True,0.2,Low,15804862
580,24,1,133811.78,1,1,0,17185.95,1,True,False,True,0.74,High,15792986
577,36,3,121092.47,2,0,1,143783.46,0,False,False,True,0.01,Low,15625632
773,34,10,126979.75,1,0,0,36823.28,0,True,False,True,0.19,Low,15727703
616,37,5,144235.73,2,0,0,154957.66,1,False,False,True,0.62,Medium,15606273
763,38,0,152582.2,2,0,0,31892.82,0,False,False,False,0.07,Low,15799652
640,43,9,172478.15,1,1,0,191084.4,1,False,True,True,0.77,High,15715047
592,36,1,126477.42,1,0,0,179718.17,0,False,False,True,0.08,Low,15784687
528,43,7,97473.87,2,1,1,159823.16,0,False,True,True,0.11,Low,15615322
630,53,5,138053.67,1,0,1,114110.97,0,False,False,True,0.1,Low,15722072
529,31,2,164003.05,2,1,1,60993.23,0,False,False,False,0.0,,15646784
546,47,8,0.0,1,1,1,66408.01,1,False,False,False,0.76,High,15644692
753,62,6,0.0,2,1,1,136398.9,0,False,False,False,0.03,Low,15670354
772,39,4,122486.11,2,1,1,140709.25,0,False,True,False,0.01,Low,15716357
567,36,1,0.0,2,0,0,8555.73,0,False,False,True,0.0,,15786717
628,45,6,53667.44,1,1,0,115022.94,0,True,False,False,0.54,Medium,15771383
658,20,7,0.0,2,0,0,187638.34,0,False,False,True,0.02,Low,15649793
679,58,9,109327.65,1,1,1,3829.13,0,False,True,True,0.11,Low,15731543
629,34,1,121151.05,1,0,0,119357.93,0,False,True,True,0.03,Low,15684516
731,42,9,101043.63,1,1,1,192175.52,0,False,True,True,0.0,,15677249
775,33,3,83501.66,2,1,0,128841.31,0,True,False,True,0.09,Low,15581525
660,33,2,80462.24,1,0,0,150422.35,0,False,True,True,0.03,Low,15628420
752,39,3,0.0,1,1,0,188187.05,0,False,False,True,0.34,Medium,15600478
655,37,6,109093.41,2,1,0,1775.52,0,False,False,True,0.0,,15594502
543,46,5,140355.6,1,1,1,85086.78,0,False,True,False,0.07,Low,15784361
811,42,10,0.0,2,1,1,3797.79,0,False,False,True,0.09,Low,15767626
689,45,0,130170.82,2,1,0,150856.38,0,True,False,True,0.21,Low,15632521
531,42,2,0.0,2,0,1,90537.47,0,False,False,False,0.01,Low,15665088
515,40,0,109542.29,1,1,1,166370.81,0,False,False,True,0.24,Low,15652084
466,41,3,33563.95,2,1,0,178994.13,1,False,False,False,0.71,High,15574761
782,36,1,148795.17,2,1,1,195681.43,0,False,False,True,0.02,Low,15729515
611,64,9,0.0,2,1,1,53277.15,0,False,False,True,0.03,Low,15682070
621,40,8,174126.75,3,1,0,172490.78,1,True,False,True,0.9,High,15743817
604,41,3,0.0,1,0,0,11819.84,0,False,True,True,0.14,Low,15572158
655,35,1,106405.03,1,1,1,82900.25,0,False,True,False,0.03,Low,15584477
689,38,2,0.0,1,1,1,82709.8,0,False,True,True,0.09,Low,15614893
681,30,2,128393.29,1,1,1,180593.45,0,False,True,True,0.0,,15665963
643,41,2,127841.52,1,1,0,172363.41,0,True,False,True,0.22,Low,15612524
617,24,4,137295.19,2,1,1,91195.12,0,False,False,False,0.0,,15596962
638,55,2,155828.22,1,0,1,108987.25,1,False,True,False,0.36,Medium,15744942
743,39,6,0.0,2,1,0,44265.28,0,False,False,True,0.0,,15573278
828,25,7,144351.86,1,1,0,116613.26,0,True,False,False,0.05,Low,15717056
776,35,8,106365.29,1,1,1,148527.56,0,False,True,True,0.01,Low,15795881
540,35,7,127801.88,1,0,1,84239.46,0,True,False,True,0.17,Low,15758939
616,45,4,122793.96,1,1,1,62002.04,0,True,False,False,0.24,Low,15792250
628,38,10,113525.84,1,1,0,46044.48,1,True,False,True,0.89,High,15740406
667,23,6,136100.69,2,0,0,169669.33,1,False,True,False,0.65,Medium,15768137
615,30,7,0.0,2,1,1,156346.84,0,False,False,True,0.01,Low,15569120
543,30,4,140916.81,1,1,0,157711.18,0,False,False,True,0.01,Low,15723721
553,31,4,0.0,2,1,1,89087.4,0,False,False,False,0.0,,15777122
554,26,4,121365.39,1,1,1,8742.36,0,True,False,True,0.08,Low,15742681
684,36,4,0.0,1,1,0,117038.96,0,False,True,False,0.12,Low,15582090
452,35,7,0.0,2,1,0,164241.67,0,False,False,False,0.04,Low,15711254
606,47,3,93578.68,2,0,1,137720.56,1,False,False,True,0.62,Medium,15775067
629,40,9,0.0,1,1,0,106.67,0,False,False,True,0.16,Low,15602851
659,33,8,115409.6,1,0,1,1539.21,0,False,True,False,0.05,Low,15802857
493,33,8,90791.69,1,1,1,59659.53,0,False,False,False,0.01,Low,15701175
794,62,9,123681.32,3,1,0,173586.63,1,False,False,False,0.98,High,15783019
554,44,6,92436.86,1,1,0,126033.9,0,False,False,False,0.42,Medium,15728912
796,52,9,167194.36,1,1,1,62808.93,1,True,False,False,0.76,High,15585580
807,36,4,0.0,2,0,1,147007.33,0,False,False,False,0.06,Low,15583480
500,44,9,160838.13,2,1,0,196261.64,0,True,False,True,0.06,Low,15620341
722,43,1,0.0,1,1,0,44560.17,1,False,True,True,0.7,Medium,15613886
559,40,7,144470.77,1,1,1,18917.95,0,False,True,False,0.06,Low,15792916
584,38,3,0.0,2,1,1,4525.4,0,False,True,False,0.01,Low,15710408
834,68,9,130169.27,2,0,1,93112.2,0,True,False,False,0.08,Low,15598695
754,35,4,0.0,2,1,1,9658.41,0,False,True,True,0.0,,15649354
590,43,7,81076.8,2,1,1,182627.25,1,False,False,True,0.61,Medium,15737556
740,36,7,0.0,1,1,1,13177.4,0,False,False,True,0.08,Low,15671610
502,57,3,101465.31,1,1,0,43568.31,1,True,False,False,0.95,High,15625092
733,48,5,0.0,1,0,1,117830.57,0,False,False,True,0.17,Low,15741032
755,37,0,113865.23,2,1,1,117396.25,0,True,False,False,0.26,Low,15750014
554,46,7,87603.35,3,0,1,96929.24,1,False,True,False,0.94,High,15784761
534,36,4,120037.96,1,1,0,36275.94,0,False,False,True,0.0,,15768359
656,33,4,0.0,2,1,0,116706.0,0,False,True,True,0.0,,15805769
575,49,7,121205.15,4,1,1,168080.53,1,True,False,True,0.99,High,15719508
480,47,8,75408.33,1,1,0,25887.89,1,False,True,True,0.78,High,15609011
575,40,5,0.0,2,1,1,122488.59,0,False,False,True,0.04,Low,15703106
672,40,3,0.0,1,1,0,113171.61,1,False,False,False,0.68,Medium,15626795
758,35,5,0.0,2,0,0,100365.51,0,False,True,False,0.04,Low,15773731
682,50,6,121818.84,2,0,1,124151.37,0,False,False,True,0.07,Low,15756196
501,29,8,0.0,2,1,0,112664.24,0,False,False,False,0.0,,15687903
746,34,6,141806.0,2,1,1,183494.87,0,True,False,True,0.0,,15777599
556,51,8,61354.14,1,1,0,198810.65,1,False,False,False,0.87,High,15754577
823,53,4,124954.94,1,0,1,131259.6,1,True,False,False,0.76,High,15584113
491,68,1,95039.12,1,0,1,116471.14,1,True,False,False,0.75,High,15669589
638,29,9,103417.74,1,1,1,15336.4,0,False,False,False,0.05,Low,15632793
734,45,2,0.0,2,1,0,99593.28,0,False,False,True,0.07,Low,15711130
555,40,10,43028.77,1,1,0,170514.21,0,False,False,True,0.08,Low,15615254
745,44,0,119638.21,1,1,1,34265.08,1,True,False,False,0.91,High,15720583
728,37,3,122689.51,2,0,0,106977.53,1,False,False,True,0.64,Medium,15780432
626,44,10,0.0,2,0,0,164287.86,0,False,False,True,0.11,Low,15673223
681,37,8,73179.34,2,1,1,25292.53,0,True,False,True,0.0,,15807989
478,38,4,171913.87,1,1,0,51820.87,1,False,False,False,0.18,Low,15761168
709,38,5,0.0,2,1,1,81452.29,0,False,False,True,0.0,,15651272
562,33,8,92659.2,2,1,0,1354.25,0,True,False,True,0.05,Low,15812832
769,34,7,137239.17,1,1,1,71379.92,1,True,False,False,0.75,High,15680517
684,46,3,102955.14,2,1,0,154137.33,0,True,False,False,0.23,Low,15750569
536,61,8,65190.29,1,1,1,64308.49,1,False,False,False,0.68,Medium,15690743
631,29,2,96863.52,2,1,1,31613.35,0,True,False,False,0.02,Low,15627741
657,34,5,154983.98,1,1,0,27738.01,0,False,True,True,0.07,Low,15712121
699,59,3,106819.65,1,0,1,163570.25,0,True,False,True,0.23,Low,15805429
606,38,7,128578.52,1,1,1,193878.51,0,False,True,True,0.0,,15814923
612,63,2,126473.33,1,0,1,147545.65,0,False,False,False,0.09,Low,15589230
660,38,5,110570.78,2,1,0,195906.59,0,False,False,False,0.03,Low,15775490
829,50,7,0.0,2,0,1,178458.86,0,False,True,True,0.03,Low,15749727
567,29,8,0.0,2,1,0,156125.72,0,False,True,True,0.0,,15619238
850,33,3,0.0,2,1,1,11159.19,0,False,False,False,0.01,Low,15593468
712,44,2,0.0,2,0,0,45738.94,0,False,True,False,0.1,Low,15718454
562,30,3,111099.79,2,0,0,140650.19,0,False,False,True,0.05,Low,15789498
755,29,3,0.0,3,1,0,4733.94,0,False,False,False,0.18,Low,15744691
793,25,3,100913.57,1,0,0,10579.72,0,False,True,True,0.06,Low,15708289
471,26,8,0.0,2,1,1,179655.87,0,False,True,True,0.01,Low,15790412
707,42,2,16893.59,1,1,1,77502.56,0,False,False,True,0.11,Low,15741416
784,38,10,122267.85,1,0,0,145759.93,0,False,True,True,0.14,Low,15598894
703,32,1,125685.79,1,1,1,56246.72,0,False,False,True,0.04,Low,15663294
704,36,8,127397.34,1,1,0,151335.24,0,False,True,True,0.03,Low,15572728
662,38,0,105271.56,1,0,1,179833.45,0,False,False,True,0.06,Low,15706729
636,28,2,115265.14,1,0,0,191627.85,0,True,False,False,0.28,Low,15674433
640,36,4,0.0,1,0,0,173016.46,0,False,True,True,0.09,Low,15641170
739,31,1,0.0,2,1,1,58469.75,0,False,True,True,0.0,,15806284
767,23,2,139542.82,1,0,1,28038.28,0,True,False,True,0.05,Low,15690958
753,46,3,111512.75,3,1,0,159576.75,1,True,False,False,0.96,High,15606386
714,37,9,148466.93,2,0,1,151280.96,0,False,False,True,0.02,Low,15682322
707,29,4,0.0,2,1,0,139953.94,0,False,False,True,0.02,Low,15579915
577,35,4,108155.49,1,1,0,105407.79,0,False,False,False,0.01,Low,15681928
633,42,1,0.0,2,1,0,56865.62,0,False,False,False,0.05,Low,15734005
849,41,10,84622.13,1,1,1,198072.16,0,True,False,True,0.26,Low,15650432
614,41,7,146997.64,2,0,0,137791.18,0,False,True,False,0.13,Low,15592578
558,47,9,0.0,2,1,0,103787.28,0,False,False,False,0.03,Low,15671243
832,27,10,98590.25,1,1,0,30912.89,0,False,False,False,0.09,Low,15775709
567,26,2,0.0,2,1,1,78651.55,0,False,False,False,0.0,,15702631
587,45,8,134980.74,1,1,1,123309.57,1,True,False,False,0.8,High,15602282
712,79,5,108078.56,1,1,1,174118.93,0,False,True,False,0.03,Low,15717879
655,29,9,0.0,2,0,1,85736.26,0,False,True,False,0.01,Low,15740878
641,42,6,0.0,2,0,0,121138.77,0,False,False,False,0.01,Low,15794468
676,35,5,106836.67,2,1,0,84199.78,0,False,False,True,0.01,Low,15773277
472,29,8,102490.27,1,0,1,181224.56,0,False,False,True,0.07,Low,15572657
644,34,9,112746.54,2,0,0,141230.07,0,True,False,True,0.05,Low,15800295
598,38,0,125487.89,1,0,0,158111.71,0,False,False,True,0.03,Low,15672397
792,25,8,142862.21,1,1,1,130639.01,0,False,True,True,0.02,Low,15684921
700,37,7,0.0,2,1,0,17040.82,0,False,False,False,0.05,Low,15720676
616,34,10,0.0,2,1,0,25662.27,0,False,False,True,0.0,,15731829
743,35,6,79388.33,1,1,1,193360.69,0,False,True,True,0.01,Low,15732672
427,37,5,0.0,2,1,1,121485.1,0,False,False,True,0.03,Low,15692406
731,29,10,0.0,2,1,1,162452.65,0,False,False,True,0.0,,15764405
610,31,6,107784.65,1,1,1,141137.53,0,False,False,False,0.02,Low,15757537
724,41,4,142880.28,3,0,0,185541.2,1,False,True,False,0.86,High,15793307
653,38,9,149571.94,1,1,0,118383.18,0,False,True,False,0.04,Low,15660679
774,49,1,142767.39,1,1,1,8214.41,0,False,False,True,0.09,Low,15666856
547,49,8,121537.71,2,1,0,46521.45,1,True,False,True,0.83,High,15687372
719,50,2,0.0,2,0,0,10772.13,0,False,True,True,0.08,Low,15667289
740,43,9,0.0,1,1,0,199290.68,1,False,True,True,0.87,High,15624641
543,42,4,89838.71,3,1,0,85983.54,1,False,False,True,0.97,High,15734610
688,45,9,103399.87,1,0,0,129870.93,0,True,False,True,0.29,Low,15631882
474,30,9,0.0,2,0,0,63158.22,0,False,False,False,0.08,Low,15642709
505,43,5,136855.94,2,1,0,171070.52,0,True,False,True,0.01,Low,15811026
688,39,0,0.0,2,1,0,53222.15,1,False,False,False,0.69,Medium,15596303
650,55,2,140891.46,3,1,1,179834.45,1,True,False,False,0.96,High,15787255
610,37,0,0.0,1,1,0,114514.64,0,False,False,True,0.16,Low,15617166
705,46,5,89364.91,1,0,1,139162.15,0,False,True,False,0.09,Low,15742442
669,29,7,146011.4,1,0,0,50249.16,0,False,False,False,0.02,Low,15758692
650,20,8,0.0,2,1,1,113469.65,0,False,True,True,0.0,,15568238
550,29,9,145294.08,2,1,0,147484.13,0,True,False,True,0.2,Low,15730353
595,45,9,106000.12,1,0,0,191448.96,1,True,False,False,0.92,High,15731555
572,26,5,0.0,2,1,0,119381.41,0,False,True,False,0.0,,15582404
622,58,2,0.0,2,1,1,33277.31,0,False,True,False,0.05,Low,15721462
662,20,9,104508.77,2,0,0,73107.53,0,False,True,True,0.06,Low,15632899
783,58,3,127539.3,1,1,1,96590.39,1,True,False,False,0.81,High,15808526
714,44,7,0.0,1,0,1,6923.11,0,False,True,True,0.11,Low,15694349
671,51,3,96891.46,1,1,0,176403.33,1,True,False,True,0.96,High,15718465
600,32,1,78535.25,1,1,0,64349.6,0,False,False,False,0.04,Low,15682995
847,37,9,112712.17,1,1,0,116097.26,0,False,True,False,0.04,Low,15584776
650,55,9,119618.42,1,1,1,29861.13,0,False,True,True,0.1,Low,15777772
710,28,6,0.0,1,1,0,48426.98,0,False,True,False,0.17,Low,15576156
682,33,8,74963.5,1,1,1,32770.56,0,False,False,False,0.03,Low,15646756
642,26,1,138023.79,2,0,1,117060.2,0,False,False,True,0.02,Low,15742886
536,28,4,0.0,1,1,1,136197.65,0,False,True,False,0.05,Low,15586135
754,47,1,185513.67,1,1,0,27438.83,0,False,False,False,0.27,Low,15616152
678,60,8,185648.56,1,0,0,192156.54,1,False,False,True,0.97,High,15721460
533,49,1,102286.6,3,1,0,69409.37,1,True,False,False,0.98,High,15727317
741,38,4,128015.83,1,1,0,58440.43,0,True,False,True,0.11,Low,15649536
757,31,10,39539.39,2,0,0,192519.39,0,False,False,True,0.01,Low,15754929
721,40,3,0.0,1,1,1,144874.67,0,False,False,True,0.15,Low,15572051
700,37,3,77608.46,2,1,1,175373.46,0,False,False,True,0.03,Low,15668142
663,26,5,141462.13,1,1,0,440.2,0,False,False,True,0.05,Low,15701176
677,35,0,0.0,2,0,0,76637.38,0,False,True,False,0.05,Low,15708422
655,27,2,131691.33,1,1,0,49480.66,0,False,False,True,0.01,Low,15655632
832,29,8,93833.86,1,0,1,10417.87,0,False,True,True,0.03,Low,15744606
721,46,7,137933.39,1,1,1,67976.57,0,False,True,False,0.03,Low,15612140
542,54,8,105770.14,1,0,1,140929.98,1,False,True,True,0.83,High,15656086
654,54,5,0.0,2,0,1,47139.06,0,False,True,False,0.01,Low,15655298
821,38,8,0.0,2,0,1,126241.4,1,False,True,False,0.61,Medium,15644796
508,38,3,166328.65,2,0,1,22614.19,0,False,False,False,0.11,Low,15726250
588,42,2,164307.77,1,1,0,48498.19,0,True,False,False,0.12,Low,15764432
691,38,9,163965.69,2,0,1,103511.26,0,True,False,True,0.09,Low,15631721
664,40,7,125608.72,1,1,0,122073.48,0,False,False,True,0.07,Low,15707479
439,66,9,0.0,1,1,0,65535.56,0,False,False,False,0.23,Low,15579826
479,37,6,118433.94,1,0,1,160060.9,0,False,True,True,0.1,Low,15668104
850,55,10,98488.08,1,1,0,155879.57,1,False,False,False,0.94,High,15641604
518,40,4,0.0,2,0,1,194416.58,0,False,False,True,0.0,,15587240
717,64,10,98362.35,2,1,1,21630.21,0,True,False,False,0.09,Low,15680767
698,51,6,144237.91,4,1,0,157143.61,1,False,False,False,0.92,High,15601594
850,34,6,0.0,1,0,1,52796.31,0,False,False,True,0.02,Low,15589969
700,47,4,0.0,1,1,0,121798.52,1,False,True,True,0.88,High,15703728
626,29,4,105767.28,2,0,0,41104.82,0,False,False,False,0.04,Low,15617790
774,32,9,0.0,2,1,0,10604.48,0,False,True,True,0.0,,15662500
719,48,5,0.0,2,0,0,78563.66,0,False,True,False,0.05,Low,15778526
646,31,2,0.0,1,1,1,170821.43,1,False,True,True,0.62,Medium,15670584
485,25,3,134467.26,1,1,1,113266.09,0,False,False,False,0.06,Low,15748069
784,38,1,138515.02,1,1,1,171768.76,0,True,False,True,0.12,Low,15680597
850,32,2,128647.98,2,0,0,54416.18,0,True,False,True,0.13,Low,15628992
669,38,9,121858.98,1,1,0,130755.34,0,False,False,False,0.06,Low,15719624
731,70,3,0.0,2,1,1,141180.66,0,False,True,True,0.02,Low,15812767
721,49,1,120108.56,1,0,1,183421.76,0,False,False,False,0.14,Low,15689201
515,37,0,196853.62,1,1,1,132770.11,0,False,False,False,0.09,Low,15614716
774,35,3,121418.62,1,1,1,24400.37,0,False,False,False,0.05,Low,15683618
585,36,10,0.0,2,1,1,180318.6,0,False,True,True,0.0,,15799631
695,29,9,0.0,2,1,0,111565.45,0,False,False,False,0.0,,15692259
729,42,4,97495.8,2,0,0,2002.5,0,True,False,False,0.03,Low,15590966
713,42,3,0.0,2,0,0,82565.01,0,False,False,False,0.21,Low,15656426
555,33,5,127343.4,1,0,1,121789.3,0,False,True,True,0.01,Low,15675256
699,50,0,158633.61,1,1,0,193785.87,0,False,True,False,0.29,Low,15751185
587,55,9,0.0,1,1,0,64593.07,0,False,False,True,0.29,Low,15789582
762,69,9,183744.98,1,1,1,196993.69,0,False,True,False,0.3,Low,15651103
510,44,6,0.0,2,1,1,175518.31,0,False,False,True,0.01,Low,15672299
842,46,9,0.0,1,0,0,17268.02,0,False,True,True,0.21,Low,15772250
608,31,7,79962.92,2,1,0,60901.72,0,False,False,True,0.03,Low,15763922
850,36,10,0.0,2,1,1,100750.03,0,False,False,False,0.07,Low,15633870
642,36,4,0.0,2,1,1,195224.91,0,False,False,True,0.0,,15624323
850,33,7,140956.99,1,0,0,3510.18,0,False,False,True,0.1,Low,15688612
455,43,6,0.0,1,1,1,81250.79,0,False,True,False,0.14,Low,15694644
726,29,7,0.0,2,1,1,91844.14,1,False,False,True,0.65,Medium,15587174
544,30,8,145241.63,1,1,1,80676.83,0,False,True,True,0.01,Low,15579559
651,31,7,138008.06,2,1,0,129912.74,0,True,False,True,0.02,Low,15775430
814,31,4,0.0,2,1,1,142029.17,0,False,False,False,0.01,Low,15623695
537,39,2,0.0,2,1,1,137651.6,0,False,False,True,0.01,Low,15760849
553,37,2,0.0,2,1,0,33877.29,0,False,False,True,0.02,Low,15813095
800,38,9,0.0,1,1,0,78744.39,0,False,True,True,0.11,Low,15705281
791,34,7,0.0,2,1,0,96734.46,0,False,False,True,0.0,,15812594
699,29,9,127570.93,2,1,0,164756.81,0,False,True,False,0.08,Low,15626322
756,28,6,0.0,1,1,1,164394.65,0,False,False,False,0.08,Low,15723105
591,27,5,107812.67,1,0,1,162501.83,1,False,True,False,0.72,High,15588449
850,22,7,91560.58,2,0,0,10541.38,0,True,False,True,0.08,Low,15794849
760,34,6,121303.77,2,1,1,59325.21,0,True,False,True,0.01,Low,15620000
569,43,8,161546.68,2,0,1,178187.28,0,False,True,True,0.1,Low,15799720
661,35,5,128415.45,1,1,0,142626.49,0,False,True,False,0.11,Low,15711287
670,31,2,57530.06,1,1,1,181893.31,1,False,False,False,0.69,Medium,15613102
694,38,1,0.0,2,0,1,156858.2,0,False,False,True,0.02,Low,15621440
728,28,4,142243.54,2,1,0,33074.51,0,False,False,False,0.02,Low,15677146
764,39,9,138341.51,1,1,0,50072.94,1,True,False,False,0.81,High,15801169
639,32,9,0.0,2,1,0,111340.36,0,False,False,True,0.0,,15722425
683,30,2,0.0,2,0,1,100496.84,1,False,False,False,0.65,Medium,15682421
663,30,4,0.0,3,1,0,101371.05,0,False,True,True,0.18,Low,15691910
826,41,5,146466.46,2,0,0,180934.67,0,False,True,True,0.03,Low,15721779
735,36,5,0.0,2,1,0,105152.17,0,False,True,True,0.0,,15579548
682,58,1,0.0,1,1,1,706.5,0,False,False,False,0.22,Low,15681075
663,39,8,0.0,2,1,1,101168.9,0,False,False,False,0.0,,15607884
562,29,9,120307.58,1,1,1,6795.61,0,False,True,False,0.12,Low,15767757
696,27,4,87637.26,2,0,0,196111.35,0,False,False,True,0.06,Low,15791550
850,38,2,94652.04,1,1,1,171960.76,0,False,True,True,0.03,Low,15658589
719,22,7,114415.84,1,1,1,177497.4,0,False,False,False,0.14,Low,15670822
804,71,8,0.0,2,0,1,147995.96,0,False,False,False,0.02,Low,15629744
604,40,1,84315.02,1,0,0,36209.1,0,False,False,True,0.2,Low,15660768
782,27,3,0.0,2,1,0,143614.01,0,False,True,False,0.0,,15726310
512,42,9,93955.83,2,1,0,14828.54,0,True,False,True,0.09,Low,15641298
569,36,1,67087.69,1,1,0,154775.7,0,False,False,True,0.04,Low,15625675
597,22,6,101528.61,1,1,0,70529.0,1,True,False,False,0.31,Medium,15713354
753,30,1,110824.52,1,1,1,57896.27,0,True,False,True,0.04,Low,15633866
430,33,8,0.0,1,1,1,69759.91,0,False,False,False,0.03,Low,15704231
756,28,8,179960.2,1,1,0,89938.08,0,False,False,True,0.22,Low,15735400
493,38,3,134006.77,1,1,0,89578.32,0,False,False,True,0.1,Low,15632826
777,37,10,121532.17,2,1,1,73464.88,0,True,False,False,0.11,Low,15751022
779,38,7,0.0,2,1,1,138542.87,0,False,True,False,0.01,Low,15664737
702,38,2,0.0,1,1,1,161888.63,0,False,True,False,0.02,Low,15681126
551,35,7,129717.3,2,0,0,86937.2,0,False,False,True,0.02,Low,15738954
749,22,4,94762.16,2,1,1,42241.54,0,True,False,True,0.0,,15662263
742,55,5,155196.17,1,0,1,121207.66,1,True,False,True,0.34,Medium,15621611
752,29,4,129514.99,1,1,1,102930.46,0,True,False,True,0.1,Low,15783752
740,57,3,113386.36,2,1,1,65121.63,1,True,False,False,0.41,Medium,15709474
576,24,3,0.0,1,0,1,78498.04,1,False,False,True,0.58,Medium,15701280
637,43,3,172196.23,1,1,1,104769.96,0,False,True,True,0.11,Low,15671104
724,28,5,97612.12,1,1,1,96498.14,0,False,False,True,0.0,,15796434
685,20,4,104719.94,2,1,0,38691.34,0,False,False,True,0.05,Low,15781505
625,38,7,0.0,1,1,0,164804.02,0,False,False,False,0.08,Low,15625819
571,37,9,139592.98,3,1,0,104152.65,1,True,False,True,0.99,High,15753174
584,29,4,0.0,2,1,0,88866.92,0,False,True,False,0.02,Low,15654067
550,22,7,139096.85,1,1,0,129890.94,0,False,False,False,0.06,Low,15724719
662,72,7,140301.72,1,0,1,179258.67,0,False,True,False,0.09,Low,15624695
803,43,3,0.0,1,1,0,72051.44,0,False,True,True,0.23,Low,15718216
615,66,7,0.0,2,1,1,74580.8,0,False,False,True,0.01,Low,15586300
481,39,1,111233.09,1,1,1,123995.15,0,False,True,True,0.05,Low,15783349
701,23,3,0.0,2,1,0,38960.59,0,False,False,True,0.0,,15725767
751,29,10,147737.63,1,0,1,94951.27,0,False,False,True,0.01,Low,15791925
675,35,8,0.0,2,1,1,56642.97,0,False,False,True,0.04,Low,15793585
733,40,5,125725.02,2,1,1,50783.1,0,True,False,True,0.07,Low,15576641
822,38,6,128289.7,3,1,0,9149.96,1,False,False,True,0.97,High,15749519
559,46,5,0.0,1,1,0,21006.1,1,False,False,False,0.85,High,15684960
731,49,4,88826.07,1,1,1,33759.41,1,True,False,False,0.87,High,15591286
678,41,1,143443.61,1,1,0,196622.28,1,False,False,False,0.15,Low,15668323
645,68,9,0.0,4,1,1,176353.87,1,False,False,False,0.86,High,15608528
701,29,2,0.0,2,1,0,176943.59,0,False,False,True,0.0,,15645184
554,26,8,149134.46,1,1,1,177966.24,0,False,True,True,0.02,Low,15702566
723,30,3,124119.54,1,1,0,162198.32,0,False,False,True,0.01,Low,15660840
766,44,3,116822.7,1,0,0,197643.24,0,True,False,True,0.14,Low,15750811
597,24,1,103219.47,1,1,0,60420.07,0,False,False,False,0.04,Low,15733842
574,41,1,0.0,2,0,0,70550.0,0,False,False,True,0.0,,15581526
655,40,0,81954.6,1,1,1,198798.44,1,True,False,False,0.65,Medium,15662751
780,37,10,95196.26,1,1,0,126310.39,1,True,False,False,0.71,High,15684319
672,43,5,0.0,2,1,1,64515.5,0,False,True,True,0.0,,15702190
717,38,7,0.0,2,1,1,158580.05,0,False,False,True,0.0,,15588517
521,32,2,136555.01,2,1,1,129353.21,0,False,False,False,0.04,Low,15801863
633,59,5,0.0,1,1,1,137273.97,0,False,False,True,0.13,Low,15584271
669,39,3,119452.03,1,1,1,171575.54,0,False,False,True,0.01,Low,15700366
740,44,9,0.0,1,0,1,96528.0,1,False,False,True,0.63,Medium,15804038
462,24,9,69881.09,2,0,1,64421.02,0,True,False,False,0.11,Low,15720820
619,39,5,0.0,2,1,1,158444.61,0,False,False,True,0.0,,15743759
665,44,7,0.0,2,1,1,66548.58,0,False,False,False,0.0,,15749947
655,27,9,0.0,2,0,0,108008.05,0,False,True,False,0.0,,15670496
463,20,8,204223.03,1,1,0,128268.39,0,False,True,True,0.09,Low,15746664
799,63,1,110314.21,2,1,0,37464.0,1,False,False,False,0.92,High,15745533
713,48,1,163760.82,1,0,0,157381.14,1,False,True,False,0.84,High,15761497
807,31,1,141069.18,3,1,1,194257.11,0,True,False,False,0.3,Low,15628600
728,38,1,115934.74,1,1,1,139059.05,0,False,False,True,0.01,Low,15627002
582,52,2,151457.88,1,0,1,40893.61,0,False,False,True,0.09,Low,15614635
704,35,3,154206.07,2,1,1,40261.49,0,True,False,False,0.01,Low,15731281
714,26,9,89928.99,1,1,0,46203.31,0,False,False,False,0.02,Low,15814022
628,30,8,89182.09,1,1,1,13126.9,0,False,False,True,0.01,Low,15659194
809,41,1,79706.25,2,1,0,165675.01,0,True,False,True,0.11,Low,15745030
547,44,5,0.0,3,0,0,5459.07,1,False,True,False,0.93,High,15691817
560,27,5,0.0,2,1,0,131919.48,0,False,False,False,0.0,,15707488
811,31,7,117799.28,1,1,1,182372.35,0,False,False,True,0.03,Low,15784700
584,26,4,0.0,2,1,0,147600.54,0,False,False,True,0.0,,15710397
691,28,1,0.0,2,0,0,92865.41,0,False,False,True,0.0,,15687648
680,34,6,146422.22,1,1,0,67142.97,1,True,False,True,0.32,Medium,15732281
588,33,9,150186.22,2,1,1,65611.01,0,True,False,True,0.01,Low,15607230
721,40,6,100275.88,1,1,0,138564.48,1,True,False,True,0.75,High,15567630
850,47,6,0.0,1,1,0,187391.02,1,False,False,True,0.68,Medium,15587507
529,32,9,147493.89,1,1,0,33656.35,0,False,False,True,0.04,Low,15733904
622,43,8,0.0,2,1,0,100618.17,0,False,False,True,0.03,Low,15709511
683,42,8,0.0,2,0,1,198134.9,0,False,False,False,0.05,Low,15579616
575,29,4,121823.4,2,1,1,50368.87,0,False,False,True,0.0,,15694852
577,40,1,0.0,2,1,1,108787.0,0,False,True,False,0.03,Low,15589924
510,31,0,113688.63,1,1,0,33099.41,1,True,False,True,0.77,High,15799300
652,40,7,100471.34,1,1,1,124550.88,0,False,True,False,0.12,Low,15731330
569,28,3,100032.52,1,1,0,5159.21,1,True,False,False,0.71,High,15694129
687,31,3,0.0,2,0,0,48228.1,0,False,True,True,0.01,Low,15620372
822,32,8,116358.0,1,1,0,108798.36,0,False,False,True,0.04,Low,15744622
656,23,4,163549.63,1,0,1,21085.12,0,True,False,False,0.03,Low,15799815
745,51,3,99183.9,1,1,1,28922.25,0,True,False,True,0.67,Medium,15759250
386,53,1,131955.07,1,1,1,62514.65,1,False,True,False,0.86,High,15732643
684,41,1,134177.06,1,0,0,177506.66,0,False,True,False,0.05,Low,15690540
635,38,1,0.0,2,1,0,90605.05,0,False,True,False,0.05,Low,15803078
582,30,2,0.0,2,1,1,132029.95,0,False,False,True,0.0,,15652180
613,19,5,0.0,1,1,1,176903.35,0,False,True,True,0.27,Low,15741195
795,56,9,94348.94,1,1,0,29239.29,1,True,False,False,0.96,High,15743490
659,32,2,155584.21,1,0,1,153662.88,0,False,False,False,0.02,Low,15575510
745,28,6,0.0,2,1,0,154389.18,0,False,False,False,0.02,Low,15732610
604,41,10,0.0,2,1,1,166224.39,0,False,True,False,0.04,Low,15602909
509,32,9,170661.47,1,1,1,21646.2,0,True,False,True,0.09,Low,15734058
706,29,6,185544.36,1,1,0,171037.63,0,True,False,False,0.09,Low,15801788
619,44,6,52831.13,1,1,1,112649.22,1,False,True,False,0.76,High,15702462
572,51,8,97750.07,3,1,1,193014.26,1,True,False,True,0.95,High,15683416
695,36,6,114007.5,2,1,0,118120.88,0,False,False,True,0.02,Low,15794187
543,71,1,104308.77,1,1,1,25650.04,0,False,False,False,0.1,Low,15792989
640,33,6,84719.13,2,1,1,113048.79,0,False,False,False,0.01,Low,15613734
672,39,2,0.0,2,1,0,87372.49,0,False,False,True,0.02,Low,15606177
701,39,9,140236.98,1,0,1,146651.99,0,False,False,True,0.02,Low,15636700
634,25,9,0.0,2,1,1,8227.91,0,False,True,True,0.0,,15645766
531,42,6,75302.85,2,0,0,57034.35,0,False,True,False,0.27,Low,15671345
699,27,1,0.0,2,1,0,93003.21,0,False,False,True,0.0,,15652469
605,51,9,104760.82,1,1,1,165574.54,1,False,False,False,0.32,Medium,15749638
534,49,7,0.0,1,1,0,13566.48,1,False,False,False,0.9,High,15728706
449,31,1,113693.0,1,0,0,82796.29,0,False,True,False,0.1,Low,15735439
684,36,5,174180.39,1,1,0,119830.08,0,False,True,False,0.29,Low,15778696
622,42,9,115766.26,1,0,0,72155.85,1,True,False,True,0.87,High,15624744
714,40,0,0.0,2,1,0,62762.12,0,False,False,False,0.06,Low,15584338
712,48,8,0.0,2,1,0,183235.33,0,False,True,False,0.05,Low,15726178
783,72,5,121215.9,2,1,1,105206.48,0,False,False,False,0.0,,15794939
743,45,10,144677.19,3,1,0,22512.44,1,True,False,True,0.95,High,15788068
683,36,5,115350.63,1,1,1,122305.91,0,False,False,True,0.02,Low,15572956
654,40,5,105683.63,1,1,0,173617.09,0,False,True,True,0.26,Low,15780386
700,37,1,135179.49,1,1,0,160670.37,0,False,False,True,0.05,Low,15791114
744,31,0,117551.23,1,1,0,158958.9,0,False,True,True,0.03,Low,15708046
645,25,1,157404.02,2,1,0,93073.04,0,True,False,True,0.04,Low,15719779
525,36,3,77910.23,1,1,0,67238.01,0,False,True,True,0.13,Low,15591550
732,25,0,110942.9,1,0,0,172576.56,0,False,False,True,0.04,Low,15639368
721,40,7,0.0,2,1,1,122580.48,0,False,False,False,0.01,Low,15699830
622,32,5,179305.09,1,1,1,149043.78,0,False,False,True,0.01,Low,15569264
654,31,5,150593.59,2,1,1,105218.45,0,True,False,True,0.0,,15595158
529,43,0,123815.86,1,1,1,78463.99,1,False,False,False,0.69,Medium,15599126
720,59,6,0.0,2,1,1,160849.43,1,False,True,False,0.59,Medium,15650575
850,25,8,69385.17,2,1,0,87834.24,0,True,False,False,0.02,Low,15641490
667,27,2,138032.15,1,1,0,166317.71,0,True,False,True,0.09,Low,15680234
620,41,3,0.0,2,1,1,137309.06,0,False,False,True,0.01,Low,15592230
616,29,9,0.0,1,1,1,166984.44,0,False,False,True,0.05,Low,15626212
637,46,2,143500.82,1,1,0,166996.46,1,True,False,False,0.73,High,15700627
710,29,3,119670.18,1,1,0,188022.44,0,False,True,False,0.12,Low,15782641
717,33,1,99106.73,1,0,0,194467.23,0,False,True,True,0.09,Low,15784445
786,24,2,120135.55,2,1,1,125449.47,0,True,False,True,0.02,Low,15813681
651,39,8,0.0,1,1,0,137452.57,0,False,False,False,0.11,Low,15596649
530,55,4,120905.03,1,0,1,123475.88,1,False,False,False,0.72,High,15700460
815,57,5,0.0,3,0,0,38941.44,1,False,True,False,0.94,High,15724076
715,34,9,102277.52,1,0,0,177852.57,1,True,False,False,0.83,High,15784000
496,55,4,125292.53,1,1,1,31532.96,1,True,False,False,0.9,High,15733966
680,42,0,0.0,1,1,0,136377.21,0,False,True,True,0.26,Low,15612667
646,51,4,101629.3,1,0,0,130541.1,0,False,False,False,0.33,Medium,15654025
807,47,1,171937.27,1,1,1,65636.92,0,True,False,True,0.09,Low,15589431
727,47,7,0.0,2,1,0,193305.35,0,False,False,True,0.04,Low,15578238
787,25,5,0.0,2,1,0,47307.9,0,False,False,True,0.01,Low,15566269
806,34,6,0.0,2,0,0,100809.99,0,False,False,True,0.0,,15639217
603,31,1,129743.75,1,1,0,109145.2,0,False,False,True,0.01,Low,15688644
649,32,1,0.0,1,0,1,91167.19,1,False,True,True,0.67,Medium,15662426
547,41,3,151191.31,1,1,0,175295.89,1,True,False,True,0.76,High,15720511
684,32,3,102630.13,2,1,1,127433.47,0,True,False,True,0.02,Low,15567246
477,57,9,114023.64,2,1,1,71167.17,1,False,False,False,0.72,High,15647965
558,41,2,124227.14,1,1,1,111184.67,0,True,False,True,0.38,Medium,15679048
695,23,1,0.0,2,1,1,141756.32,0,False,False,False,0.0,,15675749
592,35,6,80285.16,1,1,0,72678.75,1,False,True,True,0.76,High,15782181
789,31,4,175477.15,1,1,1,172832.9,0,False,False,True,0.01,Low,15795738
597,29,1,132144.35,1,1,0,158086.33,0,False,False,False,0.03,Low,15773751
839,47,2,136911.07,1,1,1,168184.62,1,True,False,True,0.8,High,15655436
405,31,5,133299.67,2,1,1,72950.14,0,True,False,True,0.09,Low,15691396
658,39,7,0.0,2,1,0,48378.4,0,False,False,True,0.0,,15796958
684,42,1,117691.0,1,1,1,23135.65,1,True,False,True,0.57,Medium,15801832
633,35,10,0.0,2,1,0,65675.47,0,False,False,True,0.0,,15661349
589,46,9,0.0,2,1,0,170676.67,0,False,False,True,0.02,Low,15719265
750,37,1,133199.71,2,1,1,27366.77,0,True,False,False,0.06,Low,15779985
771,51,5,135506.58,3,1,1,152479.64,1,False,True,True,0.94,High,15663410
812,33,2,127154.14,2,0,1,105383.49,0,True,False,True,0.03,Low,15704144
539,39,2,0.0,2,1,1,48189.94,0,False,True,True,0.01,Low,15774104
670,42,5,49508.79,3,1,1,100324.01,0,True,False,False,0.32,Medium,15812230
673,41,5,0.0,1,1,1,65657.29,0,False,False,True,0.05,Low,15742848
538,62,3,75051.49,1,0,0,17682.02,1,False,False,False,0.95,High,15745326
575,52,8,123925.23,1,0,0,111342.66,1,False,True,True,0.77,High,15674541
682,41,6,0.0,2,0,1,134158.09,1,False,False,True,0.62,Medium,15728564
712,33,3,153819.58,1,1,0,79176.09,1,False,False,True,0.6,Medium,15580701
598,39,5,0.0,2,1,1,83103.46,0,False,True,False,0.01,Low,15688973
776,30,6,0.0,2,0,1,63908.86,0,False,True,True,0.0,,15709412
606,23,10,70417.79,1,0,1,90896.04,0,False,True,False,0.06,Low,15607753
686,38,7,111484.88,1,1,1,76076.2,0,False,True,True,0.03,Low,15705352
850,38,1,146343.98,1,0,1,103902.11,0,False,True,True,0.01,Low,15602500
642,72,1,160541.0,2,1,1,142223.94,0,False,False,True,0.08,Low,15672437
606,27,2,130274.26,2,1,0,147533.09,0,True,False,True,0.02,Low,15720968
627,21,7,98993.02,1,1,1,169156.64,0,False,False,False,0.17,Low,15730796
850,36,0,0.0,2,1,0,141242.57,0,False,True,True,0.03,Low,15768219
850,32,9,141827.33,2,1,1,149458.73,0,True,False,True,0.14,Low,15663883
724,40,6,110054.45,1,1,1,86950.72,0,False,False,False,0.02,Low,15589296
579,28,4,0.0,2,1,1,176925.69,0,False,False,True,0.0,,15586425
727,28,1,0.0,1,1,0,40357.39,0,False,True,True,0.04,Low,15679813
813,36,6,98088.09,1,0,1,26687.22,1,True,False,False,0.68,Medium,15681410
642,48,9,118317.27,4,0,0,78702.98,1,False,False,True,0.98,High,15668283
669,22,10,0.0,2,1,0,176163.74,0,False,True,True,0.02,Low,15624072
574,54,1,99774.5,1,0,0,4896.11,1,True,False,True,0.97,High,15669664
774,32,4,0.0,2,0,0,114899.13,0,False,False,False,0.01,Low,15682728
735,38,1,0.0,3,0,0,92220.12,1,False,False,False,0.83,High,15573851
639,27,8,133806.54,2,1,0,6251.3,0,False,True,False,0.04,Low,15733661
738,44,2,0.0,2,1,0,43018.82,1,False,True,True,0.75,High,15710012
835,32,8,124993.29,2,1,1,27548.06,0,False,False,True,0.0,,15763327
637,44,0,157622.58,1,1,1,120454.2,0,False,True,False,0.16,Low,15668853
589,48,5,126111.61,1,0,1,133961.19,0,True,False,True,0.27,Low,15639303
591,42,9,161651.37,2,1,1,131753.97,0,False,False,True,0.12,Low,15691011
723,40,7,142856.95,2,0,0,38019.74,0,False,False,False,0.04,Low,15638513
831,44,3,111100.98,1,1,1,28144.07,1,True,False,True,0.58,Medium,15648933
733,35,8,102918.38,1,1,1,45959.86,0,False,True,True,0.02,Low,15628904
731,30,5,0.0,2,1,0,189528.72,0,False,False,False,0.0,,15644788
654,47,10,0.0,2,1,0,170481.98,0,False,False,True,0.01,Low,15598161
828,37,4,0.0,2,1,0,94845.45,0,False,False,True,0.01,Low,15745624
590,22,7,125265.61,1,1,1,161253.08,0,False,True,True,0.06,Low,15733169
657,37,4,82500.28,1,1,1,115260.72,0,False,False,True,0.04,Low,15801417
531,64,2,175754.87,2,1,1,60721.4,0,True,False,False,0.15,Low,15592707
516,47,6,109387.33,1,0,0,121365.45,0,False,False,False,0.38,Medium,15593954
561,37,1,100443.36,2,0,1,101693.73,0,False,False,True,0.01,Low,15714431
682,54,0,83102.72,2,1,1,54132.93,0,False,True,False,0.13,Low,15638257
575,28,7,0.0,1,1,1,10666.05,0,False,True,True,0.06,Low,15690939
623,28,4,0.0,2,1,0,41227.67,0,False,False,False,0.01,Low,15723613
642,40,7,0.0,2,1,0,10712.82,0,False,False,False,0.03,Low,15813640
779,48,2,115290.27,1,0,0,98912.69,1,False,False,False,0.78,High,15707322
671,42,6,0.0,2,1,0,197202.48,0,False,False,False,0.03,Low,15588918
495,40,1,140197.71,2,1,0,150720.39,0,False,False,False,0.15,Low,15600357
850,28,1,105245.34,1,0,1,74780.13,0,False,False,False,0.04,Low,15747014
630,50,8,0.0,2,0,1,79377.45,0,False,False,True,0.12,Low,15809830
588,32,1,0.0,2,1,1,8763.87,0,False,False,True,0.01,Low,15662245
562,35,3,142296.13,1,0,1,177112.7,0,True,False,True,0.03,Low,15651075
740,56,4,99097.33,1,1,1,85016.64,1,False,True,False,0.66,Medium,15594456
695,28,5,171069.39,2,1,1,88689.4,0,False,False,True,0.0,,15583462
589,39,7,0.0,2,0,0,95985.64,0,False,False,False,0.09,Low,15757661
607,31,1,102523.88,1,1,1,166792.71,0,False,False,False,0.0,,15729117
794,35,6,0.0,2,1,1,68730.91,0,False,False,True,0.0,,15749671
580,44,9,143391.07,1,0,0,146891.07,1,True,False,True,0.86,High,15566253
644,44,8,106022.73,2,0,0,148727.42,0,True,False,False,0.09,Low,15595153
636,36,1,0.0,1,1,0,43134.58,0,False,True,False,0.17,Low,15698572
599,36,3,128960.21,2,1,1,40318.33,0,True,False,True,0.01,Low,15674149
507,35,2,0.0,2,1,0,97633.93,0,False,False,False,0.01,Low,15623082
682,48,7,0.0,2,1,0,65069.03,0,False,False,False,0.07,Low,15797905
714,24,7,0.0,2,1,0,166335.0,0,False,False,False,0.02,Low,15746028
696,25,8,126442.59,1,1,0,121904.44,0,False,False,False,0.02,Low,15582951
599,51,0,0.0,1,1,1,175235.99,0,False,True,True,0.27,Low,15616471
577,37,2,127261.35,1,1,0,56185.05,0,False,False,True,0.02,Low,15641575
733,32,5,0.0,2,1,0,131625.14,0,False,True,False,0.01,Low,15638803
647,33,4,0.0,1,1,0,152323.04,0,False,False,False,0.13,Low,15808283
831,34,2,0.0,2,0,0,165840.94,0,False,False,False,0.03,Low,15811200
543,30,6,73481.05,1,1,1,176692.65,0,True,False,True,0.01,Low,15733476
679,34,7,160515.37,1,1,0,121904.14,0,False,False,True,0.0,,15633274
713,61,4,149525.34,2,1,0,123663.63,0,True,False,False,0.2,Low,15582168
690,43,2,166522.78,1,0,0,119644.59,1,True,False,True,0.3,Low,15807269
751,29,1,135536.5,1,1,0,66825.33,0,False,False,True,0.04,Low,15602979
613,43,10,120481.69,1,0,0,94875.03,1,True,False,False,0.79,High,15660417
701,28,1,103421.32,1,0,1,76304.73,0,False,True,True,0.01,Low,15590199
698,33,5,135658.73,2,0,1,39755.0,0,False,False,True,0.01,Low,15641794
451,36,2,0.0,2,1,1,180142.42,0,False,False,False,0.02,Low,15779174
665,28,8,191402.82,2,1,0,83238.4,0,False,False,True,0.14,Low,15785547
726,50,9,94504.35,1,0,1,5078.9,0,True,False,True,0.5,Medium,15795124
608,44,5,126147.84,1,0,1,132424.69,1,True,False,False,0.84,High,15718912
549,46,7,0.0,1,1,1,109057.56,0,False,False,False,0.23,Low,15592028
803,33,6,0.0,2,1,0,115676.61,0,False,False,True,0.0,,15580227
663,43,4,87624.03,2,1,0,149401.33,0,False,False,True,0.03,Low,15657830
558,45,1,153697.53,2,0,0,89891.4,1,False,False,False,0.75,High,15798256
714,25,4,0.0,2,0,0,82500.84,0,False,False,False,0.01,Low,15643819
704,39,5,0.0,1,1,0,6416.92,0,False,False,True,0.23,Low,15754301
805,45,9,116585.97,1,1,0,189428.75,1,True,False,False,0.9,High,15726855
659,34,9,134464.58,2,1,0,178833.34,0,True,False,True,0.02,Low,15755225
738,62,10,83008.31,1,1,1,42766.03,0,True,False,True,0.1,Low,15725221
635,35,2,113635.16,1,1,0,90883.12,0,False,True,True,0.04,Low,15789055
530,36,7,0.0,2,1,0,80619.09,0,False,True,False,0.02,Low,15617507
661,41,5,122552.48,2,0,1,120646.4,0,True,False,True,0.01,Low,15668894
531,31,2,118899.45,2,0,0,41409.36,0,False,True,True,0.03,Low,15589563
694,29,5,99713.87,1,0,0,112317.89,0,False,False,False,0.01,Low,15693162
731,36,6,0.0,1,0,0,152128.36,0,False,False,False,0.06,Low,15750099
556,36,2,134208.22,1,0,1,177670.57,0,False,False,False,0.04,Low,15795540
647,41,1,85906.65,3,1,0,189159.97,0,True,False,False,0.25,Low,15794941
850,32,3,137714.25,1,0,1,159403.68,0,True,False,True,0.2,Low,15611848
573,33,1,160777.9,1,1,1,149536.15,0,False,True,True,0.05,Low,15581237
591,45,5,0.0,2,1,1,155492.87,0,False,False,True,0.01,Low,15738150
723,21,4,0.0,2,0,0,24847.02,0,False,False,True,0.02,Low,15678571
617,25,1,102585.88,2,1,1,115387.4,0,False,False,True,0.06,Low,15736124
704,39,10,102556.18,2,1,0,171971.25,1,True,False,False,0.68,Medium,15623202
457,42,4,126772.57,1,0,1,126106.4,0,True,False,True,0.16,Low,15804201
787,38,3,158373.23,1,1,1,28228.35,0,True,False,False,0.04,Low,15596863
651,34,9,0.0,2,1,0,138113.71,0,False,False,False,0.0,,15696277
612,42,5,141927.1,1,1,1,43018.98,0,True,False,True,0.2,Low,15748608
828,47,1,109876.82,2,1,0,83611.45,1,False,True,True,0.85,High,15723864
724,34,2,0.0,2,1,1,118863.38,0,False,False,False,0.0,,15802390
648,44,9,111369.79,2,1,1,91947.74,0,True,False,True,0.1,Low,15774336
569,35,3,116969.35,1,0,0,94488.82,0,False,True,True,0.03,Low,15648766
765,34,8,136729.51,2,0,0,47058.21,0,True,False,False,0.19,Low,15659094
577,44,1,152086.15,1,0,1,44719.5,1,True,False,False,0.53,Medium,15606397
603,46,2,0.0,2,1,0,174478.54,0,False,True,True,0.03,Low,15642619
568,28,1,127289.28,1,0,0,45611.51,0,False,True,True,0.06,Low,15666032
748,45,2,119852.01,1,0,0,73853.94,1,True,False,True,0.94,High,15595842
573,38,4,0.0,2,1,1,196517.43,0,False,True,True,0.01,Low,15753837
771,41,5,0.0,2,0,1,92914.67,0,False,True,False,0.04,Low,15783882
763,35,9,0.0,1,1,1,31372.91,0,False,False,True,0.03,Low,15799790
410,35,7,117183.74,1,1,1,109733.73,0,False,False,False,0.07,Low,15628155
728,33,8,129907.63,1,0,1,36083.96,0,False,False,True,0.01,Low,15703778
655,78,2,0.0,2,0,1,188435.38,0,False,True,False,0.03,Low,15722322
580,36,6,145387.32,2,1,1,169963.2,1,True,False,False,0.08,Low,15639278
712,35,7,124616.23,1,1,1,69320.97,0,False,False,True,0.0,,15568487
680,31,9,0.0,2,1,0,36145.53,0,False,False,True,0.02,Low,15682084
383,48,8,95808.19,1,0,0,137702.01,1,False,True,False,0.9,High,15642821
721,35,10,0.0,2,1,0,71594.26,0,False,False,True,0.01,Low,15601387
620,42,1,0.0,2,0,1,65565.92,0,False,False,False,0.04,Low,15642515
774,36,8,117152.3,1,0,0,101828.39,0,False,True,False,0.03,Low,15710421
563,35,3,106250.72,1,0,0,39546.32,0,False,False,True,0.02,Low,15726774
850,27,8,111837.78,2,1,1,110805.79,0,True,False,False,0.02,Low,15649078
681,47,9,97023.21,1,1,1,2168.13,0,False,False,True,0.27,Low,15641877
631,31,8,137687.72,1,1,0,190067.12,0,False,False,False,0.08,Low,15796496
614,40,3,113348.5,1,1,1,77789.01,0,False,True,False,0.03,Low,15815690
704,24,10,122109.78,1,1,1,127654.37,0,False,True,True,0.03,Low,15631739
786,32,2,120452.4,2,0,0,79602.86,0,False,False,True,0.01,Low,15625584
534,53,7,0.0,2,1,1,80619.17,0,False,False,False,0.16,Low,15802466
590,34,0,65812.35,2,0,1,160346.3,0,False,True,True,0.04,Low,15697028
583,40,3,54428.37,1,1,0,109638.78,1,False,True,False,0.84,High,15575759
656,75,3,0.0,2,1,1,1276.87,0,False,False,False,0.0,,15567442
597,33,9,0.0,2,1,0,49374.82,0,False,False,True,0.0,,15746805
588,48,1,143279.58,2,1,0,31580.8,1,True,False,False,0.76,High,15636330
667,32,0,103846.65,1,1,0,20560.69,0,True,False,True,0.16,Low,15714970
627,37,2,125190.86,1,0,1,84584.69,0,False,False,True,0.04,Low,15653784
708,33,8,0.0,2,0,1,15246.83,0,False,False,False,0.04,Low,15693543
641,65,6,38340.02,1,1,0,32607.77,1,False,False,True,0.98,High,15773283
527,28,2,123802.98,2,1,1,155846.69,0,True,False,False,0.01,Low,15742534
592,37,3,96651.03,1,1,1,3232.82,0,False,False,True,0.08,Low,15569878
465,33,8,0.0,2,1,0,177668.55,0,False,False,True,0.06,Low,15729454
628,39,6,0.0,2,0,0,134441.6,0,False,False,True,0.03,Low,15578375
678,43,1,133237.21,1,1,0,111032.79,1,False,False,True,0.7,Medium,15785559
570,61,6,142105.35,1,1,1,45214.04,0,False,False,False,0.07,Low,15649414
815,37,1,166115.42,1,1,0,67208.3,0,False,False,True,0.3,Low,15701605
817,37,6,81070.34,2,1,0,80985.88,0,False,False,False,0.04,Low,15686696
717,35,4,0.0,1,1,1,167573.06,0,False,False,True,0.09,Low,15625586
641,53,0,123835.52,2,0,1,160110.65,0,False,False,False,0.22,Low,15654975
624,51,10,123401.43,2,1,1,127825.25,0,False,False,True,0.07,Low,15782993
579,49,4,169377.31,1,1,1,123535.05,0,True,False,True,0.05,Low,15774382
698,38,2,130015.24,1,1,1,41595.3,0,False,False,True,0.1,Low,15689602
645,32,4,0.0,2,0,1,97628.08,0,False,False,True,0.0,,15756155
691,34,8,133936.04,2,1,0,91359.79,0,False,False,True,0.03,Low,15812647
638,34,6,114543.27,1,1,1,97755.29,0,False,False,True,0.0,,15736043
705,31,3,119794.67,1,0,0,182528.44,0,False,False,False,0.05,Low,15696744
720,33,9,0.0,2,1,1,142956.48,0,False,False,True,0.01,Low,15602572
553,44,4,0.0,1,1,0,10789.3,0,False,True,True,0.08,Low,15674765
658,29,8,0.0,2,0,1,130461.09,0,False,False,False,0.0,,15678725
648,32,8,157138.99,3,1,0,190994.48,1,True,False,False,0.95,High,15694444
636,45,3,0.0,2,1,1,159463.8,0,False,True,True,0.01,Low,15795878
527,41,10,136733.24,1,1,1,57589.29,0,True,False,False,0.39,Medium,15735346
717,28,9,82498.14,2,0,0,40437.67,0,True,False,False,0.05,Low,15687094
614,39,3,151914.93,1,0,0,56459.45,0,False,True,True,0.09,Low,15790067
737,43,0,80090.93,1,1,0,39920.0,1,False,False,True,0.8,High,15605742
587,51,3,83739.32,1,0,1,148798.45,0,False,True,True,0.15,Low,15566740
682,35,2,181166.44,1,1,1,63737.19,1,False,False,False,0.82,High,15664897
710,38,3,130588.82,1,1,1,154997.64,0,False,False,True,0.0,,15585777
507,42,6,0.0,2,1,0,34777.23,0,False,False,True,0.07,Low,15650864
609,33,6,94126.67,1,0,0,93718.16,0,True,False,True,0.04,Low,15806709
786,32,9,0.0,2,1,0,133112.41,0,False,False,True,0.0,,15633818
688,38,7,148045.68,1,1,0,175479.92,1,False,False,True,0.09,Low,15713845
710,38,2,0.0,2,1,0,96.27,0,False,False,True,0.04,Low,15639662
779,33,3,0.0,2,1,0,30804.68,0,False,True,True,0.0,,15567013
733,44,6,168165.84,1,0,1,197193.49,0,False,False,False,0.33,Medium,15777784
583,26,10,72835.56,2,1,0,96792.15,0,True,False,False,0.02,Low,15800251
627,41,3,0.0,2,1,0,132719.8,0,False,False,True,0.01,Low,15651315
666,31,3,123212.08,2,1,1,112157.31,0,True,False,True,0.0,,15651450
620,38,0,0.0,2,1,1,38015.34,0,False,True,True,0.03,Low,15784218
614,39,6,0.0,2,1,1,164018.98,0,False,True,False,0.01,Low,15572398
606,40,6,119501.88,2,1,0,46774.94,0,False,False,True,0.03,Low,15707962
700,39,5,144550.83,2,1,1,189664.43,0,True,False,False,0.05,Low,15705663
677,34,3,126729.41,1,1,1,26106.39,1,True,False,True,0.65,Medium,15645355
850,36,5,119984.07,1,1,0,191535.11,1,True,False,True,0.39,Medium,15729557
564,35,4,0.0,1,1,0,158937.55,0,False,False,True,0.04,Low,15631436
771,56,2,0.0,1,1,1,25222.6,1,False,True,False,0.47,Medium,15583073
620,42,9,121490.05,1,1,1,29296.74,0,False,True,True,0.01,Low,15614361
610,46,5,91897.8,1,1,0,54394.28,0,False,True,True,0.14,Low,15724684
609,39,2,139443.75,2,1,0,9234.06,0,False,True,True,0.01,Low,15700083
683,35,5,144961.97,1,0,1,26796.73,0,True,False,True,0.07,Low,15636541
633,42,3,126041.02,1,0,1,11796.89,0,True,False,True,0.11,Low,15796015
676,28,1,69459.05,2,1,1,128461.29,0,True,False,True,0.02,Low,15787222
693,38,7,198338.77,2,1,1,14278.18,0,False,False,True,0.06,Low,15594270
709,36,0,0.0,2,1,0,46811.77,0,False,False,True,0.0,,15701524
569,35,2,109196.66,3,1,0,109393.19,1,True,False,True,0.85,High,15645847
684,38,3,134168.5,3,1,0,3966.5,1,False,True,False,0.97,High,15708867
565,34,6,0.0,1,1,1,63173.64,0,False,False,True,0.23,Low,15613140
681,29,8,0.0,1,1,0,66367.33,0,False,False,True,0.02,Low,15628893
503,36,9,0.0,2,1,1,16274.67,0,False,True,False,0.09,Low,15764073
656,40,2,0.0,2,1,1,180553.48,0,False,False,True,0.0,,15782879
566,65,4,120100.41,1,1,0,107563.16,1,True,False,True,0.94,High,15635964
592,62,5,0.0,1,1,1,100941.57,0,False,False,False,0.05,Low,15726087
687,50,5,0.0,2,1,0,110230.4,0,False,True,False,0.05,Low,15726313
686,22,8,0.0,2,0,0,142331.85,0,False,True,True,0.01,Low,15578073
616,30,2,0.0,2,1,0,199099.51,0,False,True,True,0.06,Low,15786249
494,67,5,0.0,2,1,1,85890.16,0,False,True,True,0.0,,15812850
534,38,3,0.0,1,0,0,143938.27,0,False,False,True,0.07,Low,15596972
695,31,8,0.0,2,0,1,131644.41,0,False,True,False,0.0,,15620579
579,31,9,0.0,2,1,0,112395.98,0,False,True,False,0.0,,15768270
432,38,2,135559.8,2,1,1,71856.3,0,True,False,True,0.04,Low,15656597
816,25,2,150355.35,2,1,1,35770.84,0,True,False,False,0.0,,15699446
730,37,1,0.0,2,1,1,124364.63,0,False,False,False,0.01,Low,15615004
593,35,6,133489.12,2,1,1,78101.29,0,False,False,False,0.02,Low,15704771
715,37,9,105489.31,1,0,0,143096.49,1,True,False,False,0.55,Medium,15588372
775,25,10,60205.2,2,1,0,14073.11,0,True,False,True,0.03,Low,15681439
539,38,5,0.0,2,1,0,47388.41,0,False,False,True,0.0,,15607509
576,19,6,0.0,2,0,0,72306.07,0,False,True,True,0.0,,15670343
617,50,7,0.0,1,1,0,184839.7,1,False,True,True,0.85,High,15597968
688,40,6,0.0,1,1,1,47886.44,0,False,False,True,0.11,Low,15658432
608,33,4,0.0,1,0,1,130474.03,0,False,False,True,0.2,Low,15616431
597,35,9,0.0,3,0,1,73181.39,1,False,True,True,0.72,High,15796957
670,42,6,112333.63,1,1,1,65706.86,0,False,False,False,0.05,Low,15815552
616,57,7,116936.81,1,1,1,104379.36,0,True,False,False,0.28,Low,15631871
579,50,5,117721.02,1,0,1,192146.63,1,True,False,False,0.73,High,15635870
786,37,7,165896.22,2,1,1,66977.68,0,False,False,True,0.03,Low,15596713
704,44,9,153656.85,1,1,0,158742.81,0,False,True,False,0.15,Low,15684211
796,50,1,94164.0,1,1,1,189414.74,0,False,False,False,0.13,Low,15760521
598,39,1,0.0,2,1,0,159130.32,0,False,True,True,0.02,Low,15608408
602,49,0,191808.73,1,0,0,97640.2,0,False,False,True,0.23,Low,15804721
619,58,5,152199.33,1,1,1,86022.09,0,False,False,True,0.09,Low,15730272
492,52,8,125396.24,1,1,0,10014.72,1,True,False,False,0.79,High,15741988
641,41,7,104405.54,3,1,0,17384.21,0,True,False,True,0.32,Medium,15771728
518,27,1,133801.49,1,1,1,143315.57,0,False,False,False,0.02,Low,15605113
623,40,4,0.0,3,1,0,31669.18,0,False,True,False,0.88,High,15661945
733,28,5,0.0,2,0,0,12761.16,0,False,False,False,0.0,,15783816
625,42,6,100047.33,1,1,0,93429.95,0,True,False,True,0.32,Medium,15721207
759,31,1,109848.6,1,1,1,42012.55,0,False,False,False,0.01,Low,15764072
604,32,7,127849.38,1,1,0,15798.7,0,False,False,False,0.04,Low,15689412
512,46,3,0.0,2,1,1,56408.14,0,False,True,False,0.04,Low,15798385
520,29,8,95947.76,1,1,0,4696.44,0,False,False,False,0.03,Low,15775339
805,26,2,0.0,2,1,1,25042.1,0,False,True,True,0.0,,15585256
626,43,4,137638.69,1,1,0,130442.08,1,False,False,True,0.24,Low,15797329
656,38,10,0.0,1,1,1,136521.82,0,False,False,True,0.08,Low,15780220
785,41,7,0.0,2,1,1,199108.88,0,False,True,True,0.01,Low,15648951
553,31,6,0.0,2,0,0,124596.63,0,False,False,True,0.0,,15752409
569,44,4,0.0,2,0,0,134394.78,0,False,False,False,0.1,Low,15807524
670,38,10,89416.99,1,0,0,144275.39,0,False,False,True,0.0,,15766649
586,42,6,0.0,2,1,1,123410.23,0,False,True,True,0.04,Low,15696812
617,45,1,0.0,1,1,0,143298.06,0,False,True,False,0.27,Low,15581295
508,60,7,143262.04,1,1,1,129562.74,0,False,False,False,0.1,Low,15663234
624,35,7,119656.45,2,1,1,4595.05,0,False,True,False,0.06,Low,15741417
654,29,4,132954.64,1,1,1,146715.07,0,False,False,True,0.05,Low,15695174
681,44,3,105206.7,2,1,1,163558.36,0,True,False,False,0.11,Low,15665168
578,28,4,0.0,2,0,0,6947.09,0,False,True,True,0.0,,15601503
621,37,9,83061.26,2,1,0,9170.54,0,False,True,False,0.03,Low,15706131
632,40,5,147650.68,1,1,1,199674.83,0,False,False,True,0.12,Low,15782758
644,44,5,73348.56,1,1,0,157166.79,1,False,False,True,0.78,High,15591091
821,28,2,0.0,2,1,0,46072.52,0,False,False,True,0.01,Low,15715877
754,38,2,0.0,2,0,0,3524.69,0,False,False,False,0.01,Low,15756918
568,27,1,116320.68,1,0,1,45563.94,0,False,True,False,0.05,Low,15746662
584,33,3,0.0,2,0,1,59103.13,0,False,False,True,0.01,Low,15626679
549,29,8,0.0,2,1,1,189558.44,0,False,False,False,0.0,,15793343
729,38,7,0.0,2,0,0,45779.9,0,False,False,False,0.07,Low,15576774
523,61,8,66250.71,1,1,1,21859.06,0,False,False,True,0.32,Medium,15801316
477,24,2,95675.62,2,0,0,162699.7,1,True,False,False,0.69,Medium,15800514
675,42,2,92616.64,2,1,0,8567.18,0,True,False,True,0.17,Low,15662232
782,41,4,0.0,1,1,0,132943.88,0,False,True,False,0.16,Low,15737778
616,36,6,0.0,1,1,1,12916.32,1,False,True,False,0.72,High,15782096
738,37,8,100565.94,1,1,1,128799.86,0,False,True,False,0.01,Low,15783522
717,42,5,190305.78,1,1,0,99347.8,1,False,True,False,0.79,High,15785373
526,35,9,118536.4,1,1,0,40980.87,1,True,False,False,0.83,High,15756272
660,19,5,127649.64,1,1,1,40368.65,0,False,False,True,0.03,Low,15615245
525,35,7,165358.77,1,0,1,94738.54,0,False,False,True,0.07,Low,15600174
629,29,6,0.0,2,1,1,88842.8,0,False,True,True,0.01,Low,15752956
616,36,10,78249.53,1,1,0,136934.91,0,True,False,False,0.12,Low,15644882
521,61,0,125193.96,1,1,1,109356.53,0,True,False,False,0.6,Medium,15766272
691,29,9,0.0,2,0,0,199635.93,0,False,False,False,0.0,,15800620
687,41,2,154007.21,1,1,0,158408.23,0,True,False,False,0.23,Low,15569764
677,43,3,133214.88,2,1,1,95936.84,0,False,True,False,0.07,Low,15747458
695,63,1,146202.93,1,1,1,126688.83,1,False,True,True,0.68,Medium,15573171
663,27,9,0.0,2,1,0,150850.29,0,False,False,False,0.0,,15736769
496,30,0,90963.49,1,0,1,27802.0,0,False,False,True,0.04,Low,15763381
747,41,9,0.0,1,1,0,32430.94,1,False,True,True,0.74,High,15814430
546,52,2,0.0,1,1,0,137332.37,1,False,False,False,0.94,High,15638607
706,68,4,114386.85,1,1,1,28601.68,0,False,True,True,0.06,Low,15737133
472,26,5,0.0,2,1,0,108411.66,0,False,False,False,0.01,Low,15613945
703,40,7,0.0,2,0,1,122518.5,0,False,False,False,0.04,Low,15659937
850,38,2,0.0,2,1,0,9015.07,0,False,False,False,0.0,,15765287
667,71,4,137260.78,1,0,1,94433.08,1,False,True,True,0.64,Medium,15661723
559,33,9,111060.05,2,1,0,110371.84,0,False,False,True,0.06,Low,15766064
636,60,7,124447.73,1,1,1,141364.62,1,False,True,True,0.67,Medium,15649616
672,34,8,0.0,2,1,1,16245.25,0,False,False,False,0.06,Low,15719017
667,42,7,0.0,1,0,1,108348.94,1,False,False,True,0.59,Medium,15720919
648,33,7,135310.41,2,0,1,171668.2,0,True,False,True,0.01,Low,15706706
497,32,8,0.0,2,1,0,67364.42,0,False,False,True,0.0,,15709653
743,73,6,0.0,2,0,1,107867.38,0,False,False,False,0.0,,15805104
619,29,5,0.0,2,1,0,194310.1,0,False,False,True,0.02,Low,15622442
639,34,5,139393.19,2,0,0,33950.08,0,False,True,True,0.02,Low,15572801
540,28,8,0.0,2,0,0,197588.32,0,False,True,True,0.05,Low,15767598
766,26,3,104258.8,1,1,1,428.23,0,False,False,False,0.1,Low,15757897
749,26,6,0.0,2,0,1,34948.77,0,False,False,False,0.0,,15568104
655,32,9,113447.01,1,1,0,82084.3,0,True,False,True,0.12,Low,15763414
630,33,9,0.0,2,1,0,64804.59,0,False,False,True,0.0,,15732265
778,33,4,111063.73,2,1,0,83556.65,0,True,False,False,0.09,Low,15621974
757,30,6,161378.02,1,0,0,71926.28,1,True,False,False,0.78,High,15803947
529,39,2,82766.43,1,1,1,122925.44,0,False,True,False,0.07,Low,15720706
620,29,9,0.0,2,1,0,13133.88,0,False,True,True,0.0,,15759290
615,61,1,104267.7,1,1,0,62845.64,1,False,False,False,0.93,High,15651664
735,25,3,91718.8,1,0,0,28411.23,0,False,False,False,0.04,Low,15795132
705,47,3,63488.7,1,0,1,28640.92,1,False,True,False,0.78,High,15811565
644,46,6,12459.19,1,0,0,156787.34,1,False,True,False,0.84,High,15713774
505,37,6,159863.9,2,0,1,125307.87,0,True,False,False,0.01,Low,15691840
471,23,6,104592.55,2,1,0,131736.23,0,True,False,True,0.07,Low,15682021
722,50,4,132088.59,1,1,1,128262.14,0,False,True,False,0.18,Low,15612931
577,39,4,0.0,2,1,0,91366.42,0,False,True,False,0.05,Low,15676707
744,44,5,120654.68,1,1,0,82290.81,0,False,True,True,0.1,Low,15601383
573,30,6,0.0,2,1,0,66190.21,0,False,False,False,0.0,,15662662
653,32,4,83772.95,1,0,1,23920.65,0,False,False,False,0.03,Low,15752694
660,31,6,172325.67,1,0,1,45438.38,0,False,False,False,0.06,Low,15590683
787,46,7,117685.31,2,1,1,93360.35,0,False,False,True,0.05,Low,15773591
617,41,7,0.0,2,0,1,14496.67,0,False,False,True,0.01,Low,15723620
567,39,5,0.0,2,0,0,168521.72,0,False,False,True,0.01,Low,15671779
682,64,9,0.0,2,1,1,103318.44,0,False,True,False,0.0,,15672966
684,35,6,135871.5,1,1,1,87219.41,0,False,False,True,0.02,Low,15624667
447,41,3,0.0,4,1,1,197490.39,1,False,False,True,0.64,Medium,15812888
625,49,4,128504.76,1,1,0,126812.63,1,True,False,False,0.93,High,15724154
585,36,7,0.0,2,1,0,94283.09,0,False,False,True,0.04,Low,15749540
516,42,8,56228.25,1,1,0,46857.52,0,False,False,False,0.28,Low,15621063
732,45,6,98792.4,1,1,0,81491.7,1,True,False,False,0.89,High,15661626
628,40,5,181768.32,2,1,1,129107.97,0,True,False,True,0.02,Low,15698703
682,48,9,101198.01,1,1,1,49732.9,0,False,True,False,0.07,Low,15801431
746,25,9,0.0,2,0,1,88728.47,0,False,False,True,0.0,,15649451
655,60,3,0.0,2,1,1,86981.45,0,False,False,False,0.0,,15626156
644,39,9,0.0,1,1,0,3740.93,0,False,False,False,0.26,Low,15606158
778,34,5,139064.06,2,0,0,67949.32,0,False,False,True,0.03,Low,15589496
617,35,2,104508.1,1,1,1,147636.46,0,False,False,False,0.06,Low,15730345
660,35,9,113948.58,1,1,0,188891.96,1,True,False,True,0.77,High,15572038
537,47,10,0.0,2,0,1,25482.62,0,False,False,True,0.09,Low,15643439
554,39,10,0.0,2,1,1,18391.93,0,False,False,False,0.08,Low,15604158
806,31,9,0.0,2,0,1,140168.36,0,False,False,True,0.01,Low,15657396
611,37,1,117524.72,2,0,1,161064.29,0,True,False,True,0.08,Low,15709478
665,37,5,160389.82,1,0,1,183542.08,0,False,False,False,0.09,Low,15628824
648,37,7,0.0,2,1,0,194238.92,0,False,False,False,0.01,Low,15814519
692,27,1,125547.53,1,0,0,7900.46,0,False,False,True,0.12,Low,15636520
507,46,6,92783.68,1,1,1,51424.29,0,False,True,True,0.02,Low,15794414
696,49,5,97036.22,2,1,0,152450.84,1,True,False,True,0.8,High,15643671
681,34,3,0.0,2,0,0,55816.2,0,False,False,True,0.0,,15700650
687,26,6,0.0,2,1,1,32909.13,0,False,False,False,0.0,,15680224
641,40,5,102145.13,1,1,1,100637.07,0,False,True,True,0.03,Low,15784286
507,33,1,113452.66,1,0,0,142911.99,0,False,False,False,0.06,Low,15693996
688,46,8,155681.72,1,1,0,26287.21,0,False,True,False,0.18,Low,15764343
535,38,8,127475.24,1,0,0,60775.76,1,True,False,True,0.81,High,15704168
701,41,10,0.0,2,1,1,146257.77,0,False,False,True,0.01,Low,15680197
488,43,10,112751.13,1,1,1,28332.0,0,False,False,True,0.05,Low,15633729
539,29,4,0.0,2,1,1,100919.19,0,False,False,False,0.0,,15577683
674,45,7,144889.18,1,1,1,102591.9,1,False,False,True,0.18,Low,15800746
538,40,8,0.0,2,1,1,25554.4,0,False,True,True,0.0,,15788686
829,22,7,150126.44,1,1,0,152107.93,1,False,False,False,0.68,Medium,15742798
768,54,8,69712.74,1,1,1,69381.05,0,False,False,True,0.12,Low,15596647
585,44,4,0.0,2,0,1,101728.46,0,False,True,False,0.05,Low,15756070
581,31,3,0.0,2,0,0,89040.61,0,False,False,True,0.0,,15775116
682,35,2,117438.92,2,1,1,16910.98,0,True,False,False,0.06,Low,15575428
653,38,8,119315.75,1,1,0,150468.35,0,False,False,True,0.01,Low,15654074
712,30,1,89571.59,1,1,1,177613.19,0,False,False,False,0.04,Low,15695872
620,34,8,102251.57,1,1,0,120672.09,0,True,False,False,0.27,Low,15568885
709,42,9,118546.71,1,0,1,77142.85,0,False,False,True,0.05,Low,15725036
832,61,2,0.0,1,0,1,127804.66,1,False,False,True,0.82,High,15632665
635,38,0,103257.14,1,0,0,158344.63,0,False,True,True,0.03,Low,15571476
749,43,1,124209.02,1,1,1,167179.48,0,False,True,False,0.02,Low,15776850
629,32,3,0.0,2,1,1,15404.64,0,False,True,True,0.0,,15623649
836,41,7,150302.84,1,1,1,156036.19,0,False,True,False,0.23,Low,15751131
542,34,8,108653.93,1,0,1,144725.14,0,False,True,True,0.06,Low,15688128
645,45,8,85325.93,1,0,0,22558.74,0,False,False,False,0.46,Medium,15678412
844,29,8,0.0,2,0,0,147342.03,0,False,False,False,0.01,Low,15770291
747,37,9,135776.36,3,1,0,85470.45,1,True,False,True,0.94,High,15583392
645,40,6,131411.24,1,1,1,194656.11,0,False,False,True,0.03,Low,15690731
752,36,3,0.0,2,1,1,48505.1,0,False,True,False,0.01,Low,15697948
760,41,6,0.0,2,0,0,101491.23,0,False,True,False,0.02,Low,15608328
714,45,9,106431.97,2,1,1,164117.69,0,True,False,False,0.13,Low,15766378
717,50,9,90305.76,1,1,1,124626.57,0,False,False,True,0.03,Low,15600813
645,28,7,117466.03,2,1,1,34490.06,0,True,False,True,0.02,Low,15706217
681,32,3,148884.47,2,1,1,90967.37,0,False,False,True,0.02,Low,15601417
681,44,4,91115.76,2,0,0,24208.84,1,True,False,False,0.16,Low,15610972
679,37,8,77373.87,2,0,1,174873.09,0,True,False,False,0.02,Low,15674620
528,23,7,104744.89,1,1,0,170262.97,0,False,True,True,0.07,Low,15785350
710,31,3,0.0,2,1,1,112289.06,0,False,False,False,0.0,,15749119
733,39,5,91538.51,1,1,1,93783.0,0,True,False,True,0.04,Low,15756535
724,32,6,0.0,2,1,1,150026.79,0,False,False,False,0.0,,15700965
726,34,0,185734.75,1,1,1,102036.82,0,False,False,False,0.33,Medium,15791851
520,30,3,143396.54,2,1,1,898.51,0,False,False,True,0.01,Low,15717156
556,40,5,125909.85,1,1,1,95124.4,0,False,False,True,0.07,Low,15740846
579,45,2,0.0,2,0,0,11514.39,0,False,False,False,0.08,Low,15573284
674,36,2,154525.7,1,0,1,27468.72,0,False,False,True,0.08,Low,15729083
570,29,0,0.0,1,1,0,37092.43,0,False,False,False,0.06,Low,15611612
631,51,8,100654.8,1,1,0,171587.9,0,False,False,True,0.6,Medium,15694381
623,44,1,83325.77,1,0,1,80828.78,0,False,True,True,0.04,Low,15651737
665,35,8,110934.54,1,1,0,169287.99,0,False,False,True,0.0,,15663168
523,36,8,113680.54,1,0,0,13197.44,0,False,True,False,0.03,Low,15643426
706,31,1,117020.08,2,1,0,54439.53,0,True,False,True,0.01,Low,15618245
619,49,9,145359.99,1,1,0,38186.85,0,False,False,False,0.09,Low,15717527
593,39,8,151391.68,1,1,0,27274.6,1,True,False,False,0.82,High,15793478
608,66,8,123935.35,1,1,1,65758.19,0,False,True,True,0.03,Low,15642248
526,36,0,0.0,2,1,0,97767.63,0,False,False,False,0.05,Low,15640377
684,40,2,70291.02,1,1,1,115468.84,1,False,True,True,0.68,Medium,15723950
604,42,10,166031.45,1,1,0,98293.14,0,True,False,False,0.17,Low,15590327
636,36,6,96643.32,1,0,0,182059.28,0,True,False,True,0.05,Low,15706199
669,33,8,0.0,2,0,1,128538.05,0,False,True,False,0.02,Low,15671514
624,71,7,0.0,2,1,1,108841.83,0,False,False,True,0.0,,15727041
631,29,2,0.0,2,1,1,18581.84,0,False,False,True,0.0,,15738063
753,48,4,0.0,2,0,1,146821.42,0,False,False,True,0.02,Low,15711733
588,40,5,0.0,2,0,0,100727.68,0,False,False,True,0.07,Low,15652320
729,26,4,97268.1,2,1,0,39356.38,0,True,False,True,0.02,Low,15634180
602,42,10,0.0,2,0,0,169921.11,1,False,False,False,0.6,Medium,15694566
689,55,1,76296.81,1,1,0,42364.75,1,True,False,False,0.89,High,15726103
486,27,7,0.0,2,1,0,28823.04,0,False,True,True,0.0,,15646351
809,42,6,64497.94,3,0,1,182436.81,1,True,False,False,0.86,High,15730044
562,38,5,0.0,1,1,0,115700.2,0,False,False,True,0.19,Low,15795186
763,32,8,0.0,2,1,0,16725.53,0,False,True,False,0.04,Low,15784890
669,57,5,0.0,2,1,1,56875.76,0,False,False,True,0.02,Low,15694125
709,39,8,0.0,2,1,0,56214.09,0,False,False,True,0.02,Low,15565891
554,45,4,0.0,2,1,1,193412.05,0,False,True,False,0.01,Low,15674254
699,37,10,0.0,2,0,0,83263.04,0,False,False,True,0.0,,15775206
732,54,0,134249.7,1,0,1,13404.4,0,False,True,True,0.26,Low,15797627
625,45,3,0.0,1,1,1,184474.15,1,False,False,False,0.79,High,15649853
599,30,9,105443.68,1,1,1,121124.53,0,False,False,True,0.01,Low,15610379
584,50,1,0.0,1,0,1,152567.75,1,False,True,False,0.84,High,15659800
499,35,10,0.0,2,1,0,10722.54,0,False,False,True,0.06,Low,15716236
526,38,2,0.0,2,0,0,58010.98,0,False,True,True,0.01,Low,15672053
625,35,5,86147.46,2,1,0,163440.8,1,True,False,False,0.67,Medium,15663933
537,38,1,96939.06,1,1,1,102606.92,0,False,True,False,0.06,Low,15814236
696,47,1,106758.6,1,1,1,80591.18,0,False,True,True,0.04,Low,15583597
679,33,9,112528.65,2,1,0,177362.45,0,False,False,False,0.07,Low,15607395
684,60,2,116563.58,1,1,0,120257.7,1,False,False,True,0.91,High,15694556
850,32,4,0.0,1,1,1,180622.02,0,False,False,True,0.03,Low,15744109
495,42,7,0.0,2,0,0,130404.53,0,False,True,False,0.06,Low,15800688
537,38,6,141786.78,1,0,1,147797.54,0,False,True,False,0.05,Low,15810878
850,41,3,136416.82,1,0,1,57844.26,0,False,False,True,0.12,Low,15587835
513,30,5,0.0,2,1,0,162523.66,0,False,False,True,0.01,Low,15763515
618,40,1,133245.52,2,1,1,54495.82,0,True,False,False,0.14,Low,15725882
802,41,4,90757.64,2,0,1,169183.66,0,True,False,False,0.05,Low,15788022
547,43,1,92350.36,1,0,1,80262.91,0,False,False,True,0.15,Low,15663917
613,69,9,78778.49,1,0,1,8751.59,0,True,False,True,0.1,Low,15656865
592,34,6,102143.93,2,1,1,102628.98,0,True,False,False,0.03,Low,15667971
546,29,5,0.0,1,1,1,94823.95,0,False,False,True,0.01,Low,15800366
721,37,4,98459.6,1,0,0,90821.66,0,True,False,True,0.18,Low,15717231
671,47,7,114603.76,2,1,0,153194.32,1,True,False,False,0.86,High,15643188
624,35,2,0.0,2,1,0,87310.59,0,False,True,True,0.05,Low,15671351
751,51,7,148074.79,1,1,0,146411.41,1,True,False,False,0.96,High,15573628
636,36,1,0.0,3,1,1,74048.1,1,False,True,True,0.56,Medium,15698953
607,62,8,108004.64,1,1,1,23386.77,1,False,True,False,0.66,Medium,15753888
509,29,0,107712.57,2,1,1,92898.17,0,True,False,False,0.06,Low,15737961
653,35,9,0.0,2,1,1,45956.05,0,False,True,True,0.0,,15801701
709,37,8,0.0,3,1,0,71738.56,0,False,True,False,0.55,Medium,15684419
559,32,9,145303.52,1,1,0,103560.98,0,False,False,True,0.06,Low,15794266
684,37,4,138476.41,2,1,1,52367.29,0,True,False,True,0.02,Low,15810711
635,27,8,127471.56,1,1,1,152916.05,1,False,False,False,0.59,Medium,15771270
709,26,6,156551.63,1,0,1,4410.77,0,False,False,True,0.01,Low,15607786
656,49,9,97092.87,1,1,0,74771.22,1,True,False,False,0.76,High,15624519
793,32,2,0.0,2,1,0,193817.63,1,False,False,True,0.64,Medium,15799910
609,37,5,129312.79,1,1,1,26793.82,0,False,True,True,0.03,Low,15602479
618,29,10,100315.1,2,1,1,32526.64,0,True,False,False,0.05,Low,15617419
850,35,6,81684.97,1,1,0,824.0,0,False,False,False,0.09,Low,15657603
669,51,3,88827.53,1,0,0,85250.77,1,False,True,True,0.77,High,15570379
594,40,0,152092.44,2,1,1,83508.93,0,True,False,True,0.08,Low,15772996
616,71,4,0.0,2,1,1,173599.38,0,False,True,True,0.0,,15729574
676,49,1,0.0,1,1,0,79342.31,1,False,False,False,0.91,High,15737267
608,38,9,102406.76,1,0,1,57600.66,0,False,True,False,0.04,Low,15799128
710,21,4,109130.96,2,1,1,56191.99,0,False,False,True,0.05,Low,15813327
695,29,5,0.0,2,1,1,6770.44,0,False,False,True,0.0,,15711921
530,33,9,75242.28,1,0,1,101694.67,0,True,False,True,0.02,Low,15654300
509,29,1,0.0,2,1,0,69113.14,0,False,True,True,0.0,,15569945
517,45,4,0.0,1,0,0,172674.36,1,False,False,False,0.92,High,15569666
758,33,0,129142.54,2,1,1,26606.28,0,True,False,True,0.05,Low,15681887
665,51,2,0.0,1,0,0,53353.36,0,False,False,True,0.21,Low,15608873
631,22,6,139129.92,1,1,1,63747.51,0,True,False,False,0.04,Low,15762091
576,33,3,0.0,2,0,1,190112.05,0,False,True,True,0.01,Low,15722053
544,22,3,66483.32,1,0,1,110317.39,0,False,True,True,0.06,Low,15782100
596,40,5,62389.03,3,1,0,148623.43,1,True,False,True,0.81,High,15765300
481,34,5,0.0,2,1,1,125253.46,0,False,False,False,0.0,,15743570
498,46,1,91857.66,1,1,0,101954.78,1,False,False,True,0.83,High,15608541
512,31,6,0.0,2,1,0,168462.26,0,False,True,True,0.01,Low,15750671
594,56,7,0.0,1,1,0,26215.85,1,False,False,False,0.96,High,15813659
570,30,10,176173.52,1,1,0,97045.32,1,False,False,False,0.78,High,15757867
721,38,7,0.0,1,0,1,53534.8,0,False,True,True,0.08,Low,15652914
453,37,4,131834.76,2,1,0,8949.2,0,False,False,False,0.01,Low,15723818
562,48,3,92347.96,1,1,1,163116.75,0,False,False,True,0.38,Medium,15713819
682,40,4,0.0,2,1,1,140745.91,0,False,False,True,0.03,Low,15656484
748,40,3,95297.11,1,0,0,171515.84,0,False,False,True,0.14,Low,15778515
729,32,9,0.0,2,0,0,150803.44,0,False,False,False,0.0,,15803840
663,39,4,0.0,1,1,0,76884.05,0,False,False,True,0.06,Low,15735339
735,53,8,123845.36,2,0,1,170454.93,1,False,False,False,0.74,High,15600392
627,62,3,143426.34,2,1,1,143104.3,0,True,False,True,0.03,Low,15625740
713,46,5,0.0,1,1,1,55701.62,0,False,False,True,0.17,Low,15663817
562,31,2,112708.2,1,0,1,186370.3,0,True,False,True,0.09,Low,15734461
632,43,2,100013.51,1,1,0,24275.32,0,False,False,True,0.09,Low,15780142
479,33,2,208165.53,1,0,0,50774.81,1,False,False,False,0.74,High,15709920
658,21,7,0.0,2,0,1,154279.87,0,False,True,True,0.0,,15684248
598,40,9,0.0,1,1,0,68462.59,1,False,False,False,0.79,High,15643158
597,19,2,0.0,2,1,1,91036.74,0,False,False,True,0.0,,15693902
512,33,6,121685.31,2,1,1,83681.97,0,False,False,False,0.0,,15578307
704,39,2,111525.02,1,1,0,199484.96,0,False,False,True,0.11,Low,15585379
474,26,6,0.0,2,0,0,152491.22,0,False,False,True,0.06,Low,15758510
604,36,10,113546.3,1,1,1,134875.37,0,True,False,True,0.02,Low,15692918
683,41,6,95696.52,2,1,1,184366.14,0,False,False,True,0.02,Low,15705301
537,28,0,88963.31,2,1,1,189839.93,0,False,False,True,0.01,Low,15718231
794,31,0,144880.34,2,0,1,175643.44,0,False,True,True,0.02,Low,15567991
732,55,9,136576.02,1,0,1,3268.17,1,False,False,True,0.7,Medium,15772650
495,38,2,63093.01,1,1,1,47089.72,0,False,False,False,0.04,Low,15574795
552,38,10,132271.12,2,1,1,46562.02,0,True,False,True,0.0,,15706036
602,29,3,88814.4,2,1,1,62487.97,0,False,False,False,0.01,Low,15723856
607,40,5,90594.55,1,0,1,181598.25,0,True,False,True,0.13,Low,15812920
675,33,0,141816.25,1,1,0,64815.05,1,True,False,False,0.73,High,15691287
443,54,3,138547.97,1,1,1,70196.23,1,False,False,False,0.75,High,15804797
727,31,2,52192.08,2,0,1,160383.47,0,False,False,False,0.02,Low,15708650
482,38,4,124976.19,1,1,0,35848.12,0,False,False,True,0.15,Low,15712777
686,34,1,0.0,2,1,0,87278.48,0,False,False,False,0.02,Low,15786469
588,35,3,104356.38,1,1,0,94498.82,0,True,False,True,0.08,Low,15669219
605,48,10,150315.92,1,0,1,133486.36,0,False,True,False,0.14,Low,15641004
583,39,1,129299.28,2,1,0,73107.6,0,False,False,True,0.02,Low,15648067
738,37,7,140950.92,2,1,0,195333.98,0,True,False,True,0.02,Low,15704014
744,30,1,128065.12,1,1,0,121525.48,0,False,True,True,0.01,Low,15645136
781,23,2,107433.48,1,1,0,173843.21,0,False,False,True,0.01,Low,15709604
699,34,2,117468.67,1,1,0,185227.42,0,False,False,True,0.02,Low,15713637
639,27,2,0.0,2,0,0,125244.18,0,False,False,False,0.01,Low,15793901
583,27,4,0.0,3,1,0,163113.41,0,False,False,False,0.24,Low,15569759
587,42,1,0.0,1,0,0,123006.91,0,False,False,True,0.08,Low,15712930
694,40,9,0.0,2,1,0,40463.03,0,False,False,True,0.04,Low,15586504
570,29,4,153040.03,1,1,1,131363.57,1,False,False,False,0.01,Low,15677317
692,45,6,142084.04,4,1,0,188305.85,1,True,False,True,0.93,High,15664270
511,30,5,0.0,2,1,0,143994.86,0,False,False,False,0.0,,15731519
788,32,4,112079.58,1,0,0,89368.59,0,False,False,True,0.0,,15745623
526,66,7,132044.6,2,1,1,158365.89,0,False,True,True,0.03,Low,15813862
749,46,9,66582.81,1,1,0,78753.12,1,False,True,False,0.69,Medium,15641934
691,33,6,0.0,2,1,1,100408.31,0,False,False,False,0.02,Low,15713043
481,39,6,0.0,1,1,1,24677.54,0,False,False,False,0.17,Low,15700749
752,33,4,0.0,2,1,1,39570.78,0,False,False,True,0.0,,15697567
658,38,6,102895.1,1,0,0,155665.76,0,False,False,False,0.06,Low,15715414
679,42,2,0.0,1,1,1,168294.27,0,False,True,True,0.08,Low,15639530
754,27,7,117578.35,2,0,1,87908.01,0,True,False,True,0.08,Low,15726058
679,47,10,198546.1,2,1,0,191198.92,1,False,False,True,0.78,High,15725665
633,39,2,0.0,2,0,0,191207.03,0,False,True,False,0.03,Low,15698872
674,31,1,0.0,1,1,0,128954.05,0,False,False,False,0.15,Low,15812184
600,28,2,116623.31,1,0,1,59905.29,0,True,False,True,0.02,Low,15742609
645,49,8,0.0,2,1,0,162012.6,0,False,True,True,0.01,Low,15815043
698,36,6,0.0,2,0,1,19231.98,0,False,False,True,0.01,Low,15640648
508,54,10,0.0,1,1,1,175749.36,0,False,True,True,0.22,Low,15627203
555,44,3,105770.7,3,1,0,60533.96,1,False,False,False,0.98,High,15786196
751,48,9,0.0,1,1,0,137508.42,1,False,False,False,0.89,High,15612095
738,39,1,94435.45,2,0,1,189430.86,0,False,False,False,0.01,Low,15674368
706,39,8,112889.91,1,0,1,6723.66,0,True,False,False,0.17,Low,15783477
595,53,7,0.0,2,1,0,41371.68,1,False,False,False,0.8,High,15757559
577,43,3,127940.47,1,0,0,125140.72,1,True,False,False,0.39,Medium,15591036
578,36,8,129745.1,1,1,1,143683.75,0,True,False,False,0.23,Low,15761241
699,32,3,0.0,2,1,1,170770.44,0,False,False,True,0.01,Low,15695078
826,30,5,0.0,2,0,1,157397.57,0,False,False,False,0.03,Low,15645744
656,46,7,141535.52,1,1,0,50595.15,1,True,False,False,0.93,High,15566988
556,47,2,139914.27,1,1,1,50390.98,0,False,False,False,0.18,Low,15749300
569,41,4,120243.49,1,1,0,163150.03,1,False,False,True,0.66,Medium,15594340
765,34,9,91835.16,1,0,0,138280.17,0,False,False,True,0.02,Low,15607065
544,37,2,0.0,2,0,0,135067.02,0,False,True,True,0.0,,15778089
588,22,9,67178.19,1,1,1,163534.75,1,False,True,False,0.73,High,15773723
740,31,8,0.0,2,0,0,86657.48,0,False,True,False,0.0,,15697035
850,38,7,115378.94,1,0,1,162087.82,0,False,True,True,0.04,Low,15679668
766,30,4,127786.28,2,1,1,28879.3,0,True,False,True,0.04,Low,15709861
849,41,6,0.0,2,1,1,169203.51,1,False,False,False,0.1,Low,15791958
612,33,0,64900.32,2,1,0,102426.12,0,False,False,False,0.03,Low,15791030
517,53,0,109172.88,1,1,0,54676.1,1,True,False,True,0.95,High,15695339
645,55,7,0.0,2,1,1,18369.33,0,False,False,False,0.05,Low,15658813
696,43,4,114091.38,1,0,1,159888.1,0,True,False,True,0.13,Low,15715709
716,40,3,0.0,2,0,1,167636.15,0,False,False,False,0.02,Low,15722533
590,32,9,0.0,2,1,0,138889.15,0,False,False,True,0.0,,15683118
656,45,7,145933.27,1,1,1,199392.14,0,False,False,False,0.1,Low,15672798
473,35,7,131504.73,1,1,0,189560.43,0,True,False,False,0.06,Low,15680112
742,44,8,107926.02,1,0,1,17375.27,1,True,False,False,0.84,High,15714575
834,57,8,112281.6,3,1,0,140225.14,1,True,False,False,0.91,High,15806808
721,41,7,0.0,2,0,1,61018.85,0,False,False,True,0.01,Low,15590637
590,29,10,0.0,1,1,1,51907.72,1,False,True,True,0.67,Medium,15657535
516,31,7,0.0,1,1,0,47018.75,0,False,True,False,0.15,Low,15696141
850,33,0,124781.67,1,0,1,33700.52,0,False,False,True,0.05,Low,15811947
748,39,9,132865.56,1,1,1,59636.43,1,False,False,False,0.66,Medium,15649024
798,38,4,129055.13,1,1,0,157147.59,0,True,False,False,0.1,Low,15594928
612,76,6,96166.88,1,1,1,191393.26,0,True,False,True,0.04,Low,15765532
540,40,3,165298.12,1,0,1,199862.75,0,False,False,False,0.1,Low,15741719
719,33,7,0.0,2,1,0,20016.59,0,False,True,False,0.01,Low,15665629
598,48,6,120682.53,1,1,0,30635.52,1,False,False,True,0.8,High,15728917
796,32,5,102773.15,2,0,1,117832.88,0,False,True,True,0.02,Low,15762993
579,42,0,144386.32,1,1,1,22497.1,1,True,False,True,0.81,High,15571193
850,40,7,104449.8,1,1,1,747.88,0,True,False,False,0.16,Low,15653521
599,35,6,137102.65,1,0,0,76870.81,0,False,True,True,0.07,Low,15802220
724,30,9,142475.87,1,1,1,107848.24,0,False,False,False,0.03,Low,15644132
508,43,9,0.0,1,1,0,103726.71,0,False,False,False,0.16,Low,15600832
773,37,2,103195.2,2,1,0,178268.36,0,False,True,True,0.02,Low,15797919
526,28,1,112070.44,1,0,1,126281.83,0,False,False,True,0.03,Low,15603743
542,29,7,0.0,2,0,1,196651.72,0,False,False,False,0.01,Low,15579714
470,35,1,96473.59,1,0,0,5962.3,0,False,False,True,0.03,Low,15634295
805,37,5,0.0,2,1,0,21928.81,0,False,True,True,0.0,,15786680
548,49,9,108437.89,1,0,0,127022.87,1,True,False,True,0.96,High,15623499
672,37,5,153195.59,1,1,1,162763.01,0,False,False,True,0.0,,15691823
773,45,8,96877.21,1,1,1,113950.51,0,False,False,True,0.12,Low,15809279
614,44,6,0.0,2,0,1,104930.46,0,False,False,True,0.04,Low,15758039
537,38,10,0.0,1,0,0,52337.97,1,False,False,False,0.75,High,15807163
704,40,6,95452.89,1,0,1,179964.55,0,False,False,False,0.03,Low,15631639
586,41,3,63873.56,1,1,0,83753.64,0,False,True,True,0.08,Low,15713770
677,24,0,148298.59,2,0,0,182913.95,0,False,False,False,0.13,Low,15698167
558,31,7,0.0,2,1,0,166720.28,0,False,True,False,0.0,,15781710
634,37,7,143258.85,2,1,0,192721.98,0,True,False,False,0.06,Low,15801296
655,37,9,121342.24,1,1,1,180241.44,0,True,False,True,0.1,Low,15704378
619,28,6,99152.73,2,1,0,48475.12,0,True,False,False,0.09,Low,15767891
662,41,4,0.0,2,1,0,126551.48,0,False,False,False,0.0,,15640667
705,33,7,68423.89,1,1,1,64872.55,0,False,True,True,0.03,Low,15702145
527,35,8,0.0,1,1,0,98031.53,1,False,True,False,0.77,High,15679738
630,25,7,79656.81,1,1,0,93524.22,0,True,False,False,0.09,Low,15636634
850,35,2,0.0,2,1,1,56991.66,0,False,False,True,0.01,Low,15809227
668,53,10,110240.04,1,0,0,183980.56,1,False,False,False,0.97,High,15601811
573,32,9,125321.84,2,1,1,130234.63,0,False,False,False,0.03,Low,15625494
680,27,3,0.0,1,1,0,32454.26,0,False,False,True,0.04,Low,15723737
758,32,2,84378.9,1,1,1,75396.43,0,False,False,False,0.0,,15682955
597,45,7,0.0,2,0,0,167756.45,0,False,False,True,0.0,,15758856
580,35,10,136281.41,2,1,1,24799.47,0,True,False,True,0.01,Low,15746065
622,59,5,119380.37,1,1,1,60429.43,0,False,False,True,0.09,Low,15783865
638,62,4,108716.59,2,1,1,74241.09,0,True,False,True,0.08,Low,15745455
640,20,4,0.0,2,0,1,78310.82,0,False,False,False,0.01,Low,15583033
644,28,0,0.0,2,1,0,119419.37,0,False,True,True,0.07,Low,15644212
753,31,6,106596.29,1,0,0,91305.77,0,False,False,False,0.02,Low,15735688
629,37,10,99546.25,3,0,1,25136.95,1,False,False,False,0.97,High,15658577
775,30,5,0.0,1,1,0,193880.6,1,False,False,False,0.3,Low,15606887
701,41,2,0.0,1,1,0,47856.78,0,False,False,False,0.17,Low,15783026
708,19,7,112615.86,1,1,1,4491.77,0,False,True,True,0.02,Low,15579892
521,22,10,0.0,1,1,1,101311.95,0,False,True,False,0.31,Medium,15802088
636,24,9,0.0,2,0,1,38830.72,0,False,False,False,0.02,Low,15589323
529,31,5,0.0,2,1,0,26817.23,0,False,False,False,0.0,,15636395
757,28,3,75381.15,1,1,1,199727.72,0,False,False,True,0.07,Low,15712772
767,24,5,0.0,2,1,1,67445.85,0,False,True,False,0.0,,15700937
525,33,5,0.0,2,1,0,161002.29,0,False,True,True,0.01,Low,15766659
759,38,1,0.0,2,1,0,20778.39,0,False,True,True,0.04,Low,15814033
520,45,1,123086.39,1,1,1,41042.4,1,True,False,False,0.9,High,15783007
738,26,3,0.0,2,1,0,67484.16,0,False,False,False,0.01,Low,15654183
548,37,4,0.0,1,1,0,121763.68,0,False,True,True,0.08,Low,15609899
535,48,9,109472.47,1,1,0,157358.43,1,False,True,True,0.82,High,15747323
615,59,4,155766.05,1,1,1,110275.17,0,False,True,True,0.1,Low,15582591
850,38,7,101985.81,2,0,0,43801.27,0,True,False,True,0.06,Low,15738835
487,34,2,96019.5,1,0,0,9085.0,0,False,False,False,0.08,Low,15782404
731,30,7,0.0,2,0,1,143086.09,0,False,False,True,0.01,Low,15697480
726,35,9,0.0,2,0,1,100556.98,0,False,True,False,0.03,Low,15697045
609,35,2,147900.43,1,1,0,140000.29,0,False,False,False,0.05,Low,15781234
714,52,4,100755.66,1,1,1,186775.25,0,False,False,True,0.21,Low,15579891
694,35,7,0.0,1,1,0,133570.43,1,False,True,False,0.76,High,15805690
786,33,0,83036.05,1,0,1,154990.58,1,False,False,False,0.65,Medium,15612139
698,27,6,125427.37,2,0,0,27654.44,0,False,True,True,0.01,Low,15568834
601,46,3,98202.76,1,0,0,137763.93,0,False,False,False,0.21,Low,15709917
769,41,1,72509.91,1,1,0,25723.73,0,False,True,True,0.15,Low,15718843
850,44,3,140393.65,2,0,1,186285.52,0,True,False,True,0.15,Low,15799494
646,50,5,142644.64,2,1,1,142208.5,1,False,True,False,0.73,High,15673439
659,44,9,23503.31,1,0,1,169862.01,1,False,False,False,0.38,Medium,15669011
487,33,8,145729.71,1,1,0,41365.85,0,False,True,True,0.05,Low,15581388
740,40,2,122295.17,2,1,1,30812.84,0,True,False,False,0.12,Low,15743153
686,39,4,0.0,2,1,0,155023.93,0,False,False,True,0.0,,15579787
612,36,5,119799.27,2,1,0,159416.58,0,False,True,False,0.14,Low,15759966
655,37,8,163708.58,2,0,0,76259.23,0,False,True,True,0.04,Low,15601045
617,34,1,61687.33,2,1,0,105965.25,0,False,False,True,0.0,,15764021
674,27,4,79144.34,1,0,1,50743.83,0,False,False,False,0.01,Low,15687218
711,32,5,0.0,2,1,1,147720.27,0,False,True,True,0.0,,15626452
624,27,7,104848.68,1,1,1,167387.36,0,True,False,False,0.08,Low,15700964
597,26,5,0.0,2,0,1,95159.13,0,False,True,True,0.01,Low,15768887
682,46,4,0.0,1,1,1,4654.28,0,False,True,True,0.14,Low,15735358
775,45,8,0.0,1,1,0,130376.68,0,False,False,True,0.14,Low,15749472
727,29,1,146652.01,1,1,1,173486.39,0,False,False,False,0.02,Low,15685872
629,31,6,0.0,2,1,0,93881.75,0,False,False,True,0.01,Low,15760851
684,46,0,0.0,2,1,1,36376.97,0,False,False,True,0.08,Low,15734588
549,37,1,130622.34,2,1,1,128499.94,0,True,False,False,0.13,Low,15784594
593,69,2,187013.13,2,0,1,105898.69,0,True,False,True,0.04,Low,15606435
536,40,9,0.0,2,1,1,11959.03,0,False,True,True,0.04,Low,15790247
707,36,6,0.0,1,0,0,98810.78,0,False,False,False,0.09,Low,15676433
592,41,0,0.0,2,1,0,65906.07,0,False,True,True,0.04,Low,15625905
703,44,6,98862.54,1,1,0,151516.7,0,False,False,True,0.11,Low,15626414
723,45,4,0.0,2,1,0,37214.39,0,False,True,False,0.2,Low,15623220
452,52,1,98443.14,2,0,0,92033.98,0,True,False,True,0.21,Low,15752857
552,42,4,0.0,2,0,0,195692.3,0,False,True,True,0.05,Low,15677908
633,47,0,0.0,1,1,1,6342.84,1,False,False,False,0.85,High,15773013
479,23,9,123575.51,1,0,1,95148.28,0,True,False,False,0.14,Low,15623972
768,25,6,0.0,2,1,1,21215.67,0,False,False,True,0.0,,15738627
742,31,4,105239.1,1,1,1,19700.24,0,False,False,True,0.01,Low,15643392
668,56,9,110993.79,1,1,0,134396.64,1,True,False,True,1.0,High,15684868
707,44,3,0.0,2,1,1,135077.01,0,False,True,True,0.0,,15627854
754,39,7,157691.98,2,1,0,133600.89,1,False,True,True,0.06,Low,15669253
544,47,5,105245.21,1,0,0,99922.08,1,True,False,True,0.89,High,15758023
718,32,8,0.0,2,1,1,41399.33,0,False,True,True,0.0,,15574558
762,31,7,117687.35,1,1,1,159344.43,0,False,False,True,0.02,Low,15635256
772,23,2,0.0,2,1,0,18364.19,0,False,False,True,0.03,Low,15680399
691,37,7,123067.63,1,1,1,98162.44,1,True,False,False,0.71,High,15674720
502,45,0,0.0,1,0,0,84663.21,0,False,False,True,0.17,Low,15580249
563,34,6,0.0,2,0,0,36536.93,0,False,False,False,0.03,Low,15675431
676,41,4,101457.14,1,1,1,79101.67,0,False,False,False,0.02,Low,15698285
576,52,2,100549.43,2,1,1,16644.16,0,False,True,True,0.12,Low,15810775
629,35,4,174588.8,2,0,1,158420.14,0,False,True,True,0.1,Low,15678173
625,52,8,121161.57,1,1,0,48988.28,0,False,True,True,0.22,Low,15665222
628,45,9,0.0,2,1,1,96862.56,0,False,False,True,0.0,,15803908
471,36,5,90063.74,2,1,1,96366.7,0,True,False,False,0.06,Low,15586039
811,45,5,0.0,2,1,1,146123.19,0,False,False,False,0.08,Low,15802570
504,42,3,134936.97,2,0,0,135178.91,0,False,False,True,0.09,Low,15781451
687,24,3,110495.27,1,1,0,158615.41,0,False,False,False,0.1,Low,15721019
660,37,2,133200.09,1,0,0,71433.88,0,True,False,False,0.44,Medium,15738588
548,41,4,82596.8,1,0,1,55672.09,0,False,False,False,0.09,Low,15730657
609,31,9,103837.75,1,1,1,150218.11,0,True,False,True,0.01,Low,15739292
659,42,2,0.0,1,0,0,162734.31,1,False,True,False,0.43,Medium,15725945
526,52,8,93590.47,1,0,1,21228.71,1,False,False,True,0.36,Medium,15813159
725,40,8,104149.66,1,1,0,62027.9,0,True,False,True,0.3,Low,15636820
519,38,1,114141.64,1,1,1,60988.21,1,True,False,True,0.86,High,15603880
562,31,9,117153.0,1,1,1,108675.01,0,True,False,False,0.34,Medium,15619494
482,45,7,156353.46,1,1,0,72643.95,1,True,False,True,0.48,Medium,15596992
535,37,3,175534.78,2,1,1,9241.52,0,False,True,True,0.05,Low,15735025
561,27,9,135637.0,1,1,0,153080.4,1,False,False,False,0.72,High,15730759
661,30,7,0.0,2,1,0,72196.57,0,False,False,False,0.01,Low,15752912
771,27,2,0.0,2,1,1,199527.34,0,False,False,True,0.02,Low,15711316
545,26,7,0.0,2,0,1,156598.23,0,False,False,True,0.0,,15738785
850,33,2,83415.04,1,0,1,74917.64,0,True,False,False,0.14,Low,15777896
601,43,3,141859.12,2,1,1,111249.62,0,True,False,True,0.02,Low,15628963
712,38,7,132767.66,2,1,1,59115.77,0,True,False,True,0.04,Low,15742126
589,31,10,110635.32,1,1,0,148218.86,0,False,False,False,0.08,Low,15575623
600,37,8,177657.35,1,1,1,77142.32,0,False,True,True,0.01,Low,15741652
642,41,4,157777.58,1,1,0,67484.6,0,True,False,True,0.11,Low,15738884
575,47,9,107915.94,2,1,1,63452.18,1,True,False,True,0.62,Medium,15615050
570,57,5,86568.75,1,0,1,103660.31,0,True,False,False,0.17,Low,15803005
532,52,9,137755.76,1,1,0,163191.99,1,True,False,True,0.93,High,15743498
796,30,2,137262.71,2,1,0,62905.29,0,False,False,True,0.03,Low,15720463
833,32,6,0.0,1,1,1,44323.22,1,False,True,True,0.03,Low,15588695
642,36,6,0.0,2,1,1,97938.59,0,False,True,False,0.02,Low,15665802
655,28,10,0.0,2,0,1,126565.21,0,False,False,True,0.0,,15571144
736,50,9,116309.01,1,1,0,185360.4,1,True,False,True,0.98,High,15750731
617,34,0,131244.65,2,1,0,183229.02,0,False,False,False,0.03,Low,15605134
762,28,3,125155.83,2,1,1,106024.02,0,True,False,True,0.05,Low,15626044
703,35,5,140691.08,2,1,0,167810.26,0,True,False,True,0.02,Low,15737910
507,41,3,58820.32,2,1,1,138536.09,0,False,False,True,0.12,Low,15761076
581,26,3,105099.45,1,1,1,184520.0,1,True,False,False,0.62,Medium,15710105
593,31,9,0.0,2,0,1,20492.16,0,False,False,True,0.0,,15577402
648,23,9,168372.52,1,1,0,134676.72,0,False,False,True,0.04,Low,15803337
462,34,1,94682.56,2,1,0,138478.2,0,True,False,True,0.07,Low,15654372
596,36,2,0.0,2,0,1,125557.95,0,False,True,True,0.01,Low,15585867
627,44,5,0.0,2,1,0,82969.61,1,False,False,False,0.65,Medium,15662488
494,40,7,0.0,2,0,1,158071.69,0,False,False,True,0.04,Low,15604813
627,73,0,146329.73,1,0,1,43615.67,0,False,False,True,0.06,Low,15611644
850,37,2,0.0,2,1,0,119969.99,0,False,True,True,0.17,Low,15674928
632,49,5,167962.7,1,0,0,140201.21,0,False,False,False,0.28,Low,15656100
490,33,1,0.0,2,1,1,80792.83,0,False,False,True,0.01,Low,15764293
715,40,7,0.0,1,1,1,141359.11,0,False,False,True,0.25,Low,15636423
679,48,8,0.0,2,1,0,23344.94,0,False,False,True,0.03,Low,15607629
619,44,3,116967.68,1,1,0,5075.17,1,False,False,True,0.64,Medium,15577313
465,33,6,0.0,2,1,1,95500.98,0,False,True,False,0.05,Low,15714493
736,32,7,0.0,1,0,1,79082.62,0,False,True,True,0.03,Low,15643359
501,34,7,93244.42,1,0,1,199805.63,0,True,False,False,0.19,Low,15687913
535,29,5,0.0,2,0,1,52709.55,0,False,False,False,0.0,,15790935
759,33,2,0.0,2,1,0,56583.88,0,False,False,False,0.01,Low,15708693
819,35,1,0.0,2,0,1,3385.04,0,False,False,True,0.02,Low,15672016
533,43,4,80442.06,2,0,1,12537.42,0,True,False,True,0.03,Low,15727605
632,35,2,150561.03,2,0,0,64722.61,0,True,False,False,0.05,Low,15651144
686,60,9,0.0,3,1,1,75246.21,1,False,False,True,0.87,High,15749401
687,34,9,125474.44,1,1,0,198929.84,0,False,False,False,0.07,Low,15691874
667,33,4,127076.68,2,1,0,69011.66,0,True,False,False,0.02,Low,15620735
699,25,8,0.0,2,1,1,52404.47,0,False,True,False,0.05,Low,15769781
497,37,8,128650.11,2,1,1,163641.53,0,False,True,True,0.02,Low,15624611
780,33,6,145580.61,1,1,1,154598.56,0,False,True,False,0.08,Low,15773071
652,51,3,0.0,1,1,0,173989.47,1,False,False,False,0.97,High,15720371
477,47,9,144900.58,1,1,0,61315.37,1,False,False,True,0.76,High,15717984
652,37,4,0.0,2,1,0,143393.24,0,False,False,False,0.01,Low,15806407
488,31,8,97588.6,1,0,0,124210.53,0,False,False,False,0.03,Low,15785042
572,24,1,0.0,2,1,1,151460.84,0,False,False,True,0.01,Low,15809302
755,38,1,0.0,2,1,0,20734.81,0,False,False,False,0.01,Low,15677550
779,24,10,122200.31,2,1,0,43705.56,0,True,False,False,0.06,Low,15654096
693,46,3,151709.33,1,1,0,180736.24,0,False,True,False,0.2,Low,15617320
530,22,7,0.0,2,1,0,104170.48,0,False,True,False,0.02,Low,15653065
738,33,3,122134.4,2,0,1,27867.59,0,False,True,False,0.05,Low,15649112
690,31,2,137260.45,2,1,0,55387.28,0,True,False,True,0.01,Low,15690526
611,30,9,88594.14,1,1,0,196332.45,0,False,False,False,0.04,Low,15806945
643,34,6,0.0,2,1,1,116046.22,0,False,True,True,0.01,Low,15670066
632,41,8,127205.32,4,1,0,93874.87,1,True,False,True,0.95,High,15625761
727,31,10,96997.09,2,0,0,76614.04,0,False,True,False,0.0,,15761525
508,64,2,0.0,1,1,1,6076.62,0,False,False,False,0.15,Low,15735080
550,31,5,142200.19,2,1,1,122221.71,0,False,False,True,0.0,,15619537
754,39,3,160761.41,1,1,1,24156.03,0,True,False,False,0.06,Low,15598162
759,26,4,0.0,2,1,0,135394.62,0,False,False,True,0.01,Low,15694300
794,33,8,0.0,2,0,0,91340.02,0,False,True,True,0.0,,15637235
549,29,3,0.0,2,1,0,146090.38,0,False,False,True,0.0,,15612444
671,31,0,116234.61,1,1,0,172096.08,0,False,False,True,0.03,Low,15626457
756,26,5,155143.52,1,0,1,135034.57,1,True,False,False,0.59,Medium,15627995
632,21,1,0.0,2,1,0,84008.66,0,False,False,False,0.0,,15706128
579,38,8,0.0,2,0,0,91763.67,0,False,False,True,0.04,Low,15666430
748,34,5,84009.47,1,1,1,137001.1,0,False,False,True,0.03,Low,15627385
488,28,7,139246.22,2,1,0,106799.49,0,True,False,False,0.05,Low,15581323
710,58,7,170113.0,2,0,1,10494.64,0,True,False,True,0.03,Low,15608109
619,41,8,0.0,3,1,1,79866.73,1,False,True,False,0.9,High,15801942
773,64,2,145578.28,1,0,1,186172.85,0,False,False,True,0.03,Low,15567431
657,75,7,126273.95,1,0,1,91673.6,0,False,True,True,0.03,Low,15810167
579,26,10,162482.76,1,1,1,18458.2,0,False,False,False,0.06,Low,15644501
542,29,9,0.0,1,1,0,8342.35,0,False,False,True,0.03,Low,15785290
709,32,2,87814.89,1,1,0,138578.37,0,False,False,False,0.01,Low,15611157
617,61,3,113858.95,1,1,1,38129.22,0,False,True,True,0.01,Low,15673837
568,43,5,87612.64,4,1,1,107155.4,1,True,False,True,0.98,High,15656822
769,73,1,0.0,1,1,1,29792.11,0,False,False,False,0.11,Low,15580560
608,26,1,106648.98,1,0,1,7063.6,0,True,False,True,0.1,Low,15760641
503,31,4,0.0,2,1,1,21645.06,0,False,True,True,0.01,Low,15587584
608,38,8,103653.51,2,1,1,137079.86,0,True,False,False,0.23,Low,15604146
731,37,3,116880.53,1,0,0,172718.35,1,True,False,True,0.73,High,15813974
850,40,4,97990.49,2,0,0,106691.02,0,True,False,False,0.05,Low,15746986
591,34,4,150635.3,1,1,1,72274.84,0,True,False,False,0.09,Low,15759741
579,37,4,0.0,2,1,1,32246.63,0,False,True,True,0.0,,15734892
570,39,10,129674.89,2,1,0,80552.36,0,False,False,True,0.03,Low,15797194
709,37,9,0.0,2,1,0,16733.59,0,False,False,False,0.05,Low,15723786
611,53,3,83568.26,1,0,0,1235.49,0,False,False,True,0.27,Low,15642726
775,48,4,178144.91,2,0,0,50168.41,1,False,True,True,0.85,High,15664339
699,36,6,147137.74,1,1,1,33687.9,0,True,False,True,0.05,Low,15754526
618,37,5,0.0,1,0,1,178705.45,1,False,False,True,0.69,Medium,15703037
704,36,3,114370.41,1,0,1,66810.48,0,False,False,True,0.0,,15751412
835,47,5,108289.28,2,1,1,45859.55,1,True,False,False,0.73,High,15609558
714,39,3,149887.49,2,1,0,63846.36,0,True,False,True,0.02,Low,15572408
581,43,4,170172.9,1,0,1,100236.02,0,False,True,False,0.07,Low,15613923
592,27,3,0.0,2,1,1,19645.65,0,False,False,True,0.0,,15747000
551,43,7,0.0,2,1,0,178393.68,0,False,False,True,0.03,Low,15731781
689,28,2,64808.32,2,0,0,78591.15,0,True,False,False,0.02,Low,15727198
604,56,0,62732.65,1,0,1,124954.56,0,False,False,False,0.18,Low,15794273
514,41,7,0.0,2,1,1,3756.65,0,False,False,False,0.01,Low,15804950
698,29,5,95167.55,1,1,1,152723.23,0,False,False,True,0.03,Low,15576304
581,54,2,152508.99,1,1,0,187597.98,1,True,False,False,0.92,High,15645200
573,31,0,134644.19,1,1,1,70381.49,0,True,False,True,0.04,Low,15779627
449,33,8,0.0,2,0,0,156792.89,0,False,True,False,0.05,Low,15750755
850,31,3,51293.47,1,0,0,35534.68,0,True,False,False,0.3,Low,15569654
612,41,5,0.0,3,0,0,151256.22,0,False,False,True,0.67,Medium,15753079
690,49,8,116622.73,1,0,1,51011.29,0,False,True,True,0.16,Low,15684995
599,49,2,0.0,2,1,0,111190.53,0,False,True,False,0.05,Low,15790763
498,33,1,198113.86,1,1,0,69664.35,0,False,False,True,0.08,Low,15766458
497,29,4,85646.81,1,0,0,63233.02,1,False,False,False,0.64,Medium,15616221
802,51,7,0.0,1,0,1,40855.79,0,False,True,True,0.18,Low,15776124
644,33,9,141234.98,1,1,0,95673.05,0,False,False,True,0.0,,15665811
714,34,10,0.0,2,1,1,80234.14,0,False,False,True,0.01,Low,15729804
690,40,9,77641.99,1,0,0,189051.59,1,False,False,False,0.32,Medium,15714062
522,30,3,0.0,2,1,0,145490.85,0,False,True,True,0.01,Low,15592197
502,40,7,117304.29,1,0,0,196278.32,0,True,False,False,0.18,Low,15793116
730,62,2,0.0,2,1,1,162889.1,0,False,True,False,0.09,Low,15638231
590,36,6,92340.69,2,1,1,174667.58,0,True,False,True,0.03,Low,15697678
458,35,9,146780.52,2,1,1,3476.38,0,True,False,True,0.01,Low,15800412
553,41,6,144974.55,1,1,1,19344.92,0,False,True,True,0.06,Low,15597610
479,47,1,0.0,1,1,0,95270.83,0,False,False,True,0.72,High,15726634
693,31,2,0.0,2,1,1,107759.31,0,False,False,True,0.03,Low,15670866
707,43,10,0.0,2,1,0,118368.2,0,False,True,True,0.02,Low,15667462
636,37,1,115137.26,1,1,0,52484.01,0,False,True,True,0.07,Low,15662574
807,33,10,101952.97,2,1,0,178153.65,0,False,False,True,0.02,Low,15716926
513,45,0,164649.52,3,1,0,49915.52,1,False,False,False,0.88,High,15603554
582,31,2,0.0,2,1,1,33747.03,0,False,False,True,0.0,,15716800
694,32,0,91956.49,1,1,1,59961.81,0,False,False,True,0.04,Low,15679429
777,39,8,0.0,2,1,1,18613.52,0,False,False,True,0.0,,15616122
598,32,9,123938.6,2,1,0,198894.42,0,True,False,True,0.07,Low,15742172
762,46,6,123571.77,3,0,1,57014.17,1,True,False,True,0.97,High,15792305
588,34,3,120777.88,1,1,1,131729.52,0,False,False,False,0.0,,15636016
663,42,5,90248.79,1,1,1,79169.73,0,True,False,True,0.06,Low,15733138
777,36,7,0.0,1,1,0,106472.34,0,False,False,True,0.1,Low,15669741
592,71,4,0.0,2,0,1,17013.54,0,False,False,True,0.02,Low,15616954
631,48,1,106396.48,1,1,1,150661.42,1,True,False,True,0.74,High,15729238
725,47,1,104887.43,1,0,0,86622.56,1,True,False,False,0.92,High,15718242
850,34,2,72079.71,1,1,1,115767.93,0,False,False,True,0.03,Low,15682914
540,37,6,0.0,2,1,0,141998.89,0,False,False,True,0.01,Low,15654274
674,36,2,0.0,2,1,1,182787.17,0,False,True,True,0.0,,15691457
553,38,3,99844.68,1,0,0,187915.7,0,False,False,True,0.09,Low,15719649
630,28,1,0.0,2,1,1,133267.78,0,False,False,False,0.01,Low,15778897
466,26,3,156815.71,1,1,1,137476.09,0,False,False,True,0.02,Low,15589437
613,47,6,146034.74,1,1,1,77146.14,0,False,False,True,0.06,Low,15682369
558,27,1,152283.39,1,1,0,183271.15,0,False,False,True,0.11,Low,15626507
775,33,1,118897.1,2,1,1,26362.4,0,True,False,False,0.09,Low,15571995
698,52,8,96781.39,1,1,1,153373.71,0,True,False,True,0.15,Low,15673333
608,33,1,102772.67,2,1,0,70705.58,0,True,False,True,0.04,Low,15748752
670,20,4,0.0,2,1,0,119759.24,0,False,True,False,0.06,Low,15725302
591,39,8,0.0,2,0,0,42392.24,0,False,True,True,0.01,Low,15722083
633,40,4,150578.0,1,0,1,34670.62,1,False,False,True,0.6,Medium,15771442
678,46,1,0.0,2,0,0,82106.19,0,False,False,False,0.07,Low,15803633
590,47,3,0.0,2,1,0,171774.5,0,False,False,True,0.04,Low,15672185
705,48,0,0.0,2,0,0,149772.61,0,False,False,False,0.18,Low,15806486
608,42,10,163548.07,1,1,0,38866.85,0,False,False,True,0.11,Low,15570895
682,37,8,148580.12,1,1,0,35179.18,0,False,False,False,0.04,Low,15614520
596,32,3,96709.07,2,0,0,41788.37,0,True,False,True,0.04,Low,15687492
395,34,5,106011.59,1,1,1,17376.57,1,True,False,False,0.79,High,15675337
578,37,1,135650.88,1,1,0,199428.19,0,True,False,True,0.22,Low,15721047
547,55,4,111362.76,3,1,0,16922.28,1,True,False,True,0.93,High,15589017
609,37,1,39344.83,1,1,1,178291.89,1,False,False,True,0.65,Medium,15611186
774,36,9,130809.77,1,1,0,152290.28,0,True,False,True,0.12,Low,15617301
712,27,2,133009.51,1,1,0,126809.15,0,False,False,False,0.02,Low,15726046
585,28,9,135337.49,2,1,1,40385.61,0,True,False,False,0.0,,15585748
666,32,10,112536.57,2,1,1,34350.54,0,False,False,False,0.04,Low,15672826
708,35,8,122570.69,1,0,0,199005.88,0,False,True,False,0.2,Low,15595162
513,44,1,63562.02,2,0,1,52629.73,1,False,False,True,0.71,High,15650026
445,37,3,0.0,2,1,1,180012.39,0,False,False,True,0.01,Low,15745826
690,44,9,100368.63,2,0,0,35342.33,0,True,False,True,0.03,Low,15708610
850,37,6,0.0,2,1,0,109291.22,0,False,False,True,0.01,Low,15624471
537,33,7,136082.0,1,1,0,62746.54,0,False,True,False,0.05,Low,15590097
705,48,9,114169.16,1,0,0,173273.2,1,True,False,True,0.92,High,15689328
670,45,5,47884.92,1,1,1,54340.24,0,False,False,False,0.03,Low,15582154
652,36,1,0.0,2,1,1,19302.78,0,False,True,False,0.04,Low,15734626
696,24,9,0.0,1,0,0,10883.52,0,False,True,True,0.1,Low,15702806
747,49,6,202904.64,1,1,1,17298.72,1,False,False,True,0.31,Medium,15620756
511,46,1,0.0,1,1,1,115779.48,1,False,False,False,0.9,High,15611331
743,43,2,161807.18,2,0,1,93228.86,1,False,True,True,0.25,Low,15576935
532,52,3,110791.97,1,1,0,148704.77,1,True,False,True,0.98,High,15661275
642,33,9,0.0,2,1,1,150475.14,0,False,True,False,0.01,Low,15814940
554,54,6,108755.0,1,1,0,40914.32,1,True,False,False,0.98,High,15768471
604,34,3,0.0,2,1,0,38587.7,0,False,True,False,0.03,Low,15697391
602,72,3,0.0,2,1,1,171260.66,0,False,False,False,0.03,Low,15793346
757,55,9,117294.12,4,1,0,94187.47,1,False,True,False,0.98,High,15608338
491,26,4,102251.14,1,1,1,145900.89,0,True,False,True,0.08,Low,15578546
850,31,4,0.0,2,0,0,152298.28,0,False,False,True,0.0,,15656921
521,22,5,0.0,2,1,1,99828.45,0,False,False,True,0.02,Low,15761340
726,37,2,132057.92,2,1,0,34743.98,0,False,False,True,0.04,Low,15591135
596,33,8,0.0,1,1,0,121189.3,1,False,False,True,0.74,High,15623219
850,35,7,114285.2,1,0,1,129660.59,0,True,False,False,0.13,Low,15655229
637,41,9,0.0,2,1,0,145477.36,0,False,False,False,0.05,Low,15805884
690,32,2,76087.98,1,0,1,151822.66,0,False,True,True,0.04,Low,15668289
689,40,8,160272.27,1,1,0,49656.24,0,False,False,True,0.04,Low,15568562
633,63,4,114552.6,1,1,0,73856.28,1,False,True,True,0.63,Medium,15773276
555,27,8,102000.17,1,1,1,116757.0,0,False,False,False,0.01,Low,15622801
563,24,7,0.0,2,0,0,16319.56,0,False,True,True,0.0,,15779886
494,33,1,137853.0,1,0,1,90273.85,0,False,False,False,0.05,Low,15713673
534,27,9,0.0,2,1,0,161344.13,0,False,False,True,0.0,,15783083
696,42,7,162318.61,1,1,0,121061.89,0,True,False,True,0.04,Low,15742824
535,50,1,140292.58,3,0,0,69531.22,1,False,True,False,0.98,High,15621550
600,34,0,0.0,2,0,1,3756.23,0,False,False,True,0.01,Low,15799480
807,34,1,0.0,1,0,0,114448.13,0,False,False,False,0.17,Low,15625247
714,52,2,0.0,1,0,1,144045.08,1,False,False,False,0.79,High,15755241
590,24,7,126431.54,1,1,0,58781.11,0,False,False,True,0.07,Low,15575679
614,41,3,123475.04,1,1,1,179227.52,0,False,False,False,0.15,Low,15668235
766,45,6,97652.96,1,1,0,127332.33,0,True,False,False,0.36,Medium,15683183
557,42,4,0.0,2,0,1,86642.38,0,False,True,True,0.0,,15684592
788,49,4,137455.99,1,1,0,184178.29,1,True,False,False,0.86,High,15591169
648,38,2,0.0,2,0,1,9551.49,0,False,False,False,0.05,Low,15653455
726,33,7,99046.31,2,1,1,56053.06,0,True,False,False,0.03,Low,15732563
773,33,9,0.0,2,1,1,1118.31,0,False,False,True,0.0,,15656471
583,27,4,105907.42,2,1,1,195732.04,0,True,False,True,0.01,Low,15598510
565,52,5,97720.35,2,1,0,175070.94,1,True,False,True,0.68,Medium,15766427
705,25,9,0.0,2,0,1,112331.19,0,False,False,True,0.01,Low,15785342
685,43,4,97392.18,2,1,0,43956.83,0,False,True,True,0.05,Low,15641595
741,29,8,0.0,2,1,1,115994.52,0,False,False,True,0.0,,15798429
658,28,9,152812.58,1,1,0,166682.57,0,True,False,False,0.03,Low,15648136
575,27,3,139301.68,1,1,0,99843.98,0,False,False,True,0.03,Low,15812482
844,41,10,76319.64,1,1,1,141175.18,1,False,False,False,0.81,High,15790810
559,67,9,125919.35,1,1,0,175910.95,1,False,True,True,0.8,High,15687421
725,37,6,124348.38,2,0,1,176984.34,0,False,False,True,0.0,,15765643
450,29,7,117199.8,1,1,1,43480.63,0,False,False,True,0.01,Low,15654878
738,57,9,148384.64,1,0,0,155047.11,1,True,False,False,0.96,High,15686835
642,19,3,113905.48,1,1,1,176137.2,0,True,False,False,0.1,Low,15768340
618,32,5,133476.09,1,0,1,154843.4,0,False,True,True,0.01,Low,15673599
590,47,0,117879.32,1,1,1,8214.46,0,False,False,True,0.34,Medium,15689096
735,50,2,0.0,2,0,1,147075.69,0,False,False,True,0.02,Low,15684294
550,34,8,122359.5,1,0,0,116495.55,0,False,False,True,0.03,Low,15615828
729,28,0,0.0,2,1,1,31165.06,1,False,True,False,0.59,Medium,15746012
743,59,5,108585.35,1,1,1,192127.22,1,True,False,True,0.65,Medium,15615797
555,31,8,145875.74,1,1,0,137491.23,0,False,False,True,0.01,Low,15788494
667,36,3,121542.57,2,1,1,186841.71,0,False,True,False,0.03,Low,15793856
790,41,7,109508.68,1,0,0,86776.38,0,False,True,False,0.21,Low,15629545
727,34,2,146407.11,1,1,1,72073.72,0,True,False,True,0.15,Low,15661198
744,39,6,0.0,1,0,0,10662.58,0,False,False,False,0.13,Low,15715117
629,35,8,112330.83,1,1,1,91001.02,0,True,False,True,0.03,Low,15701074
619,35,4,90413.12,1,1,1,20555.21,0,False,False,False,0.03,Low,15793046
634,34,8,105302.66,1,1,1,123164.97,0,False,False,True,0.01,Low,15623744
608,35,6,0.0,2,1,1,143463.28,0,False,True,False,0.01,Low,15611329
507,35,1,0.0,2,0,0,92131.54,0,False,False,False,0.04,Low,15740428
536,35,4,121520.36,1,0,0,77178.42,0,True,False,False,0.13,Low,15781534
730,43,1,103960.38,1,1,1,193650.16,0,False,True,False,0.05,Low,15618243
583,39,8,102945.01,1,0,0,52861.89,0,True,False,True,0.54,Medium,15784161
644,24,8,92760.55,1,1,0,35896.75,0,False,False,False,0.01,Low,15700325
790,37,8,0.0,2,1,1,149418.41,0,False,True,True,0.01,Low,15659064
807,40,1,134590.21,1,1,1,46253.65,0,True,False,False,0.31,Medium,15658364
581,37,10,104255.03,1,1,0,86609.37,0,False,False,False,0.11,Low,15704340
627,55,6,0.0,1,0,0,91943.94,1,False,True,False,0.96,High,15793455
850,41,3,0.0,2,1,0,128892.36,0,False,False,True,0.03,Low,15579777
754,35,4,0.0,2,1,0,44830.71,0,False,False,False,0.01,Low,15632345
551,50,1,121399.98,1,0,1,84508.44,1,True,False,True,0.91,High,15814468
637,35,8,147127.81,2,1,1,84760.7,0,True,False,True,0.01,Low,15754820
699,31,8,125927.51,2,1,0,147661.47,0,False,True,True,0.03,Low,15707505
542,25,7,0.0,2,0,1,82393.08,0,False,False,False,0.01,Low,15699507
640,48,1,111599.32,1,0,1,135995.58,0,True,False,True,0.71,High,15799600
553,27,3,0.0,2,0,0,159800.16,0,False,False,False,0.01,Low,15794472
741,38,9,0.0,2,1,0,14379.01,0,False,False,True,0.0,,15646632
598,35,8,114212.6,1,1,1,74322.85,0,False,False,True,0.0,,15676353
660,42,5,0.0,3,1,1,189016.24,1,False,True,False,0.89,High,15566312
618,41,4,115251.64,1,0,0,136435.75,0,False,True,True,0.07,Low,15570414
647,43,9,0.0,2,1,1,78488.39,0,False,False,True,0.0,,15776743
491,68,3,107571.61,1,0,1,113695.99,0,False,False,False,0.1,Low,15674637
652,32,2,0.0,2,1,0,54628.11,0,False,False,False,0.0,,15730418
650,45,9,152367.21,3,1,0,150835.21,1,True,False,False,0.92,High,15739972
413,39,1,130969.77,2,1,1,158891.79,0,True,False,True,0.06,Low,15661591
416,25,0,97738.97,2,1,1,160523.33,0,True,False,False,0.04,Low,15675585
629,34,8,0.0,2,1,1,180595.02,0,False,True,True,0.0,,15814750
678,40,4,113794.22,1,1,0,16618.76,0,False,True,False,0.18,Low,15593454
527,28,6,128396.33,2,1,0,79919.97,0,False,True,True,0.07,Low,15663421
743,48,5,118207.69,2,0,0,186489.14,1,False,True,False,0.49,Medium,15576196
683,73,9,124730.26,1,1,1,51999.5,0,True,False,True,0.05,Low,15677324
536,41,9,0.0,1,1,0,121299.14,0,False,False,False,0.21,Low,15568742
663,52,0,136298.65,1,1,0,144593.3,1,False,True,True,0.85,High,15693764
646,38,2,0.0,2,0,0,178752.73,0,False,False,False,0.01,Low,15714260
707,35,2,0.0,3,1,1,94148.3,0,False,False,True,0.12,Low,15798200
602,34,5,0.0,2,1,1,77414.45,0,False,False,True,0.0,,15656627
635,47,2,125724.95,2,1,0,63236.97,0,False,False,False,0.48,Medium,15791111
597,67,2,0.0,2,0,1,108645.85,0,False,False,True,0.01,Low,15638269
503,38,1,0.0,2,1,1,95153.24,0,False,False,True,0.01,Low,15807473
524,64,5,0.0,1,1,0,136079.64,1,False,True,False,0.9,High,15708534
700,46,5,95872.86,1,1,0,98273.01,1,False,False,True,0.76,High,15640686
692,33,9,0.0,1,1,0,113505.93,1,False,False,True,0.74,High,15588904
562,37,2,0.0,1,0,1,52525.15,1,False,False,True,0.78,High,15768763
679,37,7,74260.03,1,1,0,194617.98,0,False,False,True,0.06,Low,15770543
603,35,1,123407.69,1,1,0,152541.89,1,True,False,True,0.79,High,15642162
720,33,3,123783.91,2,1,1,142903.44,0,False,True,True,0.0,,15714046
797,24,5,0.0,2,1,0,182257.61,0,False,False,True,0.01,Low,15575060
594,36,6,153880.15,1,0,0,135431.72,0,False,False,True,0.03,Low,15812040
529,31,7,0.0,2,1,1,175697.87,0,False,False,False,0.0,,15812073
606,32,1,106301.85,2,0,1,59061.25,0,True,False,False,0.05,Low,15706810
621,40,7,0.0,2,0,1,131283.6,1,False,True,False,0.62,Medium,15584090
513,43,9,0.0,2,1,0,152499.8,0,False,False,False,0.1,Low,15810807
753,44,3,138076.47,1,1,0,15523.09,1,True,False,True,0.83,High,15582033
605,30,9,135422.31,1,0,1,186418.85,0,False,False,False,0.04,Low,15687607
574,37,7,0.0,2,1,0,32262.28,0,False,True,False,0.01,Low,15588406
726,38,5,126875.62,1,1,0,128052.29,0,False,False,False,0.02,Low,15784099
611,28,3,96381.68,2,1,0,181419.29,0,False,True,False,0.12,Low,15701352
593,41,4,119703.1,2,1,1,109783.29,0,True,False,False,0.1,Low,15789371
466,41,2,152102.18,2,1,0,181879.56,0,True,False,True,0.02,Low,15602845
741,36,0,127675.39,2,1,0,74260.16,0,True,False,False,0.1,Low,15707918
684,44,2,133776.86,2,0,1,49865.04,0,True,False,False,0.07,Low,15602812
550,33,9,72788.03,1,1,1,103608.06,0,False,True,False,0.05,Low,15675888
593,26,9,76226.9,1,1,0,167564.82,0,False,True,True,0.03,Low,15591822
601,48,9,163630.76,1,0,1,41816.49,1,True,False,True,0.76,High,15738501
676,30,5,0.0,2,0,0,179066.58,0,False,True,False,0.03,Low,15585907
556,46,10,0.0,2,0,0,109184.24,0,False,False,False,0.1,Low,15579040
719,36,3,155423.17,1,1,1,199841.32,0,False,False,True,0.04,Low,15804211
850,55,0,98710.89,1,1,1,83617.17,1,True,False,True,0.87,High,15736126
649,49,2,0.0,1,1,0,84863.85,1,False,True,False,0.95,High,15745399
509,41,7,126683.8,1,0,1,114775.53,0,False,True,True,0.07,Low,15760749
684,33,4,140700.61,1,1,0,103557.93,0,False,False,True,0.02,Low,15637118
806,30,8,168078.83,1,1,0,85028.36,1,True,False,True,0.68,Medium,15657829
729,44,4,107726.93,2,1,0,153064.87,0,False,True,True,0.28,Low,15738497
683,33,9,0.0,2,1,1,38784.42,0,False,False,False,0.02,Low,15690695
689,63,1,0.0,2,1,1,186526.12,0,False,True,False,0.08,Low,15762351
672,21,1,35741.69,1,1,0,28789.94,0,True,False,False,0.1,Low,15791172
602,53,5,98268.84,1,0,1,45038.29,1,True,False,False,0.79,High,15598982
739,20,4,133800.98,1,0,1,150245.81,0,False,False,False,0.05,Low,15734765
618,21,2,125682.79,1,0,0,57762.0,0,False,False,False,0.02,Low,15642912
674,42,9,0.0,2,1,0,4292.72,0,False,False,False,0.03,Low,15769516
762,26,6,130428.78,1,1,0,173365.89,0,False,False,True,0.02,Low,15789379
790,37,6,0.0,2,1,1,119484.01,0,False,True,True,0.0,,15695103
754,27,8,0.0,2,0,0,121821.16,0,False,True,False,0.0,,15801924
729,44,6,0.0,2,1,0,151733.43,0,False,False,True,0.01,Low,15767804
606,47,0,137138.2,2,0,1,53784.22,0,True,False,False,0.22,Low,15718039
616,23,8,73112.95,1,1,1,62733.05,0,False,False,True,0.03,Low,15579994
772,47,9,152347.01,1,0,1,17671.78,0,False,False,True,0.06,Low,15595037
652,41,8,115144.68,1,1,0,188905.43,0,False,True,True,0.18,Low,15600720
743,43,5,0.0,2,0,0,113079.19,1,False,False,True,0.05,Low,15782608
793,39,3,137817.52,1,0,0,83997.79,0,False,False,True,0.03,Low,15566894
743,45,7,157332.26,1,1,0,125424.42,0,False,True,True,0.3,Low,15749123
746,37,2,0.0,2,1,0,143194.05,0,False,False,True,0.06,Low,15668943
627,39,5,124586.93,1,1,0,93132.61,1,True,False,False,0.47,Medium,15577423
713,38,6,116980.78,2,0,1,76038.38,0,False,True,True,0.02,Low,15623102
678,40,3,128398.38,1,1,0,168658.3,0,False,True,False,0.09,Low,15728012
540,39,1,0.0,1,0,1,108419.41,0,False,True,True,0.07,Low,15683363
615,33,3,137657.25,2,1,1,171657.57,0,True,False,False,0.02,Low,15699335
415,53,5,167259.44,1,1,1,22357.25,0,False,True,True,0.21,Low,15574369
628,45,8,0.0,2,1,0,193903.06,0,False,False,False,0.09,Low,15703167
700,26,4,119009.57,1,1,0,141926.43,0,False,False,True,0.01,Low,15754874
623,33,2,80002.33,1,1,1,104079.62,0,True,False,True,0.01,Low,15723216
623,37,4,140211.88,1,1,1,93832.33,0,False,False,False,0.06,Low,15725094
679,44,3,118742.74,2,1,0,1568.91,0,False,False,False,0.08,Low,15647974
632,37,1,138207.08,1,1,0,60778.11,1,False,True,True,0.73,High,15583371
790,47,10,148636.21,1,0,1,16119.96,1,False,False,False,0.28,Low,15772559
514,45,1,178827.79,1,1,0,60375.18,0,False,False,True,0.2,Low,15711251
491,33,5,83134.3,1,1,0,187946.55,0,False,False,True,0.07,Low,15719212
753,92,3,121513.31,1,0,1,195563.99,0,False,False,True,0.03,Low,15764927
693,37,6,95900.04,1,1,1,38196.24,0,True,False,False,0.14,Low,15731412
679,30,1,112543.42,1,1,1,179435.21,0,False,False,False,0.03,Low,15719170
529,34,9,0.0,1,1,1,93208.22,0,False,True,True,0.03,Low,15596011
619,31,3,141751.82,1,0,1,61531.86,0,False,True,False,0.02,Low,15614834
680,37,6,124140.57,2,1,0,92826.35,0,False,True,False,0.05,Low,15600510
693,45,2,116546.59,2,0,0,23140.28,1,True,False,True,0.24,Low,15625706
834,28,6,0.0,1,1,0,74287.53,0,False,False,False,0.09,Low,15781409
636,29,6,157576.47,2,1,1,101102.39,0,False,True,False,0.02,Low,15722583
538,43,5,0.0,2,1,0,126933.73,0,False,True,True,0.08,Low,15677243
566,44,5,141428.99,2,0,0,68408.74,0,True,False,False,0.12,Low,15815070
597,35,0,127510.99,1,1,1,155356.34,0,False,True,True,0.08,Low,15705899
711,29,9,0.0,2,0,1,3234.8,0,False,False,False,0.03,Low,15701522
606,31,10,0.0,2,1,0,195209.4,0,False,False,True,0.0,,15755978
615,51,6,81818.49,1,1,1,169149.38,0,False,True,True,0.1,Low,15722090
589,36,1,100895.54,1,1,1,68075.14,0,False,False,True,0.06,Low,15783526
606,45,5,63832.43,1,1,1,93707.8,0,True,False,True,0.09,Low,15632125
582,29,4,0.0,2,0,0,156153.27,0,False,False,True,0.0,,15688395
710,36,4,116085.06,1,1,0,58601.61,0,False,False,False,0.01,Low,15666975
467,57,1,0.0,2,1,1,114448.77,0,False,False,True,0.09,Low,15682211
749,30,1,0.0,2,0,1,126551.65,0,False,False,True,0.0,,15637411
564,33,2,115761.51,1,0,1,112350.21,1,True,False,False,0.72,High,15591512
730,26,6,0.0,2,1,1,185808.7,0,False,True,True,0.0,,15606855
678,32,4,139626.01,1,1,1,118235.52,1,True,False,True,0.11,Low,15763683
540,31,7,0.0,1,0,1,183051.6,1,False,False,False,0.71,High,15641782
767,35,6,115576.44,1,0,1,27922.45,0,False,False,False,0.0,,15677184
615,23,4,0.0,2,1,0,196476.19,0,False,False,False,0.0,,15775042
583,41,5,77647.6,1,1,0,190429.52,0,True,False,False,0.08,Low,15616630
850,40,5,0.0,2,1,0,35034.15,0,False,False,False,0.01,Low,15800233
651,34,10,148962.46,1,1,0,66389.43,1,True,False,False,0.27,Low,15588419
798,22,8,0.0,2,1,0,107615.43,0,False,False,True,0.0,,15595557
695,37,2,0.0,2,1,1,99692.65,0,False,False,True,0.02,Low,15626143
497,41,5,80542.81,1,0,0,88729.22,1,True,False,True,0.11,Low,15566030
739,40,4,0.0,2,0,0,173321.65,0,False,False,True,0.03,Low,15701412
549,34,4,0.0,2,0,0,139463.57,0,False,False,False,0.0,,15702464
850,35,9,102050.47,1,1,1,3769.71,0,False,False,True,0.04,Low,15573348
648,49,5,0.0,1,1,0,149946.43,1,False,True,True,0.93,High,15704160
679,24,6,114948.76,2,0,1,135768.25,0,False,False,False,0.03,Low,15693704
606,39,8,136000.45,2,1,0,31708.53,0,True,False,True,0.04,Low,15664752
850,32,4,156001.68,2,1,1,151677.31,0,False,False,True,0.04,Low,15628292
619,41,3,147974.16,2,1,0,170518.83,0,True,False,True,0.08,Low,15621195
719,44,2,0.0,2,1,0,196582.19,0,False,True,True,0.12,Low,15668629
640,26,5,90402.77,1,1,1,3298.65,0,True,False,True,0.03,Low,15635197
710,40,5,0.0,2,0,0,162878.96,0,False,False,True,0.02,Low,15592761
580,31,2,0.0,2,0,1,64014.24,0,False,False,True,0.01,Low,15574283
550,44,9,0.0,2,1,0,26257.01,0,False,False,True,0.02,Low,15598097
841,31,3,162701.65,2,1,1,126794.56,0,False,False,False,0.01,Low,15711352
760,34,2,0.0,2,1,0,164162.44,0,False,False,True,0.01,Low,15620751
687,30,6,0.0,2,0,0,179206.92,0,False,False,False,0.0,,15656717
753,35,5,82453.96,2,0,0,18254.75,0,True,False,False,0.1,Low,15643121
661,35,9,100107.99,1,1,0,83949.68,0,False,False,True,0.03,Low,15723671
699,28,7,0.0,2,1,1,22684.78,0,False,False,True,0.02,Low,15752846
617,39,5,83348.89,3,1,0,7953.62,1,True,False,False,0.9,High,15640852
595,44,4,96553.52,2,1,0,143952.24,1,True,False,False,0.32,Medium,15789313
669,50,9,201009.64,1,1,0,158032.5,1,False,False,True,0.82,High,15793688
613,27,5,125167.74,1,1,0,199104.52,0,False,False,False,0.18,Low,15770405
782,32,9,0.0,1,1,1,87566.97,0,False,False,True,0.01,Low,15702561
582,43,5,153313.67,1,0,0,170563.73,0,False,False,False,0.2,Low,15625964
679,30,9,0.0,2,1,0,157871.55,0,False,False,True,0.0,,15761364
611,40,2,125879.29,1,1,0,93203.43,0,False,False,False,0.17,Low,15590286
455,37,6,170057.62,1,0,1,54398.56,0,True,False,False,0.05,Low,15587978
621,32,1,0.0,2,1,1,168779.47,0,False,False,True,0.0,,15773242
596,48,2,131326.47,1,0,0,1140.02,1,True,False,True,0.87,High,15761053
585,56,1,128472.8,1,1,0,186476.91,1,False,True,False,0.92,High,15702095
742,32,6,160485.16,1,1,0,29023.03,0,False,False,True,0.1,Low,15764253
850,42,6,84445.68,3,0,1,60021.34,1,True,False,True,0.92,High,15700801
738,40,1,115409.18,2,0,0,180456.8,0,True,False,False,0.09,Low,15730590
619,46,8,62400.48,1,1,1,132498.39,1,False,True,True,0.71,High,15643916
628,50,4,143054.56,1,0,1,109608.81,1,False,False,False,0.76,High,15720636
487,24,7,133628.09,2,1,1,98570.01,0,False,False,True,0.03,Low,15795429
513,41,9,107135.04,2,1,1,160546.58,0,False,True,False,0.08,Low,15609254
563,26,7,0.0,2,0,0,6139.74,0,False,True,True,0.0,,15625141
803,65,2,151659.52,2,0,1,6930.17,0,False,False,False,0.11,Low,15810898
607,32,7,0.0,3,0,1,10674.62,0,False,True,False,0.4,Medium,15775797
628,51,9,155903.82,2,1,1,71159.84,0,True,False,False,0.37,Medium,15795246
521,49,4,82940.25,2,0,0,62413.01,1,False,True,False,0.8,High,15795275
669,50,4,112650.89,1,0,0,166386.22,1,True,False,False,0.97,High,15571869
686,41,10,0.0,1,1,0,133086.45,0,False,False,False,0.19,Low,15694143
700,35,4,95853.39,2,1,0,192933.37,0,True,False,True,0.0,,15748231
663,42,1,82228.67,2,1,0,71359.78,0,False,False,False,0.0,,15632185
671,31,4,0.0,2,0,1,79270.02,0,False,True,False,0.01,Low,15806249
651,35,1,163700.78,3,1,1,29583.48,1,True,False,False,0.91,High,15743293
728,34,4,106328.08,1,1,0,88680.65,0,False,False,True,0.03,Low,15598157
574,34,7,152992.91,1,1,1,134691.2,0,False,False,False,0.01,Low,15700946
464,38,3,116439.65,1,1,0,75574.48,0,False,False,True,0.1,Low,15722692
604,27,9,101352.78,1,0,0,30252.3,0,False,True,True,0.06,Low,15696506
836,37,10,0.0,2,1,0,111324.41,0,False,True,False,0.02,Low,15728823
511,75,9,105609.17,1,0,1,105425.18,0,True,False,False,0.11,Low,15808851
518,45,8,0.0,2,1,1,36193.07,0,False,False,False,0.02,Low,15675231
756,67,4,0.0,3,1,1,93081.87,0,False,False,True,0.16,Low,15732299
489,47,8,103894.38,2,1,1,107625.46,0,False,False,False,0.06,Low,15706269
622,27,9,139834.93,1,1,1,152733.89,0,False,True,True,0.02,Low,15590078
652,36,6,112518.71,2,0,1,110421.31,0,False,False,False,0.05,Low,15776985
625,37,7,115895.42,1,1,0,48486.25,0,False,False,False,0.02,Low,15756743
521,39,3,146408.68,1,0,0,72993.67,0,False,True,False,0.09,Low,15782364
546,34,4,165363.31,2,1,1,25744.13,1,False,False,True,0.71,High,15604093
697,45,1,0.0,2,1,0,46807.62,1,False,False,False,0.75,High,15749328
571,33,3,71843.15,1,1,0,26772.04,0,True,False,True,0.03,Low,15656322
748,35,5,105492.53,1,1,1,150057.2,0,False,True,True,0.0,,15685564
591,35,7,183027.25,1,1,1,56028.79,0,False,False,True,0.08,Low,15785831
814,29,1,131968.57,2,1,1,147693.92,0,True,False,True,0.04,Low,15796218
709,45,3,104118.5,1,0,1,174032.0,0,False,False,False,0.07,Low,15716218
433,27,2,0.0,2,1,1,153698.65,0,False,True,True,0.0,,15572735
781,20,0,125023.1,2,1,1,108301.45,0,False,False,True,0.03,Low,15633840
656,30,4,74323.2,1,1,1,22929.08,0,False,False,False,0.03,Low,15608760
683,38,7,109346.13,2,1,0,102665.92,0,False,False,True,0.03,Low,15627848
620,32,6,0.0,2,1,0,56139.09,0,False,False,True,0.0,,15792029
637,39,3,109698.41,1,1,1,88391.29,1,True,False,False,0.4,Medium,15617331
525,30,5,0.0,2,0,1,149195.44,0,False,True,False,0.01,Low,15651740
793,34,5,127758.09,1,1,0,143357.03,0,True,False,False,0.2,Low,15636407
638,50,1,102645.48,1,1,0,168359.98,1,True,False,True,0.94,High,15607526
520,31,4,93249.4,1,1,0,77335.75,0,False,False,True,0.01,Low,15632576
641,35,5,0.0,2,1,0,93148.93,0,False,False,True,0.0,,15581505
840,51,1,87779.83,1,0,1,36687.11,1,True,False,False,0.86,High,15612207
504,40,5,0.0,2,0,0,146703.36,0,False,True,True,0.02,Low,15707242
686,38,0,138131.34,1,0,1,115927.85,0,False,False,True,0.02,Low,15721937
533,38,4,70362.52,2,1,1,104189.46,0,True,False,True,0.02,Low,15773852
577,32,1,0.0,2,1,0,9902.39,0,False,False,False,0.01,Low,15719778
445,48,7,168286.58,1,1,0,16645.77,1,True,False,False,0.69,Medium,15650538
720,44,3,86102.27,1,1,0,180134.88,1,False,False,True,0.73,High,15797475
643,25,4,115142.9,1,1,1,148098.95,0,True,False,True,0.01,Low,15780359
652,47,0,126597.89,2,1,1,38798.79,1,True,False,False,0.88,High,15737104
663,33,2,0.0,2,1,0,153295.0,0,False,False,False,0.01,Low,15789936
525,30,0,157989.21,2,1,1,100687.67,0,True,False,False,0.03,Low,15709523
662,54,1,187997.15,1,0,0,111442.71,1,False,True,False,0.93,High,15593425
724,54,8,172192.49,1,1,1,136902.01,0,True,False,True,0.09,Low,15776725
581,38,1,133105.47,1,1,0,105732.9,1,True,False,True,0.79,High,15604706
685,38,4,0.0,2,1,1,35884.91,0,False,True,True,0.01,Low,15790958
595,46,10,0.0,1,1,0,73489.15,1,False,False,True,0.35,Medium,15747534
588,21,8,0.0,2,1,1,110114.19,0,False,False,False,0.0,,15574237
647,35,3,192407.97,1,1,1,40145.28,0,True,False,True,0.03,Low,15690332
785,38,9,107199.75,1,0,0,146398.51,0,True,False,False,0.24,Low,15661290
794,55,6,115796.7,1,1,0,160526.36,1,True,False,False,0.93,High,15651883
823,37,5,164858.18,1,1,1,173516.71,0,False,False,True,0.0,,15808905
687,38,4,117633.28,1,0,1,88396.6,0,True,False,True,0.07,Low,15715532
850,28,9,0.0,2,1,0,185821.41,0,False,False,False,0.0,,15786078
496,36,7,0.0,2,0,0,108098.28,0,False,False,False,0.02,Low,15652401
527,30,6,126663.51,1,1,1,162267.91,0,True,False,False,0.01,Low,15673074
576,71,6,140273.47,1,1,1,193135.25,1,True,False,False,0.74,High,15598744
525,60,7,0.0,2,0,1,168034.9,0,False,True,False,0.06,Low,15785975
727,21,8,153344.72,1,1,1,163295.87,0,True,False,True,0.03,Low,15613180
671,23,9,123943.18,1,1,1,159553.27,0,True,False,False,0.09,Low,15584229
625,39,5,0.0,1,1,0,99800.87,0,False,False,True,0.05,Low,15773804
643,33,7,98630.31,2,1,1,40250.82,0,True,False,True,0.01,Low,15699515
707,33,2,58036.33,1,1,1,83335.78,0,False,False,False,0.04,Low,15705313
539,28,5,0.0,2,1,0,48382.4,0,False,True,True,0.0,,15693817
498,45,7,109200.74,2,0,1,165990.44,0,True,False,True,0.0,,15673790
696,30,0,0.0,2,1,1,9002.8,0,False,True,False,0.23,Low,15674868
758,33,7,0.0,1,1,0,188156.34,0,False,False,False,0.12,Low,15692110
685,33,6,0.0,2,0,1,186785.01,0,False,False,False,0.02,Low,15645904
655,30,1,83173.98,2,1,1,184259.6,0,True,False,False,0.02,Low,15581332
747,40,3,0.0,1,0,0,57817.84,1,False,False,False,0.77,High,15808544
601,24,7,0.0,2,0,0,144660.42,0,False,True,True,0.01,Low,15734948
477,22,5,82559.42,2,0,0,163112.9,1,False,False,True,0.65,Medium,15654531
558,32,5,73494.21,1,0,0,136301.1,0,False,False,True,0.03,Low,15637774
586,29,2,132450.24,1,1,1,36176.63,0,False,True,True,0.0,,15677141
850,49,6,128663.9,1,1,0,65769.3,1,False,False,True,0.33,Medium,15739578
505,36,2,79951.9,1,0,1,174123.16,1,False,False,False,0.74,High,15697360
591,51,8,132508.3,1,1,1,161304.68,1,True,False,False,0.82,High,15655213
761,38,1,120530.13,2,1,0,109394.62,0,True,False,False,0.13,Low,15580872
554,35,10,74988.59,2,0,1,190155.13,0,False,False,False,0.07,Low,15683213
774,47,6,94722.88,1,0,1,61450.96,0,False,False,False,0.07,Low,15801188
771,33,5,0.0,2,1,0,8673.43,0,False,True,False,0.07,Low,15645029
792,31,6,71269.89,2,0,1,125912.77,0,False,False,True,0.01,Low,15633181
673,41,9,98612.1,1,1,0,151349.35,0,True,False,False,0.43,Medium,15598259
765,40,6,138033.55,1,1,1,67972.45,0,False,False,True,0.12,Low,15576000
748,41,2,91621.69,1,1,1,71139.31,0,False,False,False,0.07,Low,15766047
422,54,3,140014.42,1,0,1,86350.97,0,False,False,True,0.12,Low,15596339
568,27,5,126815.97,2,0,1,118648.12,0,False,True,True,0.02,Low,15715199
502,64,3,139663.37,1,0,1,100995.11,0,False,False,False,0.16,Low,15615938
524,28,7,0.0,2,0,1,147100.72,0,False,False,False,0.0,,15679991
689,34,1,165312.27,1,1,0,155495.63,0,False,False,True,0.04,Low,15626135
661,26,8,0.0,2,0,0,196875.87,0,False,False,True,0.0,,15792934
606,33,8,0.0,2,1,1,63176.77,0,False,True,True,0.0,,15744046
678,54,1,123699.28,2,0,1,105221.76,0,True,False,False,0.2,Low,15700826
636,29,3,97325.15,1,0,1,131924.38,0,True,False,False,0.03,Low,15756301
647,32,5,97041.16,1,1,1,23132.73,0,False,False,True,0.0,,15586517
732,36,5,0.0,2,1,0,161428.25,0,False,False,True,0.02,Low,15751297
646,50,0,104129.24,2,1,0,181794.86,1,False,False,True,0.45,Medium,15710365
559,43,1,0.0,1,0,1,86634.3,0,False,False,False,0.25,Low,15679307
581,28,3,104367.5,1,1,1,29937.75,0,False,False,True,0.01,Low,15610753
565,46,7,135369.71,1,0,1,140130.22,0,False,False,True,0.15,Low,15811036
657,41,6,112119.48,1,1,0,17536.82,0,False,True,False,0.26,Low,15610912
847,66,7,123760.68,1,0,1,53157.16,0,False,False,True,0.04,Low,15619932
558,41,6,0.0,1,1,1,143585.29,1,False,False,False,0.7,Medium,15746199
596,57,6,0.0,2,1,1,72402.0,0,False,True,True,0.01,Low,15584967
579,39,5,0.0,2,0,1,39891.84,0,False,False,True,0.0,,15734365
741,36,3,0.0,2,1,1,89804.83,0,False,False,False,0.02,Low,15726960
613,44,3,0.0,2,0,1,136491.72,0,False,False,True,0.04,Low,15665177
694,31,5,0.0,1,1,0,35593.18,0,False,True,True,0.07,Low,15779915
729,42,7,0.0,2,1,0,58268.2,1,False,True,False,0.65,Medium,15729110
480,42,1,152160.21,2,1,0,101778.9,0,False,False,False,0.29,Low,15575399
666,59,5,0.0,2,1,1,185123.09,0,False,False,False,0.06,Low,15678374
575,24,2,0.0,2,1,1,119927.81,0,False,False,True,0.01,Low,15792679
850,36,3,0.0,2,1,0,195033.07,0,False,False,True,0.09,Low,15668767
740,36,4,172381.8,1,1,1,86480.29,0,False,False,True,0.01,Low,15761886
588,41,6,106116.56,2,1,0,198766.61,0,True,False,True,0.03,Low,15583076
681,36,5,141952.07,1,1,1,185144.08,0,False,False,True,0.0,,15815615
611,33,7,0.0,2,1,1,3729.89,0,False,True,False,0.06,Low,15591942
589,37,6,138497.84,1,0,1,18988.58,0,False,False,False,0.0,,15724924
717,34,1,0.0,2,1,0,119313.74,0,False,True,False,0.01,Low,15762123
556,33,3,124213.36,2,1,0,62627.55,0,True,False,True,0.01,Low,15567893
850,37,4,126872.6,1,1,0,197266.58,0,False,False,True,0.06,Low,15648989
685,42,2,0.0,2,0,0,199992.48,0,False,True,False,0.15,Low,15662021
713,37,8,0.0,1,1,1,16403.41,0,False,False,False,0.09,Low,15691627
437,26,1,120923.52,1,0,1,78854.57,0,False,False,False,0.02,Low,15731751
605,47,7,142643.54,1,1,0,189310.27,0,False,True,True,0.14,Low,15635277
758,41,10,79857.64,1,1,1,78088.17,0,True,False,True,0.2,Low,15655252
600,46,10,95502.21,1,0,0,19842.18,0,False,False,True,0.19,Low,15803941
827,38,5,0.0,2,0,0,103305.01,0,False,False,True,0.02,Low,15714380
608,23,8,197715.93,2,1,1,116124.28,0,True,False,True,0.01,Low,15666559
608,30,8,85859.76,1,0,0,142730.27,0,False,False,False,0.03,Low,15799998
554,44,7,85304.27,1,1,1,58076.52,0,False,False,True,0.01,Low,15703763
683,35,1,132371.3,2,0,0,186123.57,0,True,False,False,0.02,Low,15795640
660,33,4,0.0,1,1,0,29664.45,0,False,True,True,0.06,Low,15780056
628,31,5,0.0,1,0,0,147963.07,1,False,False,False,0.74,High,15777873
668,39,4,79896.0,1,1,0,38466.39,0,True,False,True,0.09,Low,15584749
776,29,5,0.0,2,1,1,143301.49,0,False,False,False,0.01,Low,15765258
820,36,4,0.0,2,1,0,31422.69,0,False,False,True,0.0,,15623346
665,36,1,0.0,2,0,1,121505.61,0,False,False,True,0.0,,15614054
850,31,4,146587.3,1,1,1,89874.82,0,True,False,True,0.08,Low,15766185
703,42,7,0.0,2,0,1,72500.68,0,False,False,False,0.0,,15667632
506,32,8,0.0,2,0,1,182692.8,0,False,True,True,0.01,Low,15599024
588,32,3,109109.33,1,0,1,4993.94,0,False,True,True,0.04,Low,15798709
622,26,8,0.0,2,1,1,124964.82,0,False,True,False,0.01,Low,15741921
606,34,5,0.0,1,1,0,161971.42,0,False,False,True,0.07,Low,15793671
517,56,9,142147.32,1,0,0,39488.04,1,False,False,True,0.97,High,15797900
758,43,10,0.0,2,1,1,55313.44,0,False,True,False,0.09,Low,15667932
677,49,3,0.0,2,1,1,187811.71,0,False,False,False,0.03,Low,15795933
827,35,0,0.0,2,0,1,184514.01,0,False,True,False,0.05,Low,15660403
729,36,8,109106.8,1,0,0,121311.12,0,False,False,False,0.01,Low,15736299
654,36,2,112262.84,1,1,0,12873.39,0,False,False,True,0.0,,15759034
654,36,5,0.0,2,0,0,157238.05,0,False,True,False,0.01,Low,15724663
619,52,8,0.0,2,1,1,123242.11,0,False,True,True,0.02,Low,15594556
642,26,8,144238.7,1,1,1,184399.76,0,False,True,True,0.0,,15737169
472,32,1,159397.75,1,0,1,57323.18,0,False,True,False,0.05,Low,15632472
470,30,4,125385.01,1,1,0,68293.93,0,False,True,True,0.03,Low,15722813
633,60,8,69365.25,1,1,1,10288.24,0,False,False,False,0.18,Low,15588450
602,31,7,155271.83,1,1,1,179446.31,0,False,False,True,0.07,Low,15736717
640,29,5,197200.04,2,1,0,141453.62,0,False,True,True,0.24,Low,15680683
454,48,5,144837.79,1,1,1,93151.77,0,False,True,False,0.14,Low,15710316
562,57,3,0.0,3,1,0,6554.97,1,False,False,False,0.98,High,15746333
636,34,8,0.0,2,1,0,38570.13,0,False,False,True,0.0,,15606861
621,50,3,163085.79,1,0,1,131048.36,0,False,True,True,0.06,Low,15641285
795,38,7,125903.22,2,1,1,127068.92,0,True,False,True,0.05,Low,15662908
550,22,6,154377.3,1,1,1,51721.52,0,False,False,True,0.03,Low,15814267
630,41,7,107511.52,1,0,1,46156.87,0,False,True,True,0.03,Low,15614923
573,30,8,127406.5,1,1,0,192950.6,0,True,False,True,0.29,Low,15579223
561,24,8,143656.55,1,0,1,180932.46,0,False,True,True,0.03,Low,15651389
662,39,5,138106.75,1,0,0,19596.73,0,False,False,False,0.03,Low,15677087
637,27,9,128940.24,1,1,0,46786.92,0,False,False,True,0.02,Low,15665784
651,37,9,114453.58,1,0,1,175820.91,0,True,False,True,0.04,Low,15576706
646,33,2,0.0,2,0,0,198208.0,0,False,False,False,0.03,Low,15615473
567,48,3,0.0,1,1,0,55362.45,0,False,False,False,0.36,Medium,15587299
638,41,1,131762.94,1,1,1,47675.29,0,False,False,True,0.08,Low,15655389
725,31,6,0.0,1,0,0,61326.43,0,False,False,False,0.11,Low,15784491
709,41,3,150300.65,2,1,0,71672.86,0,False,False,False,0.04,Low,15809999
787,39,10,108935.39,1,1,1,101168.3,0,False,True,True,0.02,Low,15681115
653,37,7,135847.47,1,1,0,144880.81,0,False,False,True,0.0,,15629390
661,37,7,109908.06,2,1,0,115037.67,1,True,False,True,0.73,High,15792668
681,49,8,142946.18,1,0,0,187280.51,1,True,False,True,0.92,High,15583863
436,45,3,104339.11,2,1,1,183540.22,1,True,False,True,0.77,High,15681878
663,33,5,157274.36,2,1,1,28531.81,0,False,False,True,0.05,Low,15782875
662,64,0,98848.19,1,0,1,42730.12,0,False,False,True,0.03,Low,15732235
607,39,8,105103.33,1,1,0,104721.5,1,True,False,False,0.68,Medium,15735909
754,34,7,0.0,2,1,1,65219.85,0,False,False,True,0.0,,15653448
850,66,0,127120.62,1,0,1,118929.64,1,True,False,False,0.82,High,15587647
578,39,2,0.0,2,1,0,70563.9,0,False,False,True,0.0,,15701037
666,36,3,129118.5,2,0,0,139435.12,0,True,False,False,0.1,Low,15727499
599,43,4,0.0,1,1,0,170347.1,0,False,False,False,0.13,Low,15724838
586,46,0,0.0,3,0,1,131553.82,1,False,False,False,0.92,High,15666711
825,36,3,146053.66,1,1,1,138344.7,0,False,False,False,0.03,Low,15588933
808,67,10,124577.15,1,0,1,169894.4,0,False,True,False,0.08,Low,15763111
515,29,4,151012.55,2,1,0,9770.97,0,False,True,True,0.06,Low,15805676
663,58,5,216109.88,1,0,1,74176.71,1,False,True,False,0.37,Medium,15586674
444,34,2,144318.97,1,1,0,112668.06,0,False,False,True,0.03,Low,15744553
650,39,4,0.0,2,0,0,186275.7,0,False,False,False,0.01,Low,15776629
609,26,7,0.0,2,1,0,98463.99,0,False,False,True,0.0,,15647207
824,77,3,27517.15,2,0,1,2746.41,0,True,False,True,0.05,Low,15715638
662,29,5,147092.65,1,1,0,10928.3,0,False,False,True,0.07,Low,15750602
699,51,2,92246.14,2,0,1,91346.03,0,True,False,False,0.06,Low,15766810
752,41,8,0.0,2,1,0,139844.04,1,False,False,False,0.68,Medium,15756625
603,40,8,148897.02,1,0,0,105052.9,0,True,False,False,0.15,Low,15639552
628,50,8,0.0,1,0,0,144366.83,1,False,True,True,0.87,High,15633213
745,36,9,0.0,1,1,0,19605.18,1,False,False,False,0.35,Medium,15610416
804,33,10,138335.96,1,1,1,80483.76,0,True,False,False,0.49,Medium,15715208
454,50,10,92895.56,1,1,0,154344.0,1,True,False,False,0.9,High,15619608
631,46,9,160736.63,1,0,1,93503.02,0,False,True,True,0.03,Low,15628697
503,32,4,0.0,2,1,1,153036.97,0,False,False,True,0.0,,15643826
548,37,9,0.0,2,0,0,98029.58,0,False,False,False,0.01,Low,15718588
668,28,4,107141.27,1,1,0,193018.71,0,False,False,True,0.01,Low,15709741
619,55,0,0.0,3,0,0,60810.64,1,False,False,False,0.98,High,15723318
842,37,4,132446.08,2,1,0,87071.18,1,False,False,False,0.61,Medium,15717328
707,57,1,92053.0,1,1,1,164064.44,1,False,False,False,0.72,High,15771299
715,38,2,96798.79,2,1,1,4554.67,0,False,True,True,0.02,Low,15706223
573,35,9,134498.54,2,1,1,119924.8,0,True,False,True,0.02,Low,15612358
509,55,8,132387.91,2,1,1,170360.11,0,False,False,True,0.11,Low,15769191
670,40,2,147171.2,1,0,1,69850.04,0,True,False,False,0.32,Medium,15618816
613,44,9,100524.69,1,1,1,47298.95,0,False,True,True,0.03,Low,15730810
678,26,1,0.0,2,1,0,45443.68,0,False,False,False,0.01,Low,15783463
555,51,9,138214.5,1,1,0,198715.27,1,True,False,False,0.67,Medium,15616213
777,30,4,0.0,2,0,1,115611.97,0,False,False,False,0.03,Low,15611287
552,55,3,0.0,1,1,1,40333.94,0,False,True,True,0.16,Low,15786454
640,39,3,0.0,1,1,1,105997.25,0,False,True,True,0.15,Low,15768682
541,34,3,128743.55,1,1,0,134851.12,0,False,False,True,0.0,,15766172
756,31,10,122647.32,1,0,0,61666.87,0,False,False,True,0.06,Low,15637646
684,24,9,79263.9,1,0,1,196574.48,0,False,True,False,0.15,Low,15653404
618,42,2,0.0,4,0,0,111097.39,1,False,False,False,0.94,High,15690546
604,53,2,121389.78,1,1,1,48201.64,1,False,False,False,0.28,Low,15735636
624,38,7,123906.55,1,1,0,135096.78,0,False,True,True,0.01,Low,15605424
661,38,7,143006.7,1,1,1,15650.89,0,False,True,True,0.07,Low,15568449
627,28,3,157597.61,1,0,1,34097.22,0,False,True,False,0.07,Low,15688085
812,38,3,127117.8,2,1,1,174822.74,0,False,True,True,0.05,Low,15683483
473,39,9,117103.26,2,1,1,85937.52,1,False,False,False,0.15,Low,15659567
717,36,2,102989.83,2,0,1,49185.57,0,False,True,True,0.02,Low,15766667
693,28,1,145118.83,1,0,1,77742.38,0,False,True,True,0.0,,15624975
705,92,1,126076.24,2,1,1,34436.83,0,False,False,True,0.12,Low,15660878
661,41,5,0.0,1,0,1,88279.6,0,False,False,True,0.06,Low,15586557
573,27,4,0.0,2,1,1,157549.6,0,False,False,False,0.01,Low,15746183
639,37,5,98186.7,1,0,1,173386.95,0,False,False,True,0.05,Low,15631457
718,67,7,0.0,3,1,1,82782.08,0,False,False,False,0.19,Low,15754053
570,37,6,0.0,1,1,1,187758.5,0,False,False,True,0.07,Low,15645839
461,40,7,0.0,2,1,0,176547.8,0,False,False,False,0.26,Low,15689955
638,33,5,129335.65,1,1,1,56585.2,1,True,False,False,0.78,High,15593510
608,48,7,75801.74,1,1,0,125762.95,0,False,True,True,0.18,Low,15654964
599,42,6,0.0,2,1,0,113868.4,0,False,True,True,0.36,Medium,15594039
762,44,7,159316.64,1,0,0,24780.13,0,False,False,False,0.07,Low,15625929
662,38,2,96479.81,1,1,0,120259.41,0,False,False,False,0.08,Low,15815295
747,29,7,117726.33,1,1,1,175398.34,0,True,False,True,0.03,Low,15621818
539,39,6,0.0,2,1,1,86767.48,0,False,False,True,0.0,,15652700
625,43,4,122351.29,1,1,0,71216.6,0,False,False,True,0.08,Low,15636860
656,48,9,0.0,2,1,1,85240.61,1,False,False,False,0.06,Low,15569432
469,48,5,0.0,1,1,0,160529.71,1,False,False,False,0.77,High,15751455
621,43,8,0.0,1,0,0,102806.6,0,False,True,False,0.13,Low,15800583
754,27,7,0.0,2,1,0,144134.64,0,False,False,False,0.02,Low,15770214
679,50,6,132598.38,2,1,1,184017.98,0,True,False,False,0.16,Low,15613463
535,38,2,119272.29,1,0,0,195896.59,1,False,False,True,0.65,Medium,15587066
487,37,2,0.0,2,1,1,126722.57,0,False,False,True,0.0,,15693752
850,42,3,0.0,2,1,1,176883.42,0,False,False,False,0.03,Low,15714874
585,55,10,106415.57,3,1,1,122960.98,1,False,False,True,0.98,High,15657809
603,31,4,0.0,2,0,1,9607.1,0,False,False,True,0.0,,15651955
728,32,9,127772.1,2,1,1,152643.48,0,True,False,False,0.02,Low,15570912
621,41,5,104631.67,1,1,1,95551.22,0,False,True,True,0.01,Low,15640266
833,30,1,0.0,2,1,0,141860.62,0,False,False,True,0.0,,15652069
502,37,10,0.0,1,1,1,76642.68,0,False,False,True,0.09,Low,15596074
825,37,6,118050.79,1,0,1,52301.15,0,True,False,True,0.16,Low,15800268
668,46,0,0.0,2,0,0,29388.02,0,False,False,True,0.08,Low,15809847
487,40,6,136093.74,1,0,1,193408.43,0,False,True,False,0.21,Low,15599074
600,39,7,88477.36,2,1,0,58632.37,0,True,False,False,0.05,Low,15599591
606,34,3,161572.24,1,0,1,191076.22,0,False,True,True,0.02,Low,15776096
623,50,7,126608.37,1,0,1,645.61,1,True,False,True,0.91,High,15611669
575,54,9,68332.96,1,1,1,144390.75,0,False,False,False,0.41,Medium,15694098
577,48,6,179852.26,1,1,0,193580.32,0,False,True,True,0.15,Low,15713347
651,25,8,0.0,2,1,1,126761.2,0,False,False,False,0.0,,15713094
693,46,2,104763.41,1,1,1,62368.33,0,True,False,True,0.18,Low,15811978
800,60,6,88541.57,2,1,1,131718.12,0,False,False,True,0.08,Low,15799925
760,38,6,162888.73,1,1,0,91098.76,1,False,False,True,0.75,High,15692575
711,35,8,0.0,1,1,1,67508.01,0,False,False,False,0.15,Low,15743149
637,43,8,0.0,1,1,0,12156.93,1,False,True,True,0.75,High,15776947
662,32,9,0.0,2,0,0,65089.38,0,False,False,True,0.0,,15700656
568,44,7,0.0,2,0,0,62370.67,1,False,False,False,0.66,Medium,15594515
692,30,7,0.0,2,1,1,18826.34,0,False,False,False,0.05,Low,15787884
614,35,1,0.0,2,1,1,3342.62,0,False,False,False,0.0,,15577988
478,35,1,92474.05,1,1,0,178626.07,0,False,False,True,0.03,Low,15795586
562,36,6,0.0,2,1,0,32845.32,0,False,False,True,0.0,,15677739
709,30,9,115479.48,2,1,1,134732.99,0,True,False,True,0.05,Low,15720134
684,26,5,87098.91,1,0,0,106095.82,0,False,False,False,0.03,Low,15688868
546,42,9,86351.85,2,1,0,57380.13,0,True,False,False,0.03,Low,15642996
779,42,5,0.0,2,0,0,25951.91,0,False,False,False,0.06,Low,15771222
576,63,3,148843.56,1,1,0,69414.13,1,True,False,True,0.98,High,15605059
481,44,3,163714.52,1,1,0,96123.72,0,True,False,True,0.13,Low,15568088
445,25,6,0.0,2,1,0,119425.94,0,False,False,True,0.03,Low,15665943
606,36,0,94153.56,1,0,1,120138.27,0,False,True,True,0.06,Low,15795571
559,50,5,162702.35,1,0,0,150548.5,1,False,False,True,0.87,High,15662243
608,56,10,129255.2,2,1,0,142492.04,1,False,False,False,0.9,High,15593128
698,41,3,90605.29,1,1,1,14357.0,0,False,False,True,0.1,Low,15589739
568,39,5,0.0,2,1,1,129569.92,0,False,True,True,0.0,,15787602
528,29,3,102787.42,1,1,0,55972.56,0,False,False,True,0.01,Low,15685019
802,39,7,120145.96,2,0,1,59497.01,1,False,False,False,0.65,Medium,15704209
669,47,0,63723.78,2,1,1,181928.25,0,True,False,True,0.09,Low,15605264
581,24,10,159203.71,1,1,1,102517.83,1,False,True,False,0.74,High,15708265
640,38,9,0.0,2,1,0,88827.67,0,False,False,True,0.0,,15740264
529,44,1,0.0,2,0,0,14161.3,0,False,True,False,0.07,Low,15615477
547,51,1,0.0,2,1,1,56908.41,0,False,False,False,0.26,Low,15727361
718,49,10,0.0,1,1,0,184474.72,1,False,False,False,0.96,High,15760216
707,34,9,162691.16,2,1,0,94912.78,0,True,False,True,0.11,Low,15806134
735,43,9,127806.91,1,1,1,73069.59,0,False,False,True,0.08,Low,15601351
765,43,9,157960.49,2,0,0,136602.8,0,False,False,True,0.16,Low,15669262
469,52,8,139493.25,3,0,0,150093.32,1,True,False,False,0.99,High,15696989
594,21,2,87096.82,2,1,0,168186.11,0,True,False,False,0.16,Low,15688498
675,34,10,84944.58,1,0,0,146230.63,0,False,False,False,0.11,Low,15686964
703,50,8,160139.59,2,1,1,79314.1,0,False,False,True,0.18,Low,15625035
810,33,6,0.0,2,1,1,77965.67,0,False,False,True,0.0,,15618391
715,42,6,0.0,2,1,1,128745.69,0,False,True,True,0.0,,15591344
664,40,9,0.0,2,1,0,194767.3,0,False,False,True,0.04,Low,15605455
850,29,6,0.0,2,1,1,10672.54,0,False,False,True,0.01,Low,15680804
724,36,6,94615.11,2,1,1,10627.21,0,True,False,True,0.01,Low,15768282
563,30,7,90727.79,1,1,0,122268.75,0,False,False,True,0.07,Low,15685826
714,26,3,119545.48,2,1,0,65482.94,0,True,False,True,0.01,Low,15793491
614,36,1,118311.76,1,1,0,146134.68,0,False,False,True,0.03,Low,15797787
740,33,1,129574.98,1,1,1,123300.38,0,False,False,True,0.0,,15611171
587,33,8,148163.57,1,0,0,122925.4,0,False,False,True,0.02,Low,15601627
465,24,5,117154.9,1,1,1,127744.02,0,True,False,True,0.08,Low,15734085
689,40,5,154251.67,1,0,1,118319.5,0,False,True,False,0.02,Low,15809309
656,30,3,0.0,2,0,1,17104.0,0,False,False,True,0.0,,15809462
579,33,1,65667.79,2,0,0,164608.98,0,False,False,False,0.06,Low,15634628
716,44,1,0.0,1,1,1,152108.47,0,False,False,False,0.08,Low,15775678
551,42,1,50194.59,1,1,1,23399.58,0,False,False,True,0.33,Medium,15579526
527,39,9,96748.89,2,1,0,94711.43,0,True,False,False,0.06,Low,15779103
600,37,4,0.0,3,1,0,7312.25,1,False,False,False,0.81,High,15738715
685,43,1,132667.17,1,1,1,41876.98,0,False,False,False,0.08,Low,15593943
738,36,5,0.0,2,1,1,96881.32,0,False,True,True,0.0,,15754574
622,41,2,127087.06,1,1,0,102402.91,1,False,False,True,0.16,Low,15737814
528,34,1,125566.9,1,1,1,176763.27,0,False,False,True,0.11,Low,15670889
546,52,1,106074.89,1,1,1,23548.45,1,True,False,False,0.89,High,15629299
576,46,4,137367.94,1,1,1,33450.11,0,True,False,True,0.25,Low,15771569
733,38,3,157658.36,1,0,0,19658.43,0,False,False,False,0.04,Low,15811927
727,45,6,114422.85,2,1,1,104678.78,1,True,False,True,0.75,High,15785654
605,41,5,103154.66,1,0,0,143203.78,0,False,True,True,0.19,Low,15665524
586,33,9,0.0,1,1,0,6975.02,0,False,False,True,0.06,Low,15736287
564,24,6,149592.14,1,1,1,153771.8,0,False,True,False,0.08,Low,15765732
593,48,3,133903.12,2,1,1,85902.39,1,True,False,False,0.69,Medium,15797381
736,26,0,84587.9,1,0,1,188037.76,0,True,False,False,0.12,Low,15598536
675,32,8,197436.82,1,1,1,52710.7,0,False,True,True,0.03,Low,15664506
656,32,1,104254.27,1,1,1,17034.37,0,False,True,False,0.06,Low,15575619
462,39,4,140133.08,2,0,0,131304.45,0,False,False,True,0.06,Low,15587394
685,30,2,0.0,3,1,1,172576.43,1,False,True,False,0.81,High,15654457
850,36,0,136980.23,2,1,1,99019.65,0,True,False,False,0.14,Low,15762793
636,48,3,120568.41,1,1,0,190160.04,1,True,False,False,0.92,High,15658067
850,27,7,43658.33,2,1,1,3025.49,0,False,False,False,0.05,Low,15642816
628,37,9,0.0,2,1,1,34689.77,0,False,False,False,0.02,Low,15693088
798,28,3,0.0,2,1,0,2305.27,0,False,False,True,0.0,,15793883
610,57,7,72092.95,4,0,1,113228.82,1,False,False,False,0.94,High,15665283
591,42,10,0.0,2,0,0,171099.22,0,False,False,False,0.18,Low,15680421
614,37,9,0.0,2,1,1,62023.1,0,False,True,False,0.01,Low,15695148
651,35,0,181821.96,2,0,1,36923.67,1,False,False,True,0.74,High,15636592
665,25,7,90920.75,1,0,1,112256.57,0,False,False,True,0.02,Low,15772618
570,23,2,0.0,1,0,0,198830.98,0,False,False,True,0.19,Low,15724453
631,29,3,0.0,2,1,1,197963.46,0,False,True,True,0.0,,15565878
586,32,1,0.0,2,0,0,31635.99,0,False,False,True,0.0,,15609160
691,30,9,0.0,1,1,0,49594.02,0,False,False,True,0.07,Low,15678460
639,35,8,0.0,2,1,0,170483.9,0,False,False,True,0.0,,15662571
698,27,1,94920.71,1,1,1,40339.9,0,False,False,False,0.01,Low,15606849
733,45,2,113939.36,2,1,0,3218.71,0,True,False,True,0.19,Low,15670738
850,19,8,0.0,1,1,1,68569.89,0,False,False,True,0.07,Low,15662641
618,31,4,0.0,2,1,0,29176.04,0,False,False,False,0.0,,15727539
473,25,6,110666.42,2,0,0,46758.42,0,False,False,False,0.02,Low,15651020
490,39,1,0.0,3,1,0,171060.01,1,False,False,True,0.88,High,15673877
754,48,7,141819.02,1,1,0,93550.53,1,True,False,False,0.96,High,15760865
649,56,8,156974.26,1,1,0,89405.26,1,False,False,False,0.95,High,15705009
578,50,5,151215.34,2,1,0,169804.4,0,False,False,True,0.09,Low,15657540
690,26,8,116318.23,1,1,1,83253.05,0,False,True,True,0.06,Low,15707441
610,49,6,113882.33,1,1,0,195813.81,1,True,False,True,0.93,High,15694765
596,42,7,0.0,2,1,1,121568.37,0,False,False,True,0.04,Low,15649086
492,48,6,127253.98,1,1,1,92144.09,1,False,False,False,0.38,Medium,15650488
575,41,2,100062.39,1,0,0,126307.25,0,False,True,True,0.07,Low,15760924
569,66,2,0.0,1,1,0,130784.2,1,False,False,True,0.91,High,15700263
674,41,4,126605.14,1,1,1,166694.93,0,False,True,False,0.04,Low,15806922
507,31,0,106942.08,1,0,1,44001.11,0,False,False,False,0.02,Low,15637522
457,44,7,0.0,2,0,0,185992.36,0,False,True,True,0.13,Low,15636548
584,41,3,88594.93,1,1,0,178997.89,0,True,False,False,0.07,Low,15566891
744,29,6,123737.04,2,1,0,141558.04,0,True,False,True,0.02,Low,15627185
687,35,1,110752.15,2,1,1,47921.22,0,False,False,False,0.06,Low,15754012
688,46,3,0.0,2,0,1,104902.68,0,False,True,False,0.04,Low,15627514
519,34,5,0.0,1,1,0,68479.6,0,False,False,True,0.07,Low,15661433
733,38,5,0.0,2,1,1,1271.51,0,False,True,False,0.01,Low,15610653
666,43,5,0.0,2,1,0,29346.1,0,False,True,True,0.01,Low,15667002
511,40,1,0.0,1,1,1,184118.73,0,False,True,False,0.17,Low,15709199
705,54,3,125889.3,3,1,0,96013.5,1,True,False,False,0.97,High,15710087
544,48,10,78314.63,3,1,1,103713.93,1,False,False,True,0.97,High,15679884
564,36,7,206329.65,1,1,1,46632.87,1,False,False,False,0.32,Medium,15784180
702,40,7,145536.9,1,0,1,135334.24,0,False,False,True,0.17,Low,15808849
658,31,2,77082.65,2,0,0,13482.28,0,True,False,True,0.02,Low,15751549
654,24,8,145081.73,1,1,1,130075.07,0,False,False,False,0.04,Low,15588235
649,41,4,115897.73,1,1,0,143544.48,0,True,False,False,0.11,Low,15640418
597,24,0,108058.07,2,1,1,187826.11,0,False,True,True,0.07,Low,15721116
782,33,7,191523.09,1,1,1,167058.75,0,False,False,True,0.0,,15599084
644,38,3,0.0,2,1,1,79928.41,0,False,False,True,0.0,,15773394
679,39,7,91187.9,1,0,1,6075.36,0,False,True,False,0.03,Low,15625713
678,60,2,0.0,2,1,1,43821.56,0,False,False,False,0.03,Low,15766417
806,34,5,113958.55,1,0,1,32125.98,0,False,False,True,0.0,,15622578
668,43,1,147167.25,1,0,0,141679.73,0,False,True,True,0.08,Low,15799924
659,29,9,82916.48,1,1,1,84133.48,0,True,False,True,0.0,,15618363
660,34,1,0.0,2,1,0,9692.58,0,False,False,True,0.01,Low,15637138
601,37,5,0.0,1,0,0,20708.6,0,False,False,False,0.06,Low,15781665
781,48,0,57098.96,1,1,0,85644.06,1,False,False,False,0.93,High,15804853
628,39,1,115341.19,1,1,1,107674.3,1,True,False,True,0.43,Medium,15651627
751,30,3,165257.2,1,0,0,134822.05,0,False,False,True,0.01,Low,15680685
531,37,1,0.0,1,1,0,4606.97,0,False,False,False,0.08,Low,15808930
647,42,9,0.0,2,1,1,51362.82,0,False,False,False,0.02,Low,15570970
708,46,7,68799.72,1,1,1,39704.14,0,False,True,True,0.06,Low,15679961
550,39,2,116120.19,2,1,1,195638.13,0,False,True,True,0.01,Low,15705458
670,33,1,0.0,2,1,1,86413.11,0,False,False,True,0.0,,15750396
592,31,2,84102.11,2,0,1,116385.24,0,False,False,False,0.0,,15679928
589,50,4,0.0,2,0,1,182076.97,0,False,False,False,0.09,Low,15711181
725,33,4,0.0,1,1,1,67879.8,0,False,False,False,0.04,Low,15698324
570,43,9,0.0,2,0,1,11417.26,0,False,False,False,0.15,Low,15807433
575,46,1,0.0,2,1,1,65998.26,0,False,False,True,0.01,Low,15636590
501,25,6,104013.79,1,1,0,114774.35,0,True,False,True,0.01,Low,15628950
431,42,8,120822.86,2,1,0,126153.24,0,True,False,True,0.12,Low,15617206
719,40,4,128389.12,1,1,1,176091.31,0,False,True,True,0.05,Low,15603741
850,36,7,102800.72,1,1,1,87352.43,0,True,False,True,0.08,Low,15742607
554,31,6,135470.9,1,1,0,107074.81,0,True,False,False,0.09,Low,15747821
418,36,7,90145.04,1,1,1,69157.93,0,False,False,True,0.02,Low,15612043
715,31,7,0.0,1,1,1,149970.59,0,False,True,True,0.08,Low,15809558
750,33,3,161801.47,1,0,1,153288.97,1,False,True,False,0.69,Medium,15803750
766,37,2,99660.13,2,0,1,147700.78,0,True,False,True,0.03,Low,15704681
652,38,6,123081.84,2,1,1,188657.97,0,False,True,False,0.02,Low,15667392
658,42,8,102870.93,1,0,1,103764.55,1,False,False,True,0.12,Low,15738889
659,37,1,151105.68,1,1,1,140934.57,0,False,False,False,0.02,Low,15598838
574,35,5,163856.76,1,1,1,15118.2,0,True,False,True,0.11,Low,15579109
611,38,7,0.0,1,1,1,63202.0,0,False,False,True,0.38,Medium,15799042
738,35,8,127290.61,1,1,0,16081.62,0,False,True,True,0.12,Low,15697042
571,49,4,180614.04,1,0,0,523.0,0,False,False,True,0.24,Low,15696605
686,44,7,55053.62,1,1,0,181757.19,0,False,False,False,0.21,Low,15802274
679,33,4,96110.22,1,1,0,1173.23,0,False,True,True,0.02,Low,15596808
617,46,3,106521.49,1,0,1,86587.37,0,False,True,False,0.22,Low,15705403
673,39,7,82255.51,2,1,0,109545.56,0,False,False,True,0.03,Low,15732903
745,33,1,0.0,2,1,1,174431.01,0,False,False,False,0.01,Low,15581968
677,26,3,102395.79,1,1,0,119368.99,0,True,False,False,0.25,Low,15683892
613,39,8,118201.41,1,1,0,23315.59,0,False,True,True,0.0,,15595447
576,55,6,44582.07,3,0,1,67539.85,1,False,False,False,0.95,High,15569249
584,30,5,0.0,2,1,1,185201.58,0,False,True,False,0.0,,15656188
663,22,6,0.0,2,0,1,131827.15,0,False,False,True,0.01,Low,15689661
466,26,9,105522.06,1,1,0,10842.46,0,False,False,True,0.09,Low,15644934
510,50,7,123936.54,1,1,1,23768.01,0,True,False,False,0.66,Medium,15721793
619,38,6,0.0,2,1,1,117616.29,0,False,True,False,0.01,Low,15687413
696,66,7,119499.42,2,1,1,174027.3,0,True,False,False,0.14,Low,15761286
554,44,9,135814.7,2,0,0,115091.38,0,False,False,False,0.12,Low,15658240
595,52,9,0.0,1,1,1,106340.66,1,False,False,True,0.91,High,15706232
659,39,8,106259.63,2,1,1,198103.32,0,True,False,True,0.01,Low,15583394
662,44,8,0.0,2,1,1,175314.87,0,False,False,True,0.02,Low,15715643
556,38,2,115463.16,1,1,0,150679.65,0,False,True,True,0.13,Low,15644856
701,39,9,0.0,2,1,1,110043.88,0,False,True,False,0.01,Low,15785488
587,42,5,120233.83,1,1,0,194890.33,0,False,True,True,0.29,Low,15711571
571,47,7,0.0,2,0,0,112366.98,0,False,False,False,0.05,Low,15778604
539,40,7,81132.21,1,1,0,167289.82,0,False,False,False,0.15,Low,15751180
644,34,10,122196.99,2,1,1,182099.71,0,True,False,False,0.01,Low,15748360
572,39,4,112290.22,1,1,0,49373.97,1,True,False,True,0.8,High,15770039
753,50,4,0.0,2,1,1,861.4,0,False,False,False,0.1,Low,15685096
706,35,5,0.0,2,1,1,81718.37,0,False,False,True,0.0,,15669501
588,44,8,154409.74,1,1,0,49324.03,1,False,False,True,0.78,High,15622631
825,32,9,0.0,2,0,0,9751.03,0,False,False,True,0.01,Low,15586699
627,48,1,132759.8,1,1,0,78899.22,0,False,True,True,0.19,Low,15702377
532,60,5,76705.87,2,0,1,13889.73,0,False,False,True,0.05,Low,15577170
764,44,1,0.0,2,1,1,11467.38,0,False,False,False,0.08,Low,15769451
700,36,4,0.0,2,1,0,130789.15,0,False,False,False,0.08,Low,15811877
660,41,3,0.0,2,1,1,108665.89,0,False,False,True,0.01,Low,15648725
518,29,9,125961.74,2,1,0,160303.08,1,True,False,True,0.63,Medium,15752801
557,39,7,49572.73,1,1,0,115287.99,1,False,False,False,0.67,Medium,15808175
639,35,1,103015.12,2,1,1,139094.12,0,False,False,False,0.02,Low,15681342
557,24,4,0.0,1,0,0,20515.72,0,False,False,False,0.07,Low,15589210
633,32,1,104001.38,1,0,1,36642.65,0,False,False,False,0.01,Low,15696826
623,50,2,87116.71,1,1,1,104382.11,0,False,True,False,0.12,Low,15614962
611,68,5,82547.11,2,1,1,146448.01,0,False,False,True,0.04,Low,15689061
666,47,5,0.0,1,0,0,166650.9,1,False,True,False,0.92,High,15640074
521,27,4,121325.84,1,1,1,164223.7,1,False,False,True,0.61,Medium,15776156
775,28,9,111167.7,1,1,0,149331.01,0,False,False,True,0.02,Low,15739548
681,48,5,139714.4,2,0,0,73066.72,0,True,False,True,0.23,Low,15662854
564,32,10,139875.2,2,1,0,15378.23,0,True,False,False,0.11,Low,15687688
646,44,2,113063.83,1,0,0,53072.49,1,True,False,False,0.87,High,15715750
670,50,8,138340.06,1,0,1,3159.15,0,False,False,False,0.1,Low,15571121
751,43,1,114974.24,1,1,0,125920.54,0,False,False,True,0.14,Low,15726466
544,33,6,0.0,2,1,1,124113.04,0,False,False,False,0.0,,15660390
639,38,5,0.0,2,0,0,93716.38,0,False,False,False,0.01,Low,15663942
635,65,5,117325.54,1,1,0,155799.86,1,True,False,False,0.96,High,15638610
672,28,6,0.0,1,0,1,8814.69,0,False,False,False,0.07,Low,15644446
639,35,8,0.0,1,0,0,164453.98,0,False,False,False,0.13,Low,15585892
697,25,1,0.0,2,0,0,87803.32,0,False,False,False,0.0,,15609356
850,44,8,0.0,2,1,1,183617.32,0,False,True,True,0.02,Low,15803378
748,34,8,0.0,2,1,0,53584.03,0,False,False,False,0.02,Low,15599440
463,35,2,0.0,2,1,1,1950.93,0,False,True,False,0.02,Low,15692408
572,30,6,0.0,1,0,1,175025.27,0,False,False,False,0.09,Low,15683168
741,50,1,78737.61,1,1,1,13018.96,0,False,True,True,0.21,Low,15790254
646,25,5,182876.88,2,1,1,42537.59,1,False,True,True,0.06,Low,15767729
805,50,9,130023.38,1,1,0,62989.82,1,True,False,True,0.77,High,15768600
637,36,2,152606.82,1,1,1,71692.8,0,False,False,True,0.08,Low,15699839
651,28,7,0.0,2,1,0,823.96,0,False,False,True,0.0,,15786237
672,28,4,167268.98,1,1,1,169469.3,0,False,False,True,0.01,Low,15694530
493,54,3,167831.88,2,1,0,150159.95,1,False,False,True,0.86,High,15796813
524,29,9,144287.6,2,1,0,32063.3,0,True,False,True,0.26,Low,15605791
624,45,5,151855.33,1,1,0,68794.15,0,True,False,False,0.28,Low,15714087
569,51,3,0.0,3,1,0,75084.96,1,False,True,False,0.92,High,15711446
677,27,2,0.0,2,0,1,114685.92,0,False,False,False,0.03,Low,15588123
464,37,4,155994.15,1,0,0,143665.44,0,True,False,True,0.08,Low,15748552
718,26,7,147527.03,1,0,0,51099.56,0,True,False,True,0.1,Low,15618410
594,53,4,0.0,1,1,0,5408.74,1,False,False,False,0.95,High,15672432
574,33,8,100267.03,1,1,0,103006.27,0,False,False,True,0.01,Low,15610042
478,48,0,83287.05,2,0,1,44147.95,1,False,True,True,0.69,Medium,15580914
615,41,4,0.0,1,0,1,149278.96,0,False,True,True,0.22,Low,15583680
651,45,4,0.0,2,0,0,193009.21,0,False,True,True,0.07,Low,15813718
465,53,1,117438.17,1,0,0,74898.8,1,True,False,True,0.92,High,15767264
558,56,7,121235.05,2,1,1,116253.1,0,False,False,False,0.11,Low,15686461
540,37,3,129965.18,1,0,0,19374.08,0,True,False,True,0.39,Medium,15678882
568,46,8,150836.92,1,0,0,64516.8,1,True,False,True,0.96,High,15789611
630,31,0,0.0,2,1,1,34475.14,0,False,False,True,0.02,Low,15668679
523,60,1,163894.35,1,0,1,57061.71,0,True,False,True,0.13,Low,15631685
678,48,2,0.0,2,1,1,32301.88,0,False,False,False,0.03,Low,15655658
438,38,2,0.0,2,1,0,136859.55,0,False,False,True,0.04,Low,15753591
544,44,1,0.0,2,0,0,69244.24,0,False,False,True,0.05,Low,15617348
595,34,2,87967.42,2,0,1,156309.52,0,True,False,True,0.02,Low,15704581
678,26,3,0.0,2,1,0,4989.33,0,False,False,True,0.01,Low,15738487
850,36,6,0.0,2,1,1,190194.95,0,False,False,False,0.02,Low,15648069
589,20,2,121093.29,2,1,0,3529.72,0,True,False,False,0.07,Low,15737627
785,31,2,121691.54,2,0,0,81778.72,0,False,True,False,0.05,Low,15731586
563,57,6,0.0,2,1,1,39297.48,0,False,True,True,0.0,,15757467
602,39,6,154121.32,2,1,0,176614.86,1,False,False,False,0.68,Medium,15597709
591,29,6,0.0,2,1,1,108684.65,0,False,False,True,0.0,,15720529
643,43,1,0.0,2,1,1,145764.4,0,False,True,True,0.03,Low,15596797
605,32,5,0.0,2,1,1,42135.28,0,False,False,False,0.0,,15681755
755,43,6,165048.5,3,1,0,16929.41,1,True,False,True,0.94,High,15815271
769,38,6,0.0,2,0,0,104393.78,0,False,True,True,0.0,,15682860
620,33,9,127638.35,1,1,1,192717.57,0,False,False,False,0.03,Low,15621546
725,31,8,0.0,2,1,1,59650.42,0,False,False,True,0.0,,15705918
818,72,8,135290.42,2,1,1,63729.72,0,True,False,False,0.08,Low,15684512
624,71,4,170252.05,3,1,1,73679.59,1,False,False,False,0.72,High,15671769
669,35,4,108269.2,2,1,0,174969.92,0,True,False,False,0.1,Low,15642934
712,32,1,0.0,2,1,0,1703.58,0,False,False,False,0.03,Low,15594305
603,35,9,145623.36,1,1,0,163181.62,0,True,False,False,0.05,Low,15789201
597,41,4,145809.53,2,1,1,52319.26,0,False,False,False,0.06,Low,15706762
580,76,2,130334.84,2,1,1,51672.08,0,True,False,True,0.11,Low,15766183
718,39,3,0.0,2,1,1,145355.11,0,False,False,False,0.0,,15777994
527,53,8,0.0,1,1,1,51711.57,0,False,True,True,0.14,Low,15568162
729,42,1,0.0,2,1,1,149535.97,0,False,True,False,0.04,Low,15680643
746,24,4,0.0,1,0,1,94105.0,0,False,False,False,0.02,Low,15761854
699,54,3,111009.32,1,1,1,155905.79,1,True,False,False,0.8,High,15730793
759,46,2,0.0,1,1,1,138380.11,0,False,False,False,0.13,Low,15692137
748,39,3,157371.54,1,0,1,97734.3,0,False,False,False,0.02,Low,15608595
698,63,5,0.0,1,1,1,173576.71,0,False,True,False,0.1,Low,15709459
686,37,9,134560.62,1,1,0,27596.39,0,False,False,True,0.06,Low,15775750
679,40,1,0.0,1,1,1,16897.19,0,False,False,True,0.13,Low,15585855
682,36,5,72373.62,2,1,0,36895.99,0,True,False,True,0.02,Low,15752139
778,34,7,109564.1,1,0,1,113046.81,0,False,False,False,0.05,Low,15768295
742,25,4,132116.13,2,1,0,129933.5,0,False,False,False,0.09,Low,15766906
649,24,7,101195.23,1,0,0,133091.32,0,True,False,True,0.13,Low,15725776
763,67,1,149436.73,2,0,1,106282.74,0,False,False,True,0.11,Low,15682576
595,30,9,130682.11,2,1,1,57862.88,0,True,False,True,0.01,Low,15704081
628,51,10,115280.49,2,0,0,12628.61,1,True,False,False,0.82,High,15719940
625,36,8,129944.39,2,0,0,198914.8,0,False,False,False,0.04,Low,15672894
733,36,5,0.0,2,1,1,109127.54,0,False,False,True,0.0,,15667451
665,32,10,0.0,1,1,1,22487.45,0,False,True,False,0.09,Low,15636767
805,56,6,151802.29,1,1,0,46791.09,1,True,False,True,0.97,High,15571415
725,38,6,0.0,2,1,1,158697.28,0,False,False,True,0.0,,15575605
554,38,3,138731.95,1,1,1,194138.36,0,False,False,False,0.04,Low,15649160
675,35,8,155621.08,1,0,1,35177.31,0,False,True,False,0.03,Low,15615832
556,54,4,150005.38,1,1,0,157015.5,1,False,False,False,0.97,High,15600975
635,48,2,0.0,2,1,1,136551.25,0,False,True,False,0.01,Low,15690772
601,47,1,64430.06,2,0,1,96517.97,0,False,False,True,0.15,Low,15565714
600,53,7,106261.63,1,1,0,93629.66,1,True,False,True,0.89,High,15763108
758,40,3,0.0,2,0,0,96097.65,0,False,True,True,0.0,,15723884
606,41,4,132670.53,1,1,0,156476.36,1,True,False,False,0.34,Medium,15644453
640,67,3,0.0,1,0,1,42964.63,0,False,False,False,0.04,Low,15655464
753,38,1,117314.92,1,1,0,122021.33,1,True,False,False,0.84,High,15783883
559,38,3,145874.35,1,1,0,56311.39,1,False,True,True,0.8,High,15787693
754,50,7,146777.44,2,0,1,150685.52,0,False,True,False,0.24,Low,15664793
621,51,4,109978.83,1,0,0,177740.58,1,True,False,True,0.99,High,15642391
654,37,5,0.0,1,0,1,71492.28,0,False,False,False,0.06,Low,15756538
650,24,8,108881.73,1,1,0,104492.83,0,False,True,True,0.05,Low,15668830
831,44,10,0.0,1,0,1,47729.33,0,False,True,False,0.11,Low,15796569
519,39,2,112957.26,2,1,0,97593.16,0,False,False,True,0.06,Low,15677112
552,42,8,103362.14,1,0,1,186869.58,1,True,False,False,0.85,High,15815040
577,41,4,89015.61,1,0,1,135227.23,0,False,True,True,0.1,Low,15590434
576,45,5,133618.01,1,0,0,135244.87,0,False,True,True,0.04,Low,15597536
646,40,5,93680.43,2,1,1,179473.26,0,False,False,True,0.01,Low,15723989
711,45,1,97486.15,2,1,0,50610.62,0,True,False,False,0.19,Low,15767358
806,37,2,137794.18,2,0,1,75232.02,0,False,True,False,0.18,Low,15594812
670,39,8,101928.51,1,0,0,89205.54,0,False,False,False,0.06,Low,15688210
679,28,9,0.0,2,0,1,61761.77,0,False,True,False,0.01,Low,15681509
850,39,6,0.0,2,1,0,103921.43,0,False,True,False,0.01,Low,15572390
670,35,2,79585.96,1,0,1,198802.9,0,True,False,False,0.14,Low,15801441
733,24,3,161884.99,1,1,1,9617.24,0,False,False,False,0.09,Low,15783859
764,39,1,129068.54,2,1,1,187905.12,0,False,False,False,0.05,Low,15575243
673,42,4,0.0,2,1,0,121440.8,0,False,False,False,0.01,Low,15773421
588,49,6,132623.76,3,1,0,36292.94,1,True,False,True,0.96,High,15788776
564,31,5,121461.87,1,1,1,20432.09,1,False,True,True,0.61,Medium,15765257
715,32,8,175307.32,1,1,0,187051.23,0,False,False,True,0.08,Low,15661412
621,31,7,136658.61,1,1,1,148689.13,0,False,False,True,0.0,,15636478
796,23,3,146584.19,2,0,0,125445.8,0,False,True,False,0.07,Low,15603683
672,34,6,0.0,1,0,0,22736.06,0,False,False,True,0.03,Low,15651868
527,46,10,131414.76,1,1,0,54947.51,0,False,True,False,0.12,Low,15815443
722,38,3,0.0,2,0,1,167984.72,0,False,False,False,0.01,Low,15682686
596,34,4,99441.21,2,0,1,4802.27,0,True,False,True,0.05,Low,15697460
746,32,4,0.0,2,1,1,72909.75,0,False,False,False,0.0,,15748432
523,26,4,0.0,2,1,0,185488.81,0,False,False,False,0.0,,15698271
624,44,3,0.0,2,1,0,88407.51,0,False,False,True,0.01,Low,15808662
553,38,1,181110.13,2,1,0,184544.59,0,False,True,True,0.03,Low,15690372
850,33,3,100476.46,2,1,1,136539.13,0,False,True,True,0.01,Low,15781875
599,33,2,51949.95,2,1,0,85045.92,0,True,False,True,0.01,Low,15801473
492,35,8,121063.49,1,0,0,85421.48,0,False,False,True,0.01,Low,15704509
707,48,8,88441.64,1,1,1,119903.2,1,False,True,True,0.66,Medium,15694666
743,30,1,127023.39,1,1,1,138780.89,0,False,False,False,0.01,Low,15731166
522,41,5,144147.68,1,1,1,14789.9,0,False,False,True,0.1,Low,15728523
681,57,2,173306.13,1,0,1,131964.66,0,False,True,False,0.18,Low,15788442
826,49,0,0.0,1,0,0,178709.98,1,False,False,False,0.91,High,15689781
630,28,8,106425.75,1,1,1,20344.84,0,True,False,False,0.1,Low,15764226
430,66,6,135392.31,2,1,1,172852.06,1,True,False,False,0.75,High,15809837
806,67,1,0.0,2,0,1,103945.58,0,False,False,False,0.0,,15805212
703,39,6,152685.4,1,0,0,183656.12,0,False,True,True,0.06,Low,15716082
755,38,1,82083.52,1,0,1,10333.78,0,True,False,False,0.1,Low,15643056
612,63,2,131629.17,2,1,0,122109.58,1,False,True,False,0.82,High,15654859
719,54,7,0.0,2,1,1,125041.52,0,False,False,False,0.05,Low,15761158
554,55,0,108477.27,1,0,1,140003.0,1,True,False,False,0.83,High,15577515
683,30,4,114779.35,1,0,0,183171.47,0,False,False,True,0.01,Low,15723827
749,41,5,57568.94,1,1,1,61128.29,0,False,False,True,0.26,Low,15646594
724,36,1,0.0,2,1,0,52462.25,0,False,True,True,0.04,Low,15712877
770,30,8,0.0,2,0,1,50839.85,0,False,True,True,0.0,,15598802
680,37,4,0.0,2,1,0,61240.87,0,False,False,True,0.0,,15699340
699,32,4,110559.46,1,1,1,127429.56,0,False,False,False,0.04,Low,15691150
442,34,4,0.0,2,1,0,68343.08,0,False,False,True,0.0,,15608688
529,46,8,0.0,1,0,0,126511.94,1,False,False,True,0.34,Medium,15737998
574,36,3,0.0,2,1,1,8559.66,0,False,True,True,0.01,Low,15735837
605,33,9,128152.82,1,0,0,147822.81,0,False,False,True,0.03,Low,15659100
515,45,7,120961.5,3,1,1,39288.11,1,True,False,True,0.88,High,15609070
632,65,6,129472.33,1,1,1,85179.48,0,True,False,True,0.25,Low,15650313
558,32,10,105000.23,1,1,0,190019.61,0,False,False,True,0.11,Low,15627699
434,55,8,109339.17,2,1,0,96405.88,1,True,False,True,0.9,High,15591010
525,59,6,55328.4,1,1,0,83342.73,1,False,False,False,0.93,High,15798895
640,23,3,72012.76,1,1,0,161333.13,0,True,False,True,0.07,Low,15745375
690,36,6,110480.48,1,0,0,81292.33,0,False,False,False,0.03,Low,15775235
607,34,9,132439.99,1,1,0,177747.72,0,False,True,True,0.26,Low,15780088
850,46,3,0.0,2,1,1,187980.21,0,False,False,False,0.01,Low,15649379
780,34,5,94108.54,2,1,0,177235.21,0,True,False,True,0.02,Low,15713983
616,28,10,105173.99,1,0,1,29835.37,1,True,False,False,0.71,High,15709252
618,40,8,0.0,2,1,0,80204.38,0,False,True,False,0.08,Low,15699238
676,29,7,131959.86,1,0,0,189268.81,0,False,False,True,0.03,Low,15732884
507,33,7,0.0,2,1,1,85411.01,0,False,False,True,0.0,,15587297
490,34,5,122952.9,2,0,0,154360.97,0,False,False,True,0.16,Low,15684722
678,36,0,107379.68,1,1,1,84460.18,0,False,False,True,0.02,Low,15621244
637,30,6,122641.56,2,1,0,65618.01,0,True,False,True,0.01,Low,15744273
602,33,8,0.0,2,1,1,112928.74,0,False,False,False,0.0,,15682540
744,30,1,124037.28,1,1,1,142210.94,0,False,True,False,0.01,Low,15636521
640,50,9,117565.03,2,0,0,82559.77,0,False,False,False,0.15,Low,15785339
684,38,5,133189.4,1,0,0,127388.06,0,False,False,False,0.01,Low,15638983
495,39,8,120252.02,2,1,1,10160.23,0,True,False,True,0.03,Low,15654625
559,28,3,152264.81,1,0,0,64242.31,0,True,False,False,0.14,Low,15697310
684,38,5,105069.98,2,1,1,198355.28,0,False,False,True,0.02,Low,15678210
613,42,7,115076.06,1,1,1,79323.61,0,False,False,True,0.02,Low,15575438
794,30,8,0.0,2,1,1,24113.91,0,False,False,True,0.0,,15632789
736,42,7,117280.23,3,0,0,41921.06,1,False,False,False,0.98,High,15621423
692,49,6,110540.43,2,0,1,107472.99,0,True,False,True,0.07,Low,15573520
703,36,7,135095.47,1,1,0,143859.66,0,False,True,True,0.02,Low,15740458
720,23,0,187861.18,2,1,1,104120.17,0,True,False,True,0.01,Low,15762799
777,44,3,124655.59,2,0,1,79792.3,0,True,False,True,0.08,Low,15686885
653,44,8,0.0,2,1,1,154639.72,0,False,False,True,0.01,Low,15565996
552,38,9,134105.01,1,0,0,57850.1,0,False,False,False,0.06,Low,15662152
708,34,4,0.0,1,1,1,62868.33,0,False,False,False,0.01,Low,15711742
647,40,9,0.0,2,0,1,92357.21,0,False,False,False,0.03,Low,15701885
597,52,8,83693.34,2,1,1,161083.53,0,True,False,True,0.04,Low,15774262
501,42,9,114631.23,1,0,1,91429.74,0,False,False,True,0.04,Low,15567839
709,44,9,128601.98,1,1,0,117031.2,0,False,False,True,0.08,Low,15644400
621,34,2,91258.52,2,1,0,44857.4,0,True,False,False,0.05,Low,15797246
799,70,8,70416.75,1,1,1,36483.52,0,False,False,True,0.04,Low,15778290
675,33,6,0.0,2,1,0,34045.61,0,False,False,False,0.0,,15708714
561,35,5,0.0,2,1,0,59981.62,0,False,False,False,0.0,,15586183
707,42,10,0.0,2,1,1,152944.39,0,False,False,False,0.04,Low,15761733
670,33,6,88294.6,1,1,0,66979.06,0,False,False,True,0.12,Low,15773934
649,32,7,0.0,1,1,0,28797.32,0,False,True,False,0.17,Low,15705343
524,28,1,93577.3,1,1,1,51670.82,0,False,False,True,0.0,,15593959
689,30,5,136650.89,1,1,1,41865.72,1,True,False,False,0.17,Low,15664615
573,72,8,98765.84,1,1,1,96015.53,0,False,True,False,0.02,Low,15671014
657,33,1,84309.57,2,0,0,103914.4,0,False,False,True,0.03,Low,15657778
686,39,10,136258.06,1,0,0,89199.51,0,False,True,True,0.18,Low,15585192
683,29,9,0.0,2,1,1,48849.89,0,False,False,False,0.02,Low,15592914
753,47,1,131160.85,1,1,0,197444.69,0,True,False,False,0.2,Low,15770995
520,30,4,145222.99,2,0,0,145160.96,0,False,True,False,0.07,Low,15570990
547,25,4,98141.57,2,1,1,52309.8,0,True,False,True,0.02,Low,15596165
653,47,6,0.0,1,1,0,50695.93,1,False,False,True,0.79,High,15788131
648,28,9,102282.61,1,1,1,157891.11,0,False,True,False,0.06,Low,15800773
639,37,4,116121.84,2,0,1,181850.74,0,False,False,False,0.01,Low,15690153
711,25,5,190066.54,1,0,0,51345.39,1,False,False,False,0.78,High,15638989
484,55,8,149349.58,3,0,0,137519.92,1,True,False,False,1.0,High,15623210
721,36,1,155176.83,2,1,1,49653.37,0,False,False,True,0.05,Low,15652658
548,32,2,98986.28,1,1,1,55867.38,0,True,False,True,0.01,Low,15684440
679,41,8,147726.98,3,1,0,172749.4,1,False,False,True,0.93,High,15730287
553,41,1,0.0,2,1,0,90607.31,0,False,False,True,0.0,,15720353
757,36,7,144852.06,1,0,0,130861.95,0,False,False,True,0.05,Low,15767231
581,54,4,89299.81,1,0,0,5558.47,1,False,False,True,0.89,High,15761554
718,40,9,0.0,2,0,0,121537.91,0,False,True,True,0.01,Low,15706637
625,41,6,97663.16,2,1,0,57128.78,0,False,False,True,0.01,Low,15690492
744,39,4,95161.75,1,1,0,19409.77,0,False,True,True,0.12,Low,15694237
799,31,9,154586.92,1,0,1,88604.89,1,True,False,True,0.73,High,15729771
751,34,8,127095.14,2,0,0,479.54,0,False,True,False,0.11,Low,15609823
781,35,7,92526.15,2,1,1,173837.54,0,True,False,True,0.0,,15793366
777,46,0,107362.8,1,1,0,487.3,0,True,False,False,0.25,Low,15614813
704,24,2,0.0,1,1,0,35600.25,1,False,True,False,0.86,High,15566495
539,47,2,127286.04,2,1,1,166929.43,1,False,False,False,0.25,Low,15707602
716,29,6,0.0,2,1,1,98998.61,0,False,False,False,0.01,Low,15635244
670,37,2,0.0,2,1,1,54229.74,0,False,False,True,0.0,,15805627
555,40,10,139930.18,1,1,1,105720.09,0,False,False,True,0.1,Low,15607986
679,30,4,77949.69,1,1,1,121151.46,0,True,False,False,0.04,Low,15799785
571,38,1,121405.04,1,1,1,154844.22,0,False,False,True,0.04,Low,15699963
512,35,5,124580.69,1,1,1,18785.48,0,False,True,False,0.12,Low,15624595
697,35,5,133087.76,1,1,0,64771.61,0,False,False,True,0.12,Low,15629750
424,34,7,0.0,1,1,1,16250.61,0,False,True,True,0.05,Low,15651460
684,43,7,0.0,2,1,0,131093.99,0,False,False,False,0.02,Low,15753550
697,62,7,0.0,1,1,0,129188.18,1,False,True,True,0.97,High,15594133
580,45,8,103741.14,1,1,0,47428.73,1,True,False,True,0.87,High,15772329
600,32,7,98877.95,1,1,0,132973.21,0,False,False,False,0.01,Low,15591552
521,37,5,105843.26,2,1,1,84908.2,0,False,False,True,0.01,Low,15750921
664,44,7,77526.66,3,0,0,57338.56,1,False,True,True,0.95,High,15701687
634,77,5,0.0,2,1,1,161579.85,0,False,False,True,0.0,,15728906
445,33,7,0.0,2,1,0,122625.68,0,False,False,False,0.01,Low,15670029
702,36,2,105264.88,2,1,1,52909.87,0,True,False,False,0.03,Low,15763579
485,37,5,0.0,2,0,1,170226.47,0,False,False,True,0.01,Low,15728010
582,40,3,110150.43,1,1,1,191757.65,1,True,False,False,0.77,High,15663194
605,57,2,0.0,3,1,0,66652.75,1,False,True,False,0.99,High,15736510
628,25,7,0.0,2,1,1,195977.75,0,False,False,True,0.0,,15745804
604,28,6,0.0,2,1,1,69056.26,0,False,True,False,0.0,,15631451
724,31,9,138166.3,1,1,0,12920.43,0,True,False,True,0.07,Low,15746995
567,40,7,122265.24,1,1,0,138552.74,0,True,False,True,0.19,Low,15730673
779,55,0,133295.98,1,1,0,22832.71,1,False,True,False,0.89,High,15734649
785,36,2,0.0,1,0,1,61811.1,0,False,False,True,0.05,Low,15701081
563,32,0,148326.09,1,1,0,191604.27,1,False,False,False,0.61,Medium,15632503
821,31,2,68927.57,1,1,1,25445.0,0,True,False,False,0.05,Low,15585928
747,47,5,139914.6,4,0,1,129964.56,1,False,False,False,0.95,High,15648681
600,58,8,118723.11,1,0,0,6209.51,1,True,False,False,0.96,High,15747757
625,32,7,106957.28,1,1,1,134794.02,0,False,True,True,0.05,Low,15718921
773,41,7,190238.93,1,1,1,57549.65,0,False,False,False,0.11,Low,15571081
726,53,1,113537.73,1,0,1,28367.21,0,False,False,False,0.45,Medium,15734578
641,40,4,101090.27,1,1,1,51703.09,0,False,True,False,0.03,Low,15579583
649,46,2,0.0,2,1,1,66602.7,0,False,False,False,0.0,,15622729
434,33,3,0.0,1,1,1,2739.71,0,False,True,True,0.08,Low,15662189
738,38,7,0.0,2,0,0,69227.42,0,False,False,False,0.02,Low,15692718
762,60,10,168920.75,1,1,0,31445.03,1,False,True,False,0.89,High,15762716
507,31,9,111589.67,1,1,0,150037.19,0,True,False,True,0.36,Medium,15724851
606,27,6,172310.33,1,0,1,111448.92,0,True,False,False,0.01,Low,15587266
655,34,7,118028.35,1,1,0,51226.32,1,True,False,True,0.81,High,15675926
697,51,1,147910.3,1,1,1,53581.14,0,True,False,True,0.11,Low,15706268
504,42,7,131287.36,2,1,1,149697.78,0,True,False,True,0.0,,15581871
653,74,0,121276.32,1,1,1,160348.31,0,False,False,False,0.03,Low,15666166
660,38,6,109869.32,1,1,1,154641.91,0,False,True,True,0.03,Low,15671582
652,34,6,97435.85,2,1,1,104331.76,0,False,False,False,0.01,Low,15680901
669,42,9,0.0,2,0,0,135630.32,0,False,False,False,0.08,Low,15642336
594,35,2,133853.27,1,1,1,65361.66,0,False,False,True,0.01,Low,15653147
756,32,0,109528.16,2,1,1,56176.31,0,True,False,True,0.02,Low,15571284
642,33,4,84607.34,2,0,1,60059.47,0,False,False,False,0.0,,15591360
486,37,1,101438.0,1,0,0,51364.56,0,True,False,True,0.14,Low,15810485
804,55,7,0.0,2,1,1,118752.6,0,False,False,True,0.03,Low,15611973
629,59,9,113657.83,1,1,1,116848.79,1,False,False,True,0.15,Low,15735572
581,44,7,189318.16,2,1,0,45026.23,1,False,True,False,0.55,Medium,15567860
667,31,3,99513.91,1,1,1,189657.26,0,False,False,True,0.02,Low,15795690
667,35,4,97585.32,2,0,0,57213.46,0,False,True,True,0.02,Low,15706464
679,29,3,0.0,2,1,1,63687.06,0,False,False,True,0.01,Low,15725028
680,43,4,0.0,2,1,1,58761.33,0,False,False,False,0.0,,15751167
644,32,3,136659.74,1,1,1,14187.78,0,False,True,True,0.03,Low,15633944
571,30,4,85755.86,1,1,0,145115.95,0,False,False,False,0.02,Low,15672637
627,35,7,0.0,1,1,0,187718.26,0,False,True,False,0.1,Low,15680895
536,39,4,0.0,2,1,0,27150.35,0,False,False,True,0.0,,15793825
599,33,4,51690.89,1,1,0,111622.76,1,False,True,True,0.78,High,15611318
744,34,3,0.0,2,1,0,27244.35,0,False,True,True,0.0,,15768474
709,34,2,111669.68,1,1,0,57029.66,0,False,False,False,0.02,Low,15716276
653,31,2,154741.45,2,0,0,25183.01,0,True,False,True,0.03,Low,15623668
648,31,7,125681.51,1,0,1,129980.93,0,True,False,True,0.02,Low,15696361
663,37,8,155303.71,1,1,0,118716.63,0,True,False,False,0.05,Low,15607988
613,43,4,140681.68,1,0,1,20134.07,0,True,False,False,0.22,Low,15637891
620,28,9,71902.52,1,0,1,190208.23,0,False,False,True,0.03,Low,15789865
661,51,6,146606.6,1,1,1,68021.9,0,False,False,True,0.03,Low,15627190
669,45,1,123949.75,1,0,0,110881.56,0,True,False,True,0.68,Medium,15788224
767,33,1,144753.21,1,1,1,132480.75,0,True,False,False,0.21,Low,15702149
491,72,6,91285.22,1,1,1,7032.95,0,False,False,False,0.02,Low,15708236
653,43,0,0.0,2,1,0,27862.58,0,False,False,True,0.03,Low,15568469
679,58,8,125850.53,2,1,1,87008.17,0,True,False,True,0.1,Low,15764444
687,28,7,108116.66,1,1,1,27411.19,0,False,False,True,0.0,,15794204
837,38,2,0.0,2,1,1,46395.21,0,False,False,False,0.01,Low,15807546
850,28,8,67639.56,2,1,1,194245.29,0,False,False,True,0.03,Low,15782159
663,53,6,150200.23,1,0,1,151317.27,1,False,True,False,0.79,High,15618703
547,22,7,141287.15,1,1,0,118142.79,0,False,True,False,0.04,Low,15793317
627,41,6,0.0,3,1,1,138700.75,1,False,False,False,0.94,High,15740487
707,37,1,0.0,2,0,1,6035.51,0,False,False,True,0.04,Low,15722479
629,43,0,0.0,2,1,1,41263.69,0,False,False,False,0.05,Low,15688264
687,36,4,97157.96,1,0,1,63185.05,0,False,False,False,0.08,Low,15583067
588,36,2,0.0,2,1,0,92536.0,1,False,False,False,0.7,Medium,15686670
502,33,6,125241.17,2,1,1,158736.07,0,True,False,False,0.03,Low,15593345
793,54,2,128966.13,1,0,0,18633.4,1,True,False,True,0.99,High,15811690
727,59,5,152581.06,1,1,0,71830.1,1,True,False,True,0.93,High,15734008
632,32,1,0.0,2,1,0,19525.65,0,False,True,False,0.01,Low,15771856
474,37,5,142688.57,2,1,1,110953.33,0,True,False,False,0.05,Low,15762045
850,31,1,130089.56,2,1,1,4466.21,0,True,False,False,0.08,Low,15778142
584,36,9,0.0,1,1,1,105818.51,0,False,False,True,0.04,Low,15689268
713,32,1,117094.02,1,0,0,149558.83,1,False,False,False,0.68,Medium,15721507
742,24,8,0.0,2,1,0,4070.28,0,False,True,True,0.03,Low,15750476
607,39,10,0.0,3,1,0,132741.13,1,False,False,False,0.93,High,15810723
761,34,2,0.0,2,1,0,61251.25,0,False,True,False,0.01,Low,15787229
600,49,7,90218.9,1,1,0,91347.76,0,False,False,True,0.11,Low,15570508
650,42,4,194532.66,1,1,0,171045.31,1,False,True,True,0.77,High,15617065
850,56,1,169743.83,1,0,0,155850.4,1,True,False,True,0.89,High,15689786
501,34,5,0.0,1,1,0,27380.99,0,False,False,False,0.13,Low,15648876
418,34,8,155973.88,1,1,0,154208.96,0,False,False,True,0.07,Low,15802106
797,59,4,129321.44,1,1,1,93624.55,0,False,True,True,0.08,Low,15773869
788,42,6,138650.49,2,1,0,64746.07,0,True,False,False,0.21,Low,15711635
699,43,2,136487.86,2,1,0,82815.93,0,False,True,True,0.15,Low,15795527
616,18,6,0.0,2,1,1,27308.58,0,False,False,True,0.15,Low,15759133
651,41,4,38617.2,1,1,1,104876.8,0,False,False,False,0.09,Low,15679394
654,28,7,0.0,2,1,0,151316.37,0,False,False,False,0.0,,15801072
676,34,8,82909.14,1,1,0,91817.38,1,False,False,False,0.61,Medium,15646082
708,54,8,145151.4,1,0,1,125311.17,1,True,False,False,0.7,Medium,15796111
499,42,0,147187.84,1,1,1,14868.94,1,False,True,False,0.8,High,15670646
689,39,4,0.0,2,1,0,196112.45,0,False,False,True,0.0,,15578722
850,54,7,108185.81,2,0,0,24093.4,1,False,True,True,0.84,High,15815095
502,30,4,0.0,2,1,1,66263.87,0,False,False,True,0.0,,15730360
643,34,7,0.0,2,0,1,100304.13,0,False,False,True,0.01,Low,15763194
762,28,2,0.0,2,1,0,167909.52,0,False,False,True,0.0,,15720725
719,49,5,105918.1,1,1,1,16246.59,0,False,False,True,0.12,Low,15567834
789,27,6,0.0,2,1,0,103603.65,0,False,False,True,0.0,,15720644
553,42,7,0.0,2,1,0,7680.23,0,False,True,True,0.07,Low,15811742
448,25,2,0.0,2,0,0,95215.73,0,False,True,True,0.06,Low,15813363
632,42,6,59972.26,2,0,1,148172.94,0,True,False,True,0.01,Low,15717629
669,25,7,157228.61,2,1,0,124382.9,0,False,True,True,0.0,,15713160
654,34,5,0.0,2,1,0,159311.46,0,False,True,True,0.01,Low,15568878
726,38,4,0.0,2,0,0,6787.48,0,False,False,False,0.03,Low,15809800
596,21,4,210433.08,2,0,1,197297.77,1,False,False,True,0.72,High,15736420
733,30,1,102452.71,1,1,0,21556.95,0,True,False,False,0.18,Low,15757933
529,35,5,0.0,2,1,0,56518.0,0,False,True,False,0.02,Low,15623072
493,37,8,142987.46,2,1,0,158840.99,0,False,False,False,0.04,Low,15683993
615,29,7,143330.56,2,1,1,126396.01,0,False,True,False,0.07,Low,15570947
600,49,6,0.0,1,0,1,148087.88,1,False,False,False,0.82,High,15797767
666,36,4,120165.4,2,1,0,33701.5,0,False,False,True,0.0,,15731989
644,54,6,0.0,1,0,1,84622.37,0,False,True,True,0.25,Low,15591035
692,36,4,0.0,1,1,0,185580.89,1,False,False,False,0.73,High,15586479
707,73,6,66573.17,1,1,1,62768.8,0,False,False,True,0.02,Low,15605872
603,40,4,102833.46,2,1,1,38829.11,0,False,False,True,0.02,Low,15666012
671,34,5,164757.56,1,1,0,110748.88,0,False,False,False,0.06,Low,15641733
568,36,10,153610.61,1,1,1,54083.8,1,False,True,False,0.69,Medium,15593178
598,35,8,0.0,3,0,1,88658.73,0,False,True,False,0.32,Medium,15649183
606,42,10,0.0,2,1,0,177938.52,0,False,True,True,0.06,Low,15736399
850,36,3,169025.83,1,1,0,174235.06,0,True,False,False,0.02,Low,15751137
644,26,4,153455.72,2,1,1,82696.84,0,False,True,False,0.08,Low,15757188
655,37,4,0.0,2,1,1,142415.97,0,False,False,True,0.0,,15726167
850,30,10,153972.89,2,1,0,62811.03,0,False,False,True,0.14,Low,15624850
683,34,9,114609.55,2,0,1,25339.29,0,False,True,True,0.0,,15717700
663,37,7,143625.83,2,0,1,176487.05,0,True,False,True,0.0,,15716347
682,38,1,116520.28,1,1,1,49833.5,1,True,False,False,0.27,Low,15696287
639,77,6,80926.02,2,1,1,55829.25,0,False,False,True,0.05,Low,15638871
704,23,6,166594.78,1,1,1,155823.2,0,False,False,True,0.06,Low,15765093
691,40,0,115465.98,1,1,1,60622.61,0,False,False,False,0.24,Low,15592999
599,34,8,0.0,2,1,1,174196.68,0,False,False,True,0.0,,15641715
573,36,1,0.0,1,1,1,56905.38,0,False,False,False,0.09,Low,15607746
589,41,7,92618.62,1,1,1,101178.85,0,True,False,False,0.14,Low,15625311
620,25,8,141825.88,1,1,1,73857.94,1,True,False,False,0.62,Medium,15573077
647,28,6,149594.02,2,1,0,102325.19,0,False,True,True,0.02,Low,15735106
737,39,7,130051.66,2,0,0,55356.39,1,False,True,False,0.04,Low,15672912
634,41,7,0.0,2,1,1,131284.93,0,False,False,False,0.02,Low,15589881
660,38,4,0.0,2,0,0,88080.43,0,False,False,True,0.0,,15660144
666,37,2,158468.76,1,0,1,93266.01,0,True,False,False,0.03,Low,15664083
696,44,8,161889.79,1,0,0,75562.47,0,False,False,True,0.14,Low,15690898
836,29,9,133681.78,1,1,1,153747.73,0,False,False,False,0.38,Medium,15808023
667,34,5,0.0,2,1,0,163830.64,0,False,True,False,0.01,Low,15676909
596,20,3,187294.46,1,1,0,103456.47,0,False,True,True,0.08,Low,15764922
430,31,5,0.0,1,1,0,95655.16,0,False,False,True,0.06,Low,15766734
596,67,6,0.0,2,1,1,138350.74,0,False,True,True,0.01,Low,15795079
599,28,7,119706.22,1,0,0,31190.42,0,False,False,True,0.0,,15757434
519,22,8,0.0,1,0,1,167553.06,0,False,False,False,0.09,Low,15673747
721,45,7,138523.2,1,0,0,59604.45,1,True,False,False,0.9,High,15808386
603,56,5,90778.76,2,1,0,162223.67,1,False,True,False,0.8,High,15603565
572,47,4,99353.42,1,1,0,196549.85,1,True,False,True,0.83,High,15744044
453,40,1,111524.49,1,1,1,120373.84,1,True,False,False,0.52,Medium,15577771
668,37,7,128645.67,1,1,0,92149.64,0,False,False,False,0.18,Low,15769548
762,35,1,117458.51,1,0,1,178361.48,1,True,False,True,0.76,High,15802071
633,39,9,129189.15,2,0,0,170998.83,0,False,False,False,0.07,Low,15677395
647,33,7,121260.19,2,1,0,77216.48,0,False,True,True,0.02,Low,15632010
796,56,6,94231.13,1,0,0,121164.6,1,False,True,True,0.89,High,15779492
733,39,1,0.0,2,1,1,141841.31,0,False,False,True,0.0,,15694677
556,34,8,163757.06,1,1,1,104000.06,0,False,False,True,0.07,Low,15704315
489,58,4,0.0,2,1,1,191419.32,0,False,True,True,0.02,Low,15742009
639,22,4,0.0,2,1,0,28188.96,0,False,False,True,0.01,Low,15766663
715,35,2,141005.47,1,1,1,60407.93,0,False,False,True,0.02,Low,15742297
807,42,9,105356.09,2,1,1,130489.37,0,True,False,False,0.07,Low,15688059
714,34,5,0.0,2,1,0,193040.32,0,False,True,True,0.01,Low,15752344
626,23,6,85897.95,1,1,0,109742.8,0,True,False,False,0.05,Low,15698749
697,36,7,0.0,2,1,1,74760.32,0,False,False,True,0.0,,15631693
850,31,4,164672.66,1,0,1,61936.1,0,True,False,False,0.08,Low,15604536
737,45,2,99169.67,2,1,1,78650.95,0,True,False,False,0.21,Low,15802869
812,29,6,0.0,2,0,0,168023.6,0,False,False,True,0.02,Low,15635598
583,36,8,0.0,2,0,1,5571.59,0,False,False,True,0.0,,15592326
730,37,5,124053.03,1,1,0,118591.67,0,True,False,False,0.3,Low,15736533
677,36,4,0.0,2,1,0,7824.31,0,False,False,True,0.01,Low,15647191
748,40,3,103499.09,2,0,0,38153.19,0,True,False,False,0.04,Low,15622507
753,38,9,151766.71,1,1,1,180829.99,0,True,False,False,0.27,Low,15765487
634,36,1,0.0,1,1,1,143960.72,0,False,True,False,0.05,Low,15646521
622,29,7,101486.96,1,1,1,8788.35,0,False,False,True,0.0,,15746258
699,36,2,123601.56,2,1,0,103557.85,0,True,False,True,0.02,Low,15692430
570,38,1,127201.58,1,1,0,147168.28,1,True,False,True,0.83,High,15625501
552,33,3,144962.74,1,1,0,58844.84,1,True,False,True,0.63,Medium,15640521
619,48,4,0.0,1,0,0,18094.96,1,False,False,False,0.92,High,15790630
714,33,8,122017.19,1,0,0,162515.17,0,False,True,True,0.02,Low,15664720
503,32,9,100262.88,2,1,1,157921.25,0,False,True,True,0.02,Low,15750055
685,43,6,117302.62,1,0,0,68701.73,0,False,True,False,0.07,Low,15644878
606,35,0,135984.15,2,1,0,186778.89,0,False,False,False,0.06,Low,15754578
678,38,3,0.0,2,1,0,66561.6,0,False,False,True,0.0,,15705379
724,31,2,160997.54,2,0,1,64831.36,0,True,False,True,0.03,Low,15761047
779,37,2,128389.63,1,1,1,6589.16,1,True,False,False,0.7,Medium,15671293
638,35,1,0.0,2,1,0,165370.66,0,False,True,True,0.02,Low,15687527
610,50,5,130554.51,3,1,0,184758.17,1,False,True,False,0.97,High,15647898
646,57,6,90212.0,1,1,0,13911.27,1,True,False,False,0.86,High,15671534
628,29,9,71996.29,1,1,1,34857.46,0,False,False,False,0.06,Low,15591248
528,32,4,85615.66,2,1,0,156192.43,0,False,False,False,0.08,Low,15676156
432,27,6,62339.81,2,0,0,53874.67,0,False,False,False,0.07,Low,15812918
622,47,6,142319.03,1,0,0,100183.05,0,False,True,False,0.11,Low,15604130
721,54,5,0.0,2,1,1,4493.12,0,False,False,True,0.01,Low,15700549
614,36,5,0.0,2,1,0,130610.78,0,False,True,True,0.0,,15715519
634,24,2,87413.19,1,1,0,63340.65,0,False,False,False,0.01,Low,15707042
742,29,4,0.0,2,1,1,180066.59,0,False,False,False,0.0,,15605276
516,45,4,0.0,1,1,0,95273.73,1,False,False,False,0.88,High,15630592
718,35,3,97560.16,1,1,1,53511.74,0,False,False,True,0.0,,15636626
636,30,8,141787.31,2,1,1,109685.61,0,True,False,True,0.0,,15740411
691,36,7,129934.64,1,0,0,75664.56,1,False,True,True,0.66,Medium,15593834
698,37,2,166178.02,2,1,1,71972.95,0,False,False,False,0.02,Low,15804235
712,39,5,163097.55,2,1,1,23702.42,0,False,True,False,0.09,Low,15679801
659,20,8,0.0,2,0,0,112572.02,0,False,False,True,0.0,,15673907
573,44,8,0.0,2,0,0,62424.46,0,False,True,True,0.06,Low,15636562
778,35,1,151958.19,3,1,1,131238.37,1,True,False,False,0.95,High,15702571
732,46,0,0.0,2,1,1,184350.78,0,False,False,True,0.13,Low,15627365
550,33,4,118400.91,1,0,1,13999.64,1,True,False,True,0.68,Medium,15748499
790,20,8,0.0,2,1,0,168152.76,0,False,True,True,0.0,,15598614
665,43,2,116322.27,4,1,0,35640.12,1,True,False,False,0.95,High,15668889
728,43,5,0.0,1,1,1,120088.17,0,False,True,False,0.06,Low,15800049
645,29,4,0.0,2,1,1,74346.11,0,False,True,False,0.0,,15583724
647,30,6,143138.91,2,1,0,2955.46,0,True,False,True,0.03,Low,15622083
596,32,4,0.0,2,0,1,146504.35,0,False,True,True,0.0,,15645571
610,40,9,0.0,1,1,1,149602.54,0,False,False,True,0.11,Low,15598266
512,36,0,129804.17,1,1,0,53020.9,0,False,False,True,0.06,Low,15667934
768,37,9,108308.11,1,1,0,41788.25,1,True,False,True,0.37,Medium,15569682
666,30,3,110153.27,1,0,1,74849.46,0,True,False,True,0.02,Low,15772941
700,30,4,116377.48,1,1,1,134417.31,0,True,False,False,0.04,Low,15586174
651,37,10,117791.06,2,1,1,75837.58,0,True,False,False,0.03,Low,15803682
542,26,2,0.0,2,1,1,54869.54,0,False,True,False,0.01,Low,15627328
686,35,8,105419.73,1,1,0,35356.46,0,False,False,False,0.04,Low,15717065
850,47,4,99219.47,2,1,1,122141.13,0,True,False,False,0.15,Low,15602456
658,55,8,119327.93,1,0,1,119439.66,0,True,False,False,0.7,Medium,15721569
448,36,6,83947.12,2,1,0,81999.53,0,False,False,False,0.01,Low,15573798
609,32,4,99883.16,1,1,1,120594.85,0,False,True,True,0.01,Low,15638272
704,50,4,165438.26,1,1,0,120770.75,1,False,False,True,0.89,High,15799859
698,31,1,156111.24,1,0,0,134790.74,0,False,False,True,0.1,Low,15599152
759,44,2,111095.58,2,1,0,100137.7,0,False,False,True,0.04,Low,15737909
677,56,0,119963.45,1,0,0,158325.87,1,False,False,False,0.84,High,15646190
544,22,4,0.0,2,1,0,70007.67,0,False,True,True,0.01,Low,15711249
567,35,8,153137.74,1,1,0,88659.07,0,False,True,True,0.04,Low,15671987
490,40,6,156111.08,1,0,0,190889.13,0,False,True,True,0.13,Low,15812766
626,34,7,113014.7,2,1,1,56646.28,0,False,False,True,0.04,Low,15778589
718,43,5,132615.73,2,1,0,32999.1,0,True,False,True,0.09,Low,15750104
616,44,5,102016.38,1,0,1,178235.37,1,False,False,True,0.64,Medium,15784526
772,35,9,0.0,1,0,1,25448.31,0,False,False,False,0.12,Low,15646563
561,32,5,0.0,2,1,0,84871.99,0,False,False,True,0.0,,15744423
814,49,8,0.0,2,0,0,157822.54,0,False,False,True,0.06,Low,15593694
651,56,4,0.0,1,0,0,84383.22,1,False,False,False,0.91,High,15785367
538,42,4,80380.24,1,1,0,119216.46,0,True,False,False,0.18,Low,15687765
600,26,6,108909.12,1,1,0,82547.01,0,False,False,False,0.04,Low,15789014
654,35,2,90865.8,1,1,1,86764.46,0,False,False,False,0.04,Low,15703177
622,40,4,99799.76,2,1,0,197372.13,0,False,False,True,0.01,Low,15660263
682,28,10,200724.96,1,0,1,82872.64,1,False,False,True,0.14,Low,15776545
610,37,10,140363.95,2,1,1,129563.86,0,False,True,False,0.15,Low,15683276
795,36,1,151844.64,1,1,1,135388.89,0,False,False,False,0.03,Low,15599272
557,27,2,0.0,2,0,1,4497.55,0,False,False,False,0.01,Low,15589541
824,49,8,133231.48,1,1,1,67885.37,0,True,False,True,0.29,Low,15608804
698,27,7,0.0,2,1,0,111471.55,0,False,False,True,0.0,,15645820
630,36,8,126598.99,2,1,1,134407.93,0,False,False,False,0.13,Low,15659031
609,71,6,113317.1,1,1,0,108258.22,1,True,False,False,0.91,High,15790113
694,47,4,0.0,2,1,0,197528.62,0,False,False,True,0.11,Low,15652289
681,58,8,93173.88,1,1,1,139761.25,0,False,False,False,0.11,Low,15605341
721,32,10,0.0,1,1,0,136119.96,1,False,True,False,0.76,High,15697844
563,44,7,105007.31,2,1,1,197812.16,0,True,False,True,0.05,Low,15652048
654,32,2,0.0,1,1,1,51972.92,1,False,True,False,0.77,High,15587038
659,27,4,0.0,2,1,0,99341.87,0,False,True,True,0.0,,15660528
674,44,4,131593.85,1,0,1,171345.02,1,True,False,False,0.7,Medium,15700300
576,44,9,119530.52,1,1,0,119056.68,1,True,False,True,0.64,Medium,15642001
566,54,4,118614.6,2,1,1,172601.62,0,True,False,True,0.11,Low,15580366
545,37,9,95829.13,2,0,1,104936.88,0,True,False,True,0.01,Low,15657228
798,36,1,0.0,2,1,1,159044.1,0,False,False,True,0.0,,15729377
757,38,0,0.0,1,1,0,83263.06,0,False,False,True,0.12,Low,15686913
641,50,6,153590.73,2,1,1,130910.78,0,False,False,True,0.08,Low,15631267
718,29,2,0.0,1,1,0,126336.72,0,False,False,True,0.06,Low,15632275
699,64,9,113109.52,1,1,0,27980.8,1,False,False,True,0.75,High,15715907
623,35,0,130557.24,1,1,1,47880.71,0,False,False,False,0.03,Low,15764841
644,40,8,93183.19,1,1,0,73882.49,0,False,False,True,0.13,Low,15748649
586,58,7,151933.63,1,1,0,162960.05,1,False,False,True,0.95,High,15771409
500,30,2,125495.64,2,1,1,68807.47,0,True,False,True,0.02,Low,15779207
583,42,7,0.0,2,1,0,144039.05,0,False,False,False,0.03,Low,15814116
595,26,8,118547.72,1,1,1,151192.18,0,True,False,False,0.08,Low,15665087
670,43,1,97792.21,1,0,0,120225.62,0,False,True,True,0.07,Low,15611189
610,41,6,0.0,3,0,0,56118.81,1,False,False,True,0.59,Medium,15729718
814,72,2,0.0,2,0,1,130853.03,0,False,True,False,0.02,Low,15733602
660,40,8,167181.01,1,1,1,185156.94,0,False,False,False,0.15,Low,15620103
580,35,9,121355.19,1,0,1,35671.45,0,True,False,True,0.08,Low,15770406
850,81,1,0.0,2,1,1,59568.24,0,False,False,False,0.0,,15800554
676,35,0,0.0,2,0,0,139911.58,0,False,True,True,0.02,Low,15611409
578,46,5,113226.47,1,1,0,56770.76,0,False,False,True,0.18,Low,15646535
579,33,1,118392.75,1,1,1,157564.75,0,False,False,False,0.05,Low,15575430
711,52,8,145262.54,1,0,1,131473.31,0,True,False,False,0.3,Low,15711299
692,40,6,163505.16,1,0,0,90424.09,0,False,False,True,0.07,Low,15642063
760,33,1,118114.28,2,0,1,156660.21,0,False,True,False,0.05,Low,15706602
630,51,0,108449.23,3,0,0,88372.69,1,True,False,False,0.99,High,15592773
808,32,1,0.0,2,1,1,46200.71,0,False,False,True,0.0,,15786539
611,36,10,103294.56,1,1,0,160548.12,0,True,False,False,0.39,Medium,15737542
697,42,1,0.0,1,1,0,1262.83,1,False,False,False,0.76,High,15590234
655,38,6,0.0,1,1,1,188639.28,0,False,False,False,0.11,Low,15773776
601,28,6,0.0,2,1,0,14665.28,0,False,True,True,0.0,,15728082
755,42,2,119919.12,1,1,0,156868.21,0,False,False,True,0.27,Low,15609987
553,37,1,0.0,1,1,0,30461.55,0,False,False,True,0.08,Low,15735330
723,28,4,0.0,2,1,1,123885.88,0,False,False,True,0.01,Low,15649430
507,34,4,0.0,2,1,1,60688.38,0,False,True,False,0.0,,15768777
777,43,1,0.0,2,1,0,21785.91,0,False,False,True,0.07,Low,15777893
566,34,3,0.0,1,0,0,188135.69,0,False,False,True,0.02,Low,15791326
732,26,7,0.0,2,1,0,154364.66,0,False,False,True,0.0,,15615176
697,42,10,0.0,2,1,0,61312.15,0,False,False,False,0.05,Low,15735221
555,29,4,128744.04,1,1,1,47454.93,0,False,False,True,0.0,,15617991
584,62,9,137727.34,2,0,1,121102.9,0,True,False,False,0.31,Medium,15658504
705,44,10,106731.58,1,1,0,137419.87,1,True,False,False,0.87,High,15785705
688,38,7,123544.21,1,1,1,157664.02,0,False,False,False,0.03,Low,15801817
626,37,2,133968.96,2,1,0,148689.65,0,False,False,False,0.08,Low,15752578
636,76,9,126534.6,1,1,1,39789.62,0,False,True,True,0.01,Low,15781574
719,35,8,0.0,1,1,1,165162.4,0,False,True,False,0.02,Low,15792107
706,30,6,87609.68,2,0,0,137674.55,1,False,True,True,0.63,Medium,15569917
731,41,3,0.0,2,1,0,101371.72,0,False,True,True,0.02,Low,15721504
738,49,3,0.0,3,1,1,65066.48,1,False,True,True,0.87,High,15757306
426,34,9,0.0,2,1,0,107876.91,0,False,False,True,0.0,,15647295
622,36,0,108960.0,2,1,0,111180.3,1,False,True,False,0.66,Medium,15642098
701,30,2,0.0,2,1,0,115650.63,0,False,True,False,0.02,Low,15696120
512,51,6,144953.31,1,1,1,165035.17,0,False,False,True,0.16,Low,15675176
635,41,4,103544.88,2,1,0,193746.55,0,False,False,True,0.01,Low,15700046
685,33,6,0.0,1,1,0,58458.26,0,False,False,True,0.04,Low,15782089
609,53,7,0.0,2,0,1,52332.85,0,False,False,True,0.08,Low,15706394
598,38,1,101487.18,1,1,1,75959.1,1,True,False,True,0.73,High,15759387
708,52,10,105355.81,1,1,0,123.07,1,False,False,True,0.34,Medium,15623369
574,36,4,77967.5,1,1,0,167066.95,1,False,True,True,0.12,Low,15732943
629,44,5,0.0,4,0,0,117572.59,1,False,False,True,0.78,High,15750545
422,54,4,0.0,2,1,1,7166.71,0,False,True,False,0.14,Low,15809909
656,28,8,120047.77,1,1,1,137173.39,0,False,True,True,0.02,Low,15642448
697,32,7,175464.85,3,1,0,116442.42,1,False,False,True,0.93,High,15791944
718,52,8,79475.3,3,1,1,32421.32,1,False,False,True,0.92,High,15768342
586,37,8,167735.69,2,0,1,104665.79,0,True,False,True,0.02,Low,15567919
481,37,8,0.0,2,1,0,44215.86,0,False,True,False,0.02,Low,15674750
749,33,1,74385.98,1,1,0,20164.47,0,False,False,False,0.06,Low,15778345
561,49,5,94754.0,1,1,1,26691.31,0,True,False,True,0.33,Medium,15687634
676,27,4,0.0,1,0,1,107955.67,0,False,True,True,0.03,Low,15666096
615,43,3,86920.86,1,1,1,150048.37,0,True,False,True,0.07,Low,15581700
582,39,1,132077.48,2,1,0,192255.15,0,False,False,False,0.16,Low,15656417
601,40,10,127847.86,1,0,0,173245.68,0,False,False,True,0.1,Low,15649101
708,34,3,0.0,1,0,1,121457.88,1,False,False,True,0.6,Medium,15781975
708,42,9,176702.36,2,1,1,104804.74,0,True,False,True,0.02,Low,15700511
797,33,10,83555.58,1,0,0,69767.14,0,True,False,False,0.12,Low,15770255
682,26,8,0.0,2,1,0,178373.43,0,False,False,True,0.0,,15643574
694,39,9,0.0,2,0,0,99924.04,0,False,True,False,0.01,Low,15595010
490,40,1,0.0,1,1,1,49594.19,1,False,False,False,0.28,Low,15580579
828,42,10,0.0,1,1,1,186071.14,0,False,True,True,0.12,Low,15748532
594,38,7,96858.35,1,1,0,77511.45,0,False,True,False,0.1,Low,15773789
579,33,1,0.0,2,1,1,54816.57,0,False,True,True,0.0,,15600027
723,35,0,0.0,2,0,1,61290.99,0,False,False,False,0.03,Low,15620832
619,42,8,132796.04,3,1,1,191821.35,1,True,False,False,0.83,High,15568819
794,30,1,154970.54,1,0,1,156768.45,0,False,True,False,0.04,Low,15748691
674,44,3,88902.21,1,1,0,73731.32,0,True,False,True,0.2,Low,15583552
418,28,7,98738.92,1,1,0,122190.22,0,False,False,True,0.06,Low,15588019
502,33,8,0.0,2,1,1,123509.01,0,False,False,True,0.0,,15713250
678,50,6,0.0,1,1,0,8199.5,0,False,False,False,0.31,Medium,15569595
599,40,10,137456.28,2,1,1,14113.11,0,True,False,True,0.05,Low,15794868
736,29,4,0.0,2,0,0,51705.01,0,False,False,True,0.0,,15576680
430,60,7,73937.02,1,1,0,161937.62,1,False,False,False,0.95,High,15613699
537,45,7,158621.04,1,1,0,120892.96,1,False,False,False,0.29,Low,15609758
683,30,1,113257.2,1,1,1,65035.02,0,False,True,True,0.01,Low,15762392
828,31,9,0.0,1,0,1,164257.37,0,False,False,True,0.15,Low,15693382
691,29,9,116536.43,1,1,0,51987.99,0,False,False,False,0.03,Low,15791769
608,28,4,0.0,2,1,0,10899.63,1,False,True,False,0.69,Medium,15712483
691,60,6,101070.69,1,1,0,177355.8,1,False,False,False,0.96,High,15636454
718,39,6,0.0,2,0,1,63889.1,0,False,True,True,0.0,,15710138
680,31,3,127331.46,3,1,1,176433.6,0,True,False,False,0.84,High,15571571
838,41,5,0.0,2,1,0,81313.51,0,False,True,False,0.02,Low,15638751
695,31,5,0.0,2,0,1,13998.88,0,False,True,False,0.02,Low,15598574
681,46,0,105969.42,1,1,0,5771.56,0,False,False,True,0.17,Low,15796787
762,36,5,119547.46,1,1,1,42693.65,0,False,False,True,0.01,Low,15615670
751,38,7,0.0,2,0,0,90839.61,0,False,True,True,0.0,,15705506
678,28,5,138668.18,1,1,1,54144.01,0,False,True,True,0.02,Low,15599535
634,37,7,51582.5,2,1,1,184312.88,0,False,False,False,0.03,Low,15768449
749,37,7,0.0,2,1,0,20306.79,0,False,False,True,0.02,Low,15725002
590,37,6,169902.92,1,1,1,128256.18,0,False,True,True,0.01,Low,15611682
610,27,4,87262.4,2,1,0,182720.07,0,False,False,False,0.01,Low,15749964
502,33,7,0.0,2,0,1,4082.52,0,False,False,True,0.0,,15678779
578,40,7,0.0,2,0,0,102233.73,0,False,False,False,0.09,Low,15752601
547,32,2,0.0,2,1,0,132002.83,0,False,False,False,0.0,,15758477
579,27,9,0.0,2,1,0,126838.7,0,False,False,False,0.0,,15629133
661,39,5,0.0,2,0,0,181461.46,0,False,False,True,0.04,Low,15604963
794,46,6,0.0,2,1,0,195325.74,0,False,False,True,0.03,Low,15796413
719,61,5,0.0,2,0,1,29132.43,0,False,False,True,0.02,Low,15812470
728,69,1,0.0,2,1,1,131804.86,0,False,False,False,0.04,Low,15587443
598,19,3,150348.37,1,1,1,173784.04,0,True,False,True,0.03,Low,15689692
822,46,3,115074.02,2,1,0,26249.86,0,True,False,False,0.18,Low,15779586
670,40,3,0.0,1,1,1,182650.15,0,False,True,False,0.11,Low,15667588
850,28,8,99986.98,1,1,0,196582.55,0,False,False,True,0.03,Low,15624423
723,68,3,110357.0,1,0,0,141977.54,1,True,False,False,0.93,High,15591107
705,42,8,166685.92,2,1,1,55313.51,0,True,False,True,0.02,Low,15748986
677,40,7,95312.8,1,1,1,62944.75,0,False,True,True,0.07,Low,15793896
736,43,4,202443.47,1,1,0,72375.03,0,False,False,True,0.62,Medium,15620570
661,47,0,109493.62,1,0,0,188324.01,1,True,False,False,0.95,High,15727811
501,38,9,88977.39,2,0,1,133403.07,0,True,False,True,0.03,Low,15707681
516,29,2,104982.57,1,1,0,157378.5,0,False,False,False,0.02,Low,15702030
517,59,8,154110.99,2,1,0,101240.08,1,True,False,False,0.69,Medium,15673238
766,32,6,185714.28,1,1,1,102502.5,0,False,False,True,0.03,Low,15604196
520,23,3,116022.53,2,1,1,37577.66,0,True,False,False,0.02,Low,15769356
541,46,6,0.0,2,1,1,83456.67,0,False,False,True,0.03,Low,15665590
790,34,2,164011.48,1,1,0,199420.41,0,True,False,False,0.19,Low,15572361
797,31,9,0.0,2,1,1,24748.89,0,False,False,True,0.0,,15667460
811,40,1,101514.89,1,1,1,121765.0,0,False,False,True,0.05,Low,15654760
722,32,4,0.0,2,1,1,113666.48,0,False,True,False,0.0,,15632669
675,28,9,0.0,1,1,0,134110.93,0,False,False,True,0.33,Medium,15613673
660,39,9,134599.33,2,1,0,183095.87,0,True,False,True,0.09,Low,15698522
566,32,10,147511.26,1,1,1,159891.03,0,False,True,True,0.11,Low,15741633
768,25,0,78396.08,1,1,1,8316.19,0,False,False,True,0.01,Low,15674583
610,31,5,0.0,2,0,0,63736.36,0,False,True,False,0.01,Low,15665374
715,31,3,110581.29,1,1,1,94715.24,0,False,False,False,0.0,,15588854
750,42,8,151836.36,2,1,0,68695.38,0,True,False,True,0.07,Low,15810716
431,45,5,83624.55,2,0,0,36899.62,0,True,False,True,0.14,Low,15776921
704,24,2,148197.15,2,1,0,182775.08,0,False,False,True,0.04,Low,15569394
535,30,5,122924.75,1,0,0,62390.59,1,False,True,False,0.1,Low,15788215
614,38,4,72594.0,1,1,1,76042.48,0,False,False,False,0.11,Low,15641007
748,38,4,115221.36,1,0,1,70956.75,0,False,False,True,0.04,Low,15594651
492,51,8,117808.74,2,1,1,67311.12,0,True,False,True,0.12,Low,15575146
573,40,7,147754.68,1,1,1,110454.46,0,False,False,True,0.05,Low,15608916
706,53,3,0.0,3,0,0,88479.02,1,False,True,False,0.91,High,15666297
680,31,10,113292.17,1,1,1,122639.73,0,False,False,True,0.01,Low,15598586
458,36,5,0.0,2,1,0,79723.78,0,False,True,True,0.0,,15665014
612,44,2,115163.38,1,1,1,97677.52,1,True,False,True,0.76,High,15701738
809,50,10,118098.62,1,1,1,100720.02,1,True,False,True,0.8,High,15650591
590,39,9,0.0,2,1,1,104730.52,0,False,False,True,0.0,,15652667
602,35,8,0.0,1,1,1,22499.29,0,False,False,True,0.05,Low,15679622
540,37,0,120825.7,1,1,0,28257.89,0,False,True,True,0.04,Low,15730150
494,25,6,0.0,2,0,1,109988.09,0,False,False,True,0.0,,15813192
797,29,1,0.0,1,0,1,149991.32,0,False,False,True,0.04,Low,15606554
526,61,6,133845.28,2,1,1,45180.8,0,True,False,True,0.07,Low,15611794
631,38,7,0.0,2,1,0,181605.85,0,False,True,True,0.04,Low,15672357
576,29,5,108541.04,1,1,1,126469.09,0,False,False,False,0.04,Low,15711759
405,39,10,0.0,1,1,0,160810.85,1,False,False,True,0.44,Medium,15615296
555,30,1,0.0,2,0,0,88146.86,0,False,False,True,0.0,,15699294
750,37,2,113817.06,1,0,0,88333.74,0,False,True,False,0.02,Low,15788634
665,28,8,137300.23,1,1,0,90174.83,0,False,False,True,0.02,Low,15660871
640,37,5,158024.38,1,1,0,81298.09,0,False,True,True,0.06,Low,15618258
457,33,7,127837.54,1,0,1,60013.17,0,False,False,False,0.0,,15722535
695,36,4,161533.0,1,1,0,100940.91,0,False,False,True,0.03,Low,15711977
645,31,7,161171.7,2,1,0,12599.94,1,False,False,True,0.63,Medium,15690169
647,32,9,80958.36,1,1,1,128590.73,0,False,True,True,0.02,Low,15790689
808,25,7,0.0,2,0,1,23180.37,0,False,True,True,0.0,,15665181
641,33,2,146193.6,2,1,1,55796.83,1,False,False,True,0.69,Medium,15633608
700,29,8,0.0,2,0,1,152097.02,0,False,True,True,0.0,,15805261
660,26,4,115021.76,1,0,1,162443.05,0,True,False,True,0.01,Low,15740356
615,41,1,126773.43,1,1,1,55551.26,0,False,True,True,0.03,Low,15808223
705,40,3,92889.91,1,1,1,109496.69,0,True,False,False,0.11,Low,15769980
718,48,9,0.0,2,1,1,72105.63,0,False,False,True,0.05,Low,15675450
754,61,5,146622.35,1,1,1,41815.22,1,False,False,True,0.61,Medium,15776494
713,45,4,131038.14,1,1,0,74005.04,1,True,False,True,0.9,High,15592412
587,46,6,88820.29,1,0,0,70224.34,0,False,False,False,0.17,Low,15777452
569,31,1,115406.97,1,0,0,145528.22,0,False,True,True,0.01,Low,15692258
568,38,3,132951.92,1,0,1,124486.28,0,False,False,False,0.03,Low,15791045
634,74,5,108891.7,1,1,0,10078.02,0,True,False,True,0.73,High,15807889
770,46,5,141788.63,2,0,0,164967.21,0,True,False,False,0.08,Low,15602043
676,64,4,116954.32,1,1,1,91149.48,0,False,True,False,0.05,Low,15807335
723,47,10,90450.0,2,0,0,103379.31,1,True,False,False,0.42,Medium,15629985
614,39,8,125997.22,1,1,1,128049.34,1,True,False,False,0.79,High,15679453
601,41,3,0.0,2,1,0,54342.83,0,False,True,False,0.08,Low,15637315
592,60,9,0.0,4,1,1,13614.01,1,False,False,True,0.86,High,15691513
605,36,9,0.0,2,0,1,35521.63,0,False,True,False,0.05,Low,15622289
752,31,4,144637.86,2,1,0,40496.72,0,False,True,False,0.03,Low,15715184
677,29,3,86616.35,1,0,0,91903.9,1,False,False,False,0.1,Low,15702801
850,31,8,0.0,2,1,0,178667.7,0,False,False,True,0.02,Low,15719931
608,48,2,127924.25,2,1,0,32202.61,0,True,False,False,0.23,Low,15806081
786,34,9,0.0,2,1,0,117034.32,0,False,True,False,0.01,Low,15796336
777,29,9,131240.61,1,1,1,163746.09,1,False,False,False,0.63,Medium,15647306
667,31,5,0.0,2,1,1,20346.69,0,False,True,True,0.01,Low,15742369
848,35,5,120046.74,2,1,0,84710.65,0,False,True,True,0.01,Low,15655859
486,39,8,97819.36,1,0,1,120531.31,0,False,False,False,0.14,Low,15675650
598,64,1,62979.93,1,1,1,152273.57,0,False,True,False,0.07,Low,15574119
506,40,3,0.0,1,1,1,144345.58,0,False,False,False,0.14,Low,15754168
612,46,9,161450.03,1,1,1,96961.0,1,True,False,True,0.77,High,15763029
545,30,3,0.0,2,1,0,170307.43,0,False,False,True,0.0,,15765048
793,56,8,119496.25,2,1,0,29880.99,0,False,False,True,0.59,Medium,15786215
682,30,9,0.0,2,1,1,195104.91,0,False,False,False,0.0,,15707559
517,62,1,43772.66,3,1,0,187756.24,1,False,False,True,0.98,High,15582129
684,32,9,100249.41,2,0,1,67599.69,0,False,False,True,0.02,Low,15687540
692,46,2,0.0,2,1,1,105983.09,0,False,True,True,0.01,Low,15787196
740,60,5,108028.08,2,0,0,25980.42,1,False,False,False,0.88,High,15670898
666,71,1,53013.29,2,1,1,112222.64,0,True,False,True,0.07,Low,15775433
693,68,2,0.0,2,1,1,59864.96,0,False,False,True,0.0,,15700693
757,33,1,122088.67,1,1,0,42581.09,0,True,False,True,0.13,Low,15677955
684,18,9,90544.0,1,0,1,4777.23,0,True,False,True,0.18,Low,15570086
691,35,6,0.0,2,0,1,178038.17,0,False,True,True,0.01,Low,15794875
842,44,3,141252.18,4,0,1,128521.16,1,False,False,True,0.92,High,15673591
482,35,5,147813.05,2,0,0,109029.72,0,False,False,False,0.07,Low,15631756
735,55,6,134140.68,1,1,0,2267.88,0,False,False,True,0.23,Low,15757617
681,63,7,0.0,2,1,1,55054.48,0,False,False,False,0.01,Low,15612729
616,31,8,0.0,1,0,1,76456.17,0,False,False,False,0.13,Low,15637857
850,35,2,128548.49,4,1,0,75478.95,1,False,False,False,0.93,High,15681007
635,43,10,122198.21,2,0,1,179144.54,0,False,False,True,0.04,Low,15593622
638,42,8,145177.84,1,1,0,193471.74,1,True,False,True,0.71,High,15629273
820,31,2,94222.53,1,1,0,103570.8,0,False,True,False,0.08,Low,15765846
694,58,1,143212.22,1,0,0,102628.56,1,True,False,False,0.92,High,15596013
713,41,3,0.0,2,1,0,55772.04,0,False,False,True,0.02,Low,15722473
543,41,6,143350.41,1,1,1,192070.16,1,True,False,True,0.21,Low,15774936
649,41,3,130931.83,1,1,1,144808.37,0,False,False,False,0.22,Low,15685640
777,30,4,137851.31,1,1,0,5008.23,1,False,False,False,0.09,Low,15566563
561,33,6,0.0,2,0,0,173680.39,0,False,False,True,0.02,Low,15768746
724,41,5,0.0,1,0,1,115753.94,0,False,True,True,0.18,Low,15689952
665,51,8,0.0,1,1,1,38928.48,1,False,True,False,0.75,High,15725906
441,60,1,140614.15,1,0,1,174381.23,0,False,False,True,0.05,Low,15634501
579,22,3,118680.57,1,1,1,49829.8,0,False,True,True,0.12,Low,15571940
777,35,7,122917.69,1,1,1,76169.68,0,True,False,True,0.24,Low,15741643
739,36,0,0.0,2,0,0,133465.57,0,False,False,False,0.15,Low,15806822
660,40,5,131754.11,2,1,1,38761.61,0,False,False,True,0.04,Low,15701166
554,35,8,0.0,2,1,1,176779.46,0,False,False,False,0.0,,15718531
850,24,6,0.0,2,1,1,13159.9,0,False,False,False,0.01,Low,15628308
842,35,9,119948.09,1,1,0,48217.97,1,True,False,False,0.77,High,15585287
785,38,1,0.0,1,1,0,134964.85,1,False,False,False,0.34,Medium,15781619
550,25,0,0.0,2,1,1,184221.11,0,False,False,True,0.0,,15805162
750,39,6,0.0,2,0,0,19264.33,0,False,True,False,0.03,Low,15588535
490,38,3,97266.1,1,1,1,92797.23,0,False,True,False,0.0,,15775307
605,28,10,113690.83,1,1,0,33114.24,0,True,False,True,0.49,Medium,15777616
563,42,6,99056.22,2,1,0,154347.95,1,False,True,False,0.76,High,15692291
675,34,8,0.0,2,1,1,184842.21,0,False,False,True,0.0,,15680843
621,36,7,116338.68,1,1,1,155743.48,0,False,True,False,0.02,Low,15606232
850,40,6,97339.99,1,0,1,88815.25,0,False,False,True,0.04,Low,15641585
711,41,3,0.0,2,1,1,193747.57,0,False,False,True,0.02,Low,15684358
549,55,1,137592.31,2,0,1,116548.02,1,True,False,False,0.78,High,15806389
764,34,6,108760.27,2,1,0,166324.79,1,True,False,True,0.64,Medium,15641860
627,30,3,128770.88,2,1,1,40199.01,0,True,False,True,0.0,,15814237
850,34,2,0.0,2,0,0,51919.04,0,False,False,False,0.0,,15808780
614,36,1,44054.84,1,1,1,73329.08,0,False,True,False,0.25,Low,15767064
685,44,2,119657.53,1,1,0,145387.05,1,True,False,False,0.94,High,15751177
683,49,7,108797.63,2,0,0,140763.18,0,True,False,False,0.22,Low,15613427
643,35,2,0.0,2,0,0,67979.35,0,False,True,True,0.0,,15647259
561,49,1,102025.32,1,1,0,133051.64,1,True,False,False,0.96,High,15748660
601,20,9,122446.61,2,1,0,86791.9,0,False,True,False,0.07,Low,15726695
766,27,7,158786.67,2,0,1,47579.25,0,False,False,False,0.01,Low,15757473
699,29,3,125689.29,1,1,1,151623.71,0,False,False,True,0.02,Low,15809509
850,29,1,154640.41,1,1,1,164039.51,0,True,False,True,0.06,Low,15715512
792,50,4,146710.76,1,1,0,16528.4,1,True,False,False,0.78,High,15614168
636,67,7,136709.35,1,0,1,66753.1,1,True,False,True,0.75,High,15679818
850,43,5,129305.09,2,0,1,19244.58,0,True,False,True,0.1,Low,15609928
628,40,10,0.0,2,1,0,103832.58,0,False,True,True,0.02,Low,15731246
736,63,10,0.0,2,0,1,502.7,0,False,False,False,0.08,Low,15685243
711,21,0,82844.33,2,0,1,1408.68,0,False,False,False,0.03,Low,15638730
583,22,2,0.0,2,0,1,5985.36,0,False,True,False,0.03,Low,15697034
757,46,0,0.0,2,1,0,37460.05,0,False,False,True,0.13,Low,15699225
749,33,10,76692.22,1,0,1,30396.43,0,True,False,False,0.13,Low,15677387
705,34,7,117715.84,1,1,0,2498.67,0,False,False,True,0.05,Low,15759184
585,54,8,87105.32,1,1,1,55346.14,0,False,False,True,0.14,Low,15595991
437,43,6,0.0,1,1,0,148330.97,1,False,False,False,0.75,High,15681332
741,64,2,69311.16,1,1,1,59237.72,0,False,False,False,0.04,Low,15756299
738,26,9,0.0,2,1,1,48644.94,0,False,False,True,0.01,Low,15750547
586,33,10,66948.67,2,1,1,140759.03,0,False,True,False,0.04,Low,15566380
627,57,9,0.0,2,1,1,107712.42,0,False,False,False,0.02,Low,15675963
551,76,2,128410.71,2,1,1,181718.73,0,False,True,True,0.04,Low,15674671
606,38,3,99897.53,1,0,0,37054.65,0,True,False,True,0.08,Low,15621466
674,22,3,0.0,1,1,1,173940.59,0,False,False,True,0.06,Low,15607176
584,31,6,152622.34,1,1,0,99298.8,0,True,False,False,0.11,Low,15570299
590,40,8,0.0,2,1,0,62933.03,0,False,False,True,0.03,Low,15613197
585,56,4,138227.19,2,1,1,55287.84,0,False,False,True,0.42,Medium,15798885
508,25,2,111395.53,1,0,1,48197.06,0,False,False,False,0.02,Low,15714883
458,44,7,84386.57,1,1,0,178642.73,0,True,False,True,0.08,Low,15604497
692,36,3,0.0,2,1,1,8282.22,0,False,False,False,0.01,Low,15773949
502,33,5,174673.65,2,1,0,33300.56,0,True,False,True,0.02,Low,15774164
518,46,3,0.0,2,1,0,76515.79,0,False,False,True,0.02,Low,15774127
660,46,5,109019.65,2,1,1,33680.56,0,True,False,True,0.14,Low,15619016
698,52,1,107906.75,1,1,0,168886.39,1,True,False,False,0.96,High,15795759
678,54,7,128914.97,1,0,0,191746.23,1,False,False,True,0.8,High,15798844
773,63,9,111179.83,1,1,1,93091.02,0,False,True,True,0.04,Low,15717962
619,52,8,124099.13,1,0,0,23904.52,0,True,False,False,0.38,Medium,15691504
684,59,9,122471.09,1,0,1,15807.07,0,True,False,True,0.17,Low,15693893
635,34,3,134692.4,2,1,1,83773.02,0,False,False,True,0.04,Low,15672499
680,25,4,123816.5,1,1,1,90162.35,0,False,False,False,0.0,,15750410
608,34,3,106288.54,1,1,1,36639.25,0,True,False,True,0.21,Low,15568904
603,55,7,127723.25,2,1,0,139469.11,1,True,False,False,0.94,High,15649033
579,43,2,145843.82,1,1,1,198402.37,1,False,True,True,0.74,High,15780989
756,34,2,148200.72,1,0,0,194584.48,0,True,False,False,0.04,Low,15771059
611,30,2,104145.65,1,0,0,159629.64,0,False,False,True,0.02,Low,15687852
532,24,8,142755.25,1,0,0,34231.48,0,True,False,True,0.05,Low,15695280
684,63,3,81245.79,1,1,0,69643.31,1,True,False,False,0.87,High,15592751
647,33,3,168560.46,2,0,0,90270.16,0,True,False,False,0.01,Low,15598338
583,38,8,0.0,1,1,0,47848.56,0,False,False,True,0.06,Low,15735784
774,42,2,132193.94,2,1,1,162865.52,0,True,False,True,0.02,Low,15629128
677,58,9,0.0,1,0,1,168650.4,0,False,False,True,0.2,Low,15642870
542,25,8,139330.1,1,0,0,54372.37,0,True,False,True,0.09,Low,15637977
613,29,0,0.0,2,0,1,133897.32,0,False,True,True,0.03,Low,15600792
666,40,5,0.0,2,1,0,147878.05,0,False,False,True,0.01,Low,15576131
777,28,2,134571.5,1,0,1,118313.38,0,False,False,False,0.08,Low,15686588
581,50,2,143829.2,2,1,0,181224.24,1,True,False,True,0.72,High,15761018
705,32,7,0.0,2,1,0,7921.57,0,False,False,True,0.01,Low,15616029
673,44,8,133444.97,1,0,1,5708.19,0,False,False,False,0.09,Low,15761149
594,23,4,104753.84,2,1,0,56756.52,1,True,False,False,0.06,Low,15802758
648,51,2,116574.84,1,1,0,4121.04,1,True,False,False,0.77,High,15647838
605,41,10,0.0,2,0,1,97213.09,0,False,False,True,0.01,Low,15735968
734,40,9,176914.8,1,1,1,12799.23,0,False,False,False,0.21,Low,15581286
572,36,8,68348.18,2,0,1,50400.32,0,False,False,False,0.04,Low,15625445
595,33,9,0.0,2,1,1,41447.86,0,False,False,False,0.0,,15600173
749,42,2,56726.83,2,0,1,185543.35,0,False,False,True,0.06,Low,15635143
573,46,3,65269.23,1,0,1,189988.65,1,False,True,True,0.77,High,15664849
624,33,6,66220.17,1,0,1,170819.01,0,False,True,True,0.02,Low,15762455
703,56,9,0.0,1,0,0,85547.33,1,False,False,True,0.89,High,15797165
665,41,8,96147.55,1,1,0,137037.97,0,False,False,False,0.12,Low,15788189
648,42,4,0.0,2,1,0,19283.14,0,False,False,True,0.01,Low,15780492
850,48,2,0.0,1,1,0,169425.3,1,False,True,True,0.89,High,15678497
569,32,8,145330.43,1,1,1,132038.65,0,True,False,False,0.06,Low,15588560
566,21,3,0.0,2,1,1,3626.47,0,False,False,False,0.0,,15606003
537,47,4,124192.28,2,1,1,50881.51,0,True,False,False,0.11,Low,15611756
706,46,7,111288.18,1,1,1,149170.25,1,True,False,False,0.6,Medium,15789563
734,43,7,107805.67,1,0,0,182505.68,0,False,False,True,0.08,Low,15702416
586,36,5,103700.69,1,1,0,194072.56,1,True,False,False,0.8,High,15766288
612,38,1,0.0,2,1,1,9209.21,0,False,False,False,0.03,Low,15667633
648,34,0,0.0,1,1,1,167931.81,0,False,False,True,0.06,Low,15622774
557,27,3,87739.08,1,1,1,123096.56,0,False,False,False,0.01,Low,15755416
643,20,0,133313.34,1,1,1,3965.69,0,False,True,False,0.06,Low,15769915
433,49,10,0.0,1,1,1,87711.61,0,False,False,False,0.33,Medium,15643908
643,41,7,154902.66,1,1,1,49667.28,0,True,False,True,0.09,Low,15627395
488,36,0,0.0,2,1,0,136675.22,0,False,False,False,0.03,Low,15679663
758,68,6,112595.85,1,1,0,35865.44,1,True,False,True,0.87,High,15651581
743,39,3,119695.75,1,0,1,26136.13,0,True,False,True,0.18,Low,15596379
730,47,7,0.0,1,1,0,33373.26,1,False,False,False,0.79,High,15746674
746,49,7,0.0,2,0,1,10096.25,0,False,True,True,0.12,Low,15801256
666,59,8,152614.51,2,1,1,188782.3,0,True,False,False,0.24,Low,15663808
580,33,7,131647.01,2,0,0,79775.19,0,True,False,False,0.04,Low,15598521
850,27,6,96654.72,2,0,0,152740.16,0,False,False,True,0.06,Low,15621457
563,22,3,137583.04,1,0,1,5791.85,0,False,False,True,0.03,Low,15764726
766,28,3,62717.84,2,1,1,13182.43,0,True,False,False,0.05,Low,15646374
659,32,9,95377.13,1,0,1,187551.24,0,False,False,True,0.07,Low,15716501
607,28,1,135936.1,2,1,1,110560.14,0,False,True,True,0.01,Low,15589948
644,35,5,161591.11,3,1,1,63795.62,0,True,False,True,0.25,Low,15811343
746,47,8,142382.03,1,1,1,62086.62,0,False,False,True,0.05,Low,15659677
588,33,2,0.0,2,1,1,12483.56,0,False,True,True,0.0,,15594436
691,30,9,0.0,2,0,1,10963.04,0,False,True,True,0.0,,15748995
666,38,6,127043.09,1,1,1,8247.0,0,False,False,False,0.13,Low,15677062
640,46,3,0.0,1,1,1,156260.08,0,False,True,False,0.12,Low,15697201
611,29,4,78885.88,2,1,1,26927.69,0,True,False,False,0.02,Low,15666453
651,45,8,95922.9,1,1,0,84782.42,1,False,True,False,0.82,High,15693771
529,29,8,0.0,2,1,0,19842.11,0,False,False,False,0.0,,15569867
676,36,3,91711.59,1,1,1,95393.43,0,False,False,False,0.02,Low,15711602
639,46,10,110031.09,2,1,1,133995.59,0,True,False,False,0.47,Medium,15717736
782,36,5,81210.72,2,0,1,108003.38,0,False,False,True,0.01,Low,15750441
641,32,5,122947.92,1,1,1,99154.86,0,True,False,True,0.03,Low,15732791
697,38,1,182065.85,1,1,0,49503.5,0,False,False,False,0.11,Low,15775104
623,45,0,0.0,1,1,0,196533.72,1,False,False,True,0.64,Medium,15757607
494,41,2,69974.66,2,1,0,188426.13,1,False,True,False,0.74,High,15793070
731,38,10,123711.73,2,1,0,171340.68,1,False,False,False,0.69,Medium,15760456
657,44,6,76495.04,1,1,0,79071.89,0,False,False,True,0.31,Medium,15665385
744,38,9,0.0,2,0,0,20940.76,0,False,False,False,0.03,Low,15612418
774,46,9,0.0,2,1,1,34774.26,0,False,True,True,0.04,Low,15727138
850,45,1,121874.89,1,0,0,6865.41,1,True,False,False,0.7,Medium,15732061
551,45,6,0.0,2,1,1,51143.43,0,False,False,False,0.01,Low,15776051
638,36,6,188455.19,1,0,0,47031.4,1,False,False,True,0.75,High,15616530
792,42,0,99045.93,2,1,0,47160.01,0,False,False,False,0.08,Low,15632344
666,36,8,0.0,1,0,1,158666.99,0,False,False,False,0.16,Low,15744979
716,30,2,205770.78,2,0,0,65464.66,0,True,False,False,0.19,Low,15745433
594,31,0,79340.95,1,1,0,78255.86,0,False,False,False,0.08,Low,15683657
600,57,9,138456.03,2,1,1,103548.25,0,True,False,True,0.25,Low,15718572
565,49,7,0.0,2,1,1,89609.26,0,False,False,True,0.03,Low,15665783
678,48,2,101099.9,2,0,1,193476.04,0,True,False,True,0.03,Low,15652782
648,31,5,0.0,2,1,1,5199.02,0,False,True,False,0.01,Low,15707025
642,40,8,109219.83,1,1,0,52827.51,0,False,False,True,0.03,Low,15647807
706,67,1,123276.69,2,1,1,86507.88,1,True,False,True,0.25,Low,15718281
668,43,10,113034.31,1,1,1,100423.88,0,False,True,True,0.02,Low,15660571
635,41,1,0.0,2,1,0,175611.5,0,False,True,True,0.05,Low,15727857
603,30,6,129548.5,2,1,1,19282.85,0,False,True,True,0.0,,15639252
635,72,4,74812.84,1,0,1,27448.33,0,False,False,False,0.03,Low,15628144
642,40,7,0.0,2,1,0,183963.34,0,False,False,False,0.01,Low,15683560
785,54,1,0.0,2,1,0,45113.92,1,False,True,False,0.86,High,15653275
628,28,3,153538.13,2,1,0,110776.01,0,True,False,False,0.01,Low,15622182
499,38,9,0.0,2,0,1,183042.2,0,False,False,False,0.01,Low,15613962
567,34,10,0.0,2,0,1,161571.79,0,False,True,True,0.0,,15618437
449,32,0,155619.36,1,1,1,166692.03,0,False,True,True,0.02,Low,15783338
701,35,10,159693.9,2,1,1,71173.64,0,False,True,True,0.03,Low,15764491
613,37,3,171653.17,1,0,1,5353.12,0,False,True,True,0.04,Low,15712960
683,39,2,47685.47,2,1,1,86019.48,0,True,False,False,0.16,Low,15688157
581,35,4,0.0,2,0,1,86383.82,0,False,False,True,0.0,,15579287
620,61,5,0.0,1,0,0,31641.52,1,False,False,True,0.96,High,15570931
561,28,6,123692.0,1,1,1,70548.96,0,False,True,True,0.06,Low,15615177
558,26,1,148853.29,2,1,1,24411.02,0,True,False,True,0.04,Low,15809906
642,35,2,133161.95,1,0,1,122254.86,0,False,False,True,0.02,Low,15652169
805,24,6,143221.35,2,1,0,186035.72,0,True,False,True,0.0,,15649450
687,35,9,0.0,2,0,1,73133.82,0,False,False,True,0.0,,15777179
695,56,1,0.0,3,1,0,187734.49,1,False,True,True,0.97,High,15803538
562,33,6,0.0,2,1,0,111590.35,0,False,False,True,0.01,Low,15610936
613,38,9,126265.88,2,0,0,15859.95,0,True,False,True,0.05,Low,15590094
589,37,5,0.0,1,1,0,61324.87,0,False,False,True,0.09,Low,15572706
593,31,8,112713.34,1,1,1,176868.89,0,False,True,True,0.01,Low,15634564
714,34,5,141173.03,1,0,1,98896.06,0,False,False,True,0.0,,15684296
588,35,7,0.0,2,1,1,108739.15,0,False,True,False,0.02,Low,15702293
679,39,6,0.0,2,1,0,12266.06,0,False,True,True,0.0,,15642099
730,38,5,118866.36,1,1,1,163317.5,0,False,True,True,0.01,Low,15773273
833,47,2,0.0,2,1,1,182247.77,0,False,False,True,0.0,,15613337
586,33,7,0.0,2,1,1,168261.4,0,False,True,False,0.0,,15800482
567,54,5,92316.31,2,1,0,158590.66,1,False,True,False,0.86,High,15732644
637,30,1,122185.53,1,1,0,102566.46,1,True,False,True,0.8,High,15713426
711,38,4,123345.85,1,1,0,141827.83,0,False,False,True,0.04,Low,15640789
828,30,4,73070.18,2,0,0,161671.15,0,False,False,True,0.05,Low,15598892
500,38,7,0.0,2,0,0,192013.23,0,False,True,True,0.06,Low,15606436
807,47,1,95120.59,1,0,0,127875.1,0,False,False,True,0.51,Medium,15751227
850,40,8,102800.65,1,1,0,60811.56,0,False,False,True,0.43,Medium,15812365
782,70,7,97072.42,1,0,1,131177.22,0,False,False,False,0.05,Low,15616088
629,31,6,132876.55,1,1,1,130862.11,0,False,True,True,0.04,Low,15803886
582,33,6,0.0,2,0,1,72970.93,0,False,True,True,0.0,,15587311
468,22,2,0.0,2,1,0,28123.99,0,False,False,True,0.06,Low,15617401
670,36,3,0.0,1,1,0,140754.19,1,False,False,True,0.74,High,15775886
805,39,2,0.0,1,0,0,166650.32,0,False,False,True,0.26,Low,15807305
720,26,10,51962.91,2,1,0,45507.24,0,False,False,True,0.03,Low,15761717
781,29,6,98759.89,1,0,0,112202.64,0,False,True,False,0.02,Low,15628008
592,33,2,156570.86,1,1,1,37140.2,0,True,False,True,0.05,Low,15583755
542,42,1,0.0,1,1,1,178256.58,1,False,False,False,0.43,Medium,15661409
532,42,1,159024.71,1,1,0,100982.93,1,False,False,True,0.73,High,15774250
520,39,1,73493.17,1,0,1,109626.13,1,False,False,False,0.74,High,15681476
759,45,8,0.0,2,1,1,99251.24,0,False,False,False,0.01,Low,15654870
473,35,6,69617.36,1,1,0,143345.69,0,False,False,False,0.1,Low,15790448
639,35,5,136526.26,2,1,0,59653.03,0,False,True,False,0.01,Low,15785326
705,25,3,113736.27,1,0,1,196864.61,0,False,False,True,0.03,Low,15592854
530,52,1,106723.28,1,0,0,109960.4,1,False,False,True,0.8,High,15617486
516,33,10,138847.9,1,1,1,127256.7,0,True,False,False,0.13,Low,15806796
850,40,0,0.0,2,1,0,1099.95,0,False,False,False,0.07,Low,15644699
746,33,2,107868.14,2,1,1,146192.4,0,True,False,False,0.08,Low,15622305
622,33,3,96926.12,2,1,0,48553.77,0,True,False,True,0.03,Low,15608209
743,30,7,77599.23,1,0,0,144407.1,0,False,False,True,0.03,Low,15626898
732,38,5,178787.54,1,1,1,195760.53,0,True,False,True,0.05,Low,15644297
850,81,5,0.0,2,1,1,44827.47,0,False,False,True,0.01,Low,15731569
850,34,3,129668.43,2,1,1,88743.99,0,True,False,False,0.02,Low,15582149
686,34,6,146178.13,2,1,1,88837.11,0,False,False,True,0.06,Low,15802483
556,40,8,0.0,2,1,0,62112.7,0,False,False,False,0.02,Low,15686999
673,37,4,0.0,2,0,0,163563.07,0,False,False,True,0.0,,15772479
809,38,2,154763.21,2,1,1,174800.31,0,False,False,False,0.2,Low,15778884
634,56,3,116251.24,1,0,1,42429.88,1,True,False,False,0.78,High,15623630
630,37,6,0.0,2,1,1,82647.65,0,False,False,True,0.0,,15774316
564,30,0,100954.88,2,0,0,134175.15,0,True,False,False,0.05,Low,15695097
625,51,4,124620.01,2,1,0,92243.94,1,False,False,False,0.76,High,15645404
677,34,4,0.0,2,1,1,6175.53,0,False,True,False,0.03,Low,15750574
583,40,9,112701.04,1,0,0,29213.63,0,False,False,True,0.06,Low,15636812
592,45,8,84692.5,1,0,1,67214.02,0,False,True,True,0.16,Low,15712068
637,49,2,108204.52,1,1,0,169037.84,1,True,False,True,0.98,High,15652030
850,30,6,86449.39,1,1,1,188809.23,0,False,False,True,0.02,Low,15577398
633,42,10,0.0,1,0,1,79408.17,0,False,True,True,0.07,Low,15756848
751,36,5,73194.99,1,1,1,89222.66,0,True,False,True,0.01,Low,15806929
592,31,7,124593.23,1,1,0,86079.67,0,True,False,True,0.08,Low,15656005
716,50,2,119655.77,1,1,1,12944.17,1,True,False,True,0.87,High,15722632
641,42,3,121765.37,2,1,1,166516.84,0,True,False,True,0.04,Low,15794356
849,35,4,110837.73,1,0,0,126419.8,0,False,False,True,0.03,Low,15659656
647,47,10,99835.17,1,0,1,89103.05,0,False,True,True,0.02,Low,15588341
608,30,2,91057.37,2,1,0,132973.17,0,True,False,False,0.01,Low,15709142
555,26,7,0.0,2,1,0,93122.41,0,False,False,False,0.0,,15627042
497,27,7,149400.27,1,0,0,167522.19,0,False,True,True,0.02,Low,15627517
599,38,9,89111.63,1,0,0,157239.6,0,True,False,True,0.1,Low,15803032
545,33,1,132527.9,2,0,1,107429.71,0,True,False,True,0.03,Low,15665129
774,36,9,114997.42,1,1,0,75304.09,0,False,False,False,0.25,Low,15628272
464,46,6,161798.53,1,1,0,182944.47,0,False,False,True,0.15,Low,15678206
696,27,2,96129.32,2,1,1,5983.7,0,True,False,False,0.03,Low,15678427
667,45,3,0.0,2,0,0,163655.01,0,False,True,True,0.03,Low,15678067
812,32,5,133050.97,2,1,0,89385.92,0,False,False,True,0.02,Low,15793331
516,51,8,120124.35,2,0,1,168773.54,0,False,False,True,0.05,Low,15699532
645,39,8,0.0,2,0,0,96864.36,0,False,False,True,0.0,,15605827
664,32,5,133705.74,1,0,0,134455.84,0,False,True,True,0.0,,15643635
427,39,9,0.0,2,1,0,28368.37,0,False,True,False,0.08,Low,15787710
685,40,7,0.0,2,1,0,103898.59,0,False,False,False,0.02,Low,15614137
585,33,4,152805.05,1,1,0,63239.65,0,False,False,False,0.04,Low,15754494
519,21,1,151701.45,3,1,1,170138.68,1,True,False,False,0.86,High,15713440
708,67,1,0.0,2,0,1,3837.08,0,False,False,False,0.0,,15803479
717,22,5,112465.06,1,1,1,92977.75,0,False,False,False,0.01,Low,15709639
465,24,6,156007.09,1,1,0,191368.37,0,True,False,True,0.05,Low,15601719
829,28,3,132405.52,3,1,0,104889.2,1,True,False,True,0.9,High,15772482
826,26,5,142662.68,1,0,0,60285.3,0,False,False,True,0.05,Low,15591489
747,36,8,102603.3,2,1,1,180693.61,0,True,False,True,0.05,Low,15629002
707,32,9,0.0,2,1,0,126475.79,0,False,True,True,0.01,Low,15798053
590,37,1,0.0,2,0,0,133535.99,0,False,True,True,0.0,,15753895
603,57,6,105000.85,2,1,1,87412.24,1,False,True,True,0.67,Medium,15595426
615,45,5,0.0,2,1,1,164886.64,0,False,False,True,0.02,Low,15645815
634,36,1,69518.95,1,1,0,116238.39,0,False,False,False,0.04,Low,15632848
716,41,8,126145.54,2,1,1,138051.19,0,True,False,True,0.02,Low,15703068
647,41,4,138937.35,1,1,1,101617.64,1,False,False,True,0.62,Medium,15791513
591,44,10,113581.98,1,1,0,1985.41,0,True,False,False,0.36,Medium,15587210
574,34,1,112572.39,1,0,0,165626.6,0,False,False,True,0.04,Low,15793803
467,51,10,114514.71,2,1,0,177784.68,1,True,False,True,0.93,High,15787756
701,35,2,0.0,2,1,1,65765.22,0,False,False,False,0.0,,15723437
747,34,10,0.0,2,1,1,50759.8,0,False,False,False,0.06,Low,15702715
650,32,2,84906.45,1,1,0,163216.48,0,False,False,True,0.02,Low,15809872
731,39,2,126816.18,1,1,1,74850.93,0,False,True,False,0.02,Low,15644295
638,26,1,105249.76,2,1,1,23491.09,0,True,False,False,0.02,Low,15778694
569,41,2,0.0,2,1,0,134272.57,0,False,True,True,0.03,Low,15759555
459,50,5,109387.9,1,1,0,155721.15,0,True,False,True,0.45,Medium,15631406
632,23,3,122478.51,1,1,0,147230.77,1,True,False,True,0.67,Medium,15616676
683,73,8,137732.23,2,1,1,133210.44,0,False,False,False,0.05,Low,15771154
850,46,2,157866.77,1,1,1,18986.12,0,False,False,False,0.36,Medium,15669491
512,41,6,0.0,1,1,1,100507.81,0,False,False,False,0.09,Low,15697691
616,31,3,136789.14,1,1,0,59346.4,1,False,False,False,0.6,Medium,15665180
664,36,1,0.0,2,1,1,95372.64,0,False,False,True,0.0,,15752588
694,30,10,144684.03,1,1,1,31805.49,0,False,False,True,0.02,Low,15743051
655,24,9,107065.31,1,1,1,51959.82,0,False,False,True,0.06,Low,15571873
607,33,8,91301.72,1,0,1,130824.57,0,False,False,False,0.03,Low,15679743
684,39,4,207034.96,2,0,0,157694.76,1,False,True,True,0.79,High,15769412
763,37,8,0.0,2,1,1,933.38,0,False,True,True,0.05,Low,15775124
671,50,8,0.0,1,0,1,2560.11,0,False,True,True,0.13,Low,15732113
592,38,3,0.0,1,1,1,12905.89,1,False,True,True,0.74,High,15578141
666,36,6,0.0,2,1,0,176692.87,0,False,True,False,0.01,Low,15595874
667,34,5,0.0,2,1,1,102908.63,0,False,False,True,0.01,Low,15755642
850,36,6,0.0,2,0,1,41291.05,0,False,True,True,0.02,Low,15576526
622,42,9,0.0,2,1,0,119127.06,0,False,True,True,0.05,Low,15792489
577,30,8,92472.1,2,0,1,126434.61,0,False,False,False,0.0,,15733705
555,21,1,0.0,2,0,0,103901.35,0,False,True,True,0.01,Low,15807221
547,62,10,127738.75,2,1,1,85153.0,0,False,False,True,0.01,Low,15573045
613,50,5,101242.98,2,1,0,12493.61,0,True,False,False,0.2,Low,15756824
672,43,4,92599.55,2,1,1,167336.78,0,False,False,False,0.06,Low,15773520
624,36,10,0.0,2,0,1,186180.42,0,False,True,False,0.02,Low,15627439
698,50,1,0.0,4,1,0,88566.9,1,False,True,False,0.93,High,15701439
606,37,6,82373.94,1,0,0,172526.9,1,False,False,True,0.63,Medium,15785352
720,31,4,141356.47,1,0,0,137985.69,0,False,True,True,0.0,,15616525
835,23,9,0.0,1,1,0,19793.73,1,False,False,True,0.63,Medium,15717489
771,47,3,72664.0,2,1,1,107874.39,0,False,True,False,0.1,Low,15795737
811,47,3,123365.34,2,0,0,171995.34,0,False,False,False,0.19,Low,15693877
734,33,5,121898.58,1,1,0,61829.89,0,True,False,True,0.24,Low,15576111
548,33,6,0.0,1,1,1,31728.35,0,False,True,True,0.06,Low,15595713
652,31,3,103696.97,3,0,0,155221.05,1,False,False,False,0.96,High,15808868
707,33,2,0.0,2,0,0,130866.95,0,False,False,True,0.01,Low,15708193
605,56,1,74129.18,2,1,1,62199.78,1,True,False,False,0.74,High,15697801
623,34,9,0.0,1,1,0,24255.21,0,False,False,False,0.16,Low,15770121
686,29,3,185379.02,1,1,0,64679.07,0,True,False,True,0.1,Low,15800524
525,47,1,118087.68,1,1,0,88120.78,1,True,False,False,0.91,High,15686236
657,41,8,109402.13,1,1,1,66463.62,0,False,True,True,0.0,,15659807
730,33,7,130367.87,1,1,0,15142.1,1,True,False,False,0.82,High,15736078
816,34,2,108410.87,2,1,0,102908.91,0,True,False,False,0.07,Low,15620836
484,50,2,90408.16,2,0,0,48170.57,0,False,False,False,0.2,Low,15698184
728,34,6,90425.15,2,1,1,11597.69,0,False,False,False,0.01,Low,15717643
730,39,6,140094.59,1,1,0,172450.04,1,False,True,False,0.75,High,15776596
477,31,9,0.0,2,0,1,184061.17,0,False,True,True,0.01,Low,15814757
663,46,6,95439.4,1,1,1,21038.58,1,True,False,False,0.84,High,15812607
549,34,6,204017.4,2,1,0,109538.35,0,True,False,True,0.03,Low,15663888
714,29,9,0.0,2,1,0,129192.55,0,False,True,True,0.0,,15748882
430,49,3,137115.16,1,1,0,146516.86,1,True,False,True,0.91,High,15690829
504,43,5,134740.19,2,1,0,181430.91,0,True,False,True,0.03,Low,15695819
530,29,5,0.0,2,0,0,121451.21,0,False,False,False,0.0,,15696834
619,29,4,98955.87,1,0,1,131712.51,0,True,False,True,0.02,Low,15797710
617,44,9,49157.09,2,1,0,53294.17,0,True,False,True,0.2,Low,15700654
791,31,1,130240.33,1,0,0,96546.55,0,True,False,True,0.09,Low,15583764
609,48,1,108019.27,3,1,1,184524.65,1,False,False,True,0.98,High,15688849
780,51,4,126725.25,1,1,0,195259.31,1,True,False,True,0.73,High,15661473
777,34,5,96693.66,1,1,1,172618.52,0,True,False,False,0.11,Low,15601030
817,27,7,129810.6,1,1,1,59259.44,0,True,False,False,0.31,Medium,15789557
850,58,8,156652.13,1,0,0,25899.21,1,False,False,True,0.96,High,15745250
732,36,9,0.0,1,0,0,3749.0,1,False,False,False,0.19,Low,15590349
693,40,4,130661.96,1,1,1,101918.96,0,False,False,True,0.08,Low,15741693
576,50,8,0.0,2,1,1,57802.62,0,False,False,False,0.06,Low,15618446
643,37,6,0.0,2,0,0,142454.77,0,False,False,True,0.01,Low,15766552
757,47,3,130747.1,1,1,0,143829.54,0,False,False,True,0.53,Medium,15668775
569,30,6,106629.49,1,0,1,44114.88,0,True,False,True,0.16,Low,15757895
772,36,3,112029.83,1,1,1,186948.35,0,False,True,True,0.01,Low,15774551
576,29,7,130575.26,1,0,1,173629.78,0,True,False,True,0.04,Low,15684011
608,28,4,96679.71,1,1,1,49133.45,0,True,False,True,0.04,Low,15736146
794,33,0,0.0,2,0,0,178122.71,0,False,False,True,0.02,Low,15656286
593,50,6,171740.69,1,0,0,20893.61,0,False,False,True,0.3,Low,15774847
597,38,1,0.0,2,1,0,41303.29,0,False,True,True,0.01,Low,15619340
541,39,9,100116.67,1,1,1,199808.1,1,True,False,False,0.81,High,15815656
692,24,2,120596.93,1,0,1,180490.53,0,True,False,True,0.02,Low,15623357
697,48,1,0.0,2,1,1,87400.53,0,False,False,False,0.04,Low,15601324
768,29,2,95984.69,2,1,1,73686.75,0,False,False,True,0.0,,15715510
802,38,1,142557.11,1,1,1,172497.73,0,False,False,True,0.01,Low,15663770
584,47,5,0.0,2,1,0,89286.29,0,False,False,True,0.05,Low,15779267
614,66,2,0.0,2,0,1,180082.7,0,False,True,True,0.0,,15597957
850,36,6,143644.16,1,1,0,22102.25,1,True,False,False,0.73,High,15584620
671,38,6,132129.72,1,0,1,76068.95,0,False,False,False,0.06,Low,15750772
626,52,0,0.0,2,1,0,32159.46,1,False,False,False,0.84,High,15706557
770,68,2,183555.24,1,0,0,159557.28,1,False,False,False,0.89,High,15594391
633,38,2,91902.56,2,1,1,107673.35,0,False,False,True,0.01,Low,15661656
663,40,6,156218.19,1,0,1,33607.72,0,False,False,True,0.13,Low,15631217
581,43,5,93259.57,3,1,0,141035.65,1,True,False,False,0.96,High,15588955
561,45,2,168085.38,2,0,1,115719.08,0,True,False,False,0.07,Low,15758252
479,51,1,107714.74,3,1,0,86128.21,1,True,False,True,0.93,High,15740223
769,31,6,117852.26,2,1,0,147668.64,0,False,False,False,0.02,Low,15805413
659,60,2,0.0,1,1,0,177480.45,1,False,True,True,0.91,High,15635116
590,51,10,84474.62,2,1,1,190937.09,0,False,True,False,0.1,Low,15764892
560,50,3,0.0,2,1,0,84531.79,0,False,False,True,0.06,Low,15795936
437,35,6,126803.34,2,1,1,161133.4,0,True,False,True,0.0,,15655232
661,34,0,0.0,2,1,0,185555.63,0,False,False,False,0.04,Low,15640133
677,36,10,68806.84,1,1,0,33075.24,0,True,False,False,0.05,Low,15751524
560,31,3,115141.18,1,1,0,39806.75,0,False,False,False,0.03,Low,15670552
578,35,2,0.0,2,0,1,26389.92,0,False,False,False,0.02,Low,15623966
421,34,6,90723.36,1,1,1,12162.76,0,False,True,True,0.03,Low,15752193
492,49,2,151249.45,2,1,1,167237.94,0,True,False,False,0.19,Low,15607269
545,32,6,0.0,2,1,1,52067.37,0,False,False,False,0.01,Low,15700752
640,43,9,94752.49,1,1,0,184006.36,1,True,False,False,0.85,High,15777901
624,34,6,0.0,1,1,0,582.59,1,False,True,False,0.84,High,15639117
577,28,7,0.0,1,1,0,143274.41,0,False,True,True,0.09,Low,15720203
704,31,5,132084.66,3,1,1,54474.48,1,False,False,True,0.69,Medium,15586236
523,45,5,0.0,2,1,1,121428.2,0,False,False,True,0.01,Low,15676645
793,35,2,0.0,2,1,1,79704.12,0,False,False,True,0.0,,15715988
564,53,2,45472.28,1,1,1,41055.71,1,False,False,False,0.32,Medium,15603749
711,33,1,0.0,1,0,0,41590.4,0,False,False,True,0.01,Low,15608956
791,33,10,130229.71,2,0,0,54019.93,1,True,False,False,0.76,High,15733872
629,38,9,123948.85,1,1,0,76053.07,0,True,False,False,0.19,Low,15666982
729,39,6,127415.85,1,1,1,184977.2,1,True,False,True,0.74,High,15602647
651,35,8,110067.71,1,1,0,127678.95,1,True,False,True,0.46,Medium,15623063
695,39,4,65521.2,1,1,1,1243.97,0,False,True,True,0.13,Low,15682928
847,31,5,0.0,2,1,1,76326.67,0,False,True,True,0.0,,15729246
704,47,5,0.0,2,1,1,145338.61,0,False,False,True,0.0,,15588928
613,33,3,155736.42,2,1,1,57751.21,0,True,False,True,0.02,Low,15803352
692,29,4,0.0,2,0,0,138880.24,0,False,True,False,0.01,Low,15607485
720,34,3,118307.57,2,1,1,136120.29,0,False,False,False,0.02,Low,15656249
577,41,6,0.0,1,1,1,167621.18,0,False,False,True,0.2,Low,15761783
710,24,7,103099.17,2,1,0,173276.62,0,True,False,False,0.06,Low,15716605
716,38,1,0.0,2,1,1,99661.46,0,False,False,False,0.01,Low,15757425
410,33,6,125789.69,1,0,0,66333.56,1,False,False,True,0.09,Low,15603096
584,36,4,109646.83,1,1,1,70240.79,0,True,False,False,0.39,Medium,15588580
792,30,1,127187.86,1,1,1,113553.42,0,False,False,True,0.0,,15770539
605,36,6,0.0,1,0,1,690.84,0,False,False,False,0.1,Low,15572022
486,24,1,0.0,1,1,0,98802.76,0,False,True,True,0.08,Low,15571843
615,41,4,130385.82,1,0,1,130661.95,0,False,False,True,0.14,Low,15752502
676,23,1,107787.47,1,0,1,116378.82,0,False,False,True,0.0,,15609058
571,34,1,99325.04,2,0,1,186052.15,0,False,False,True,0.0,,15775108
850,37,9,0.0,1,0,0,100101.06,0,False,False,False,0.09,Low,15708904
717,48,7,123764.95,1,1,1,169952.82,0,False,False,True,0.16,Low,15600086
642,39,8,128264.03,1,1,0,61792.76,1,True,False,False,0.8,High,15814675
780,47,7,86006.21,1,1,1,37973.13,0,False,True,True,0.12,Low,15572777
492,38,8,57068.43,2,1,0,188974.81,0,True,False,False,0.07,Low,15585106
760,29,5,103607.24,2,0,1,86334.64,0,True,False,True,0.02,Low,15738936
500,40,1,99004.24,1,1,1,152845.99,0,False,True,True,0.05,Low,15750970
654,36,2,0.0,2,1,1,146652.11,0,False,True,False,0.01,Low,15725772
606,25,3,147386.72,3,1,0,45482.04,1,False,True,False,0.96,High,15692106
367,42,6,93608.28,1,1,0,168816.73,1,False,True,True,0.9,High,15791533
799,38,2,0.0,2,1,1,59297.34,0,False,True,True,0.03,Low,15715715
434,71,9,119496.87,1,1,0,125848.88,0,True,False,True,0.24,Low,15785576
719,32,7,0.0,1,0,0,76264.27,0,False,True,False,0.13,Low,15798834
641,37,2,0.0,2,1,0,3939.87,0,False,False,False,0.08,Low,15744127
461,25,6,0.0,2,1,1,15306.29,0,False,True,False,0.09,Low,15637427
790,25,5,152885.77,1,1,0,58214.79,0,True,False,False,0.27,Low,15576990
588,31,4,99607.37,2,0,1,35877.03,0,False,False,True,0.0,,15615352
621,27,4,137003.68,1,1,0,21254.06,0,False,False,True,0.04,Low,15647333
768,48,3,122831.58,1,1,1,24533.89,1,True,False,True,0.85,High,15572050
681,38,2,99811.44,2,1,0,23531.5,0,False,True,True,0.03,Low,15581370
606,37,8,154712.58,2,1,0,89099.18,0,False,True,True,0.03,Low,15813503
542,37,8,0.0,1,1,1,807.06,0,False,True,True,0.05,Low,15769783
713,24,7,147687.24,1,1,1,121592.5,0,True,False,False,0.03,Low,15793135
597,33,2,0.0,2,1,1,4700.66,0,False,True,False,0.02,Low,15599182
635,27,3,127009.83,1,1,0,161909.95,0,False,False,True,0.01,Low,15689517
599,61,1,124737.96,1,0,1,90389.61,1,True,False,True,0.82,High,15641366
496,44,0,179356.28,2,1,0,2919.21,1,False,True,False,0.78,High,15588859
759,31,8,0.0,2,1,1,99086.74,0,False,True,True,0.0,,15732293
757,31,1,127320.36,3,1,0,163170.32,0,True,False,True,0.34,Medium,15568032
564,31,0,125175.58,1,1,1,72757.33,0,False,True,True,0.15,Low,15623525
561,22,6,186788.96,2,1,0,73286.8,0,False,False,False,0.04,Low,15606601
702,40,3,148556.74,1,0,1,146056.29,0,False,False,True,0.03,Low,15800811
678,40,8,128644.46,1,0,0,167673.37,0,True,False,False,0.34,Medium,15610711
707,46,7,127476.73,2,1,1,146011.55,0,False,False,False,0.32,Medium,15809654
610,27,9,159561.93,1,0,1,103381.47,0,False,False,False,0.02,Low,15576077
744,42,1,112419.92,1,1,1,83022.92,0,False,False,True,0.07,Low,15643378
598,28,8,129991.76,2,0,1,46041.08,0,False,False,True,0.01,Low,15566790
562,36,5,0.0,1,0,1,182843.24,0,False,True,True,0.11,Low,15774402
621,59,2,0.0,2,1,1,171364.18,0,False,True,False,0.08,Low,15694641
659,50,3,0.0,1,1,0,183399.12,1,False,False,False,0.95,High,15605916
722,40,6,89175.06,2,0,1,152883.95,0,True,False,False,0.07,Low,15812356
606,39,3,0.0,2,1,0,50560.45,1,False,False,False,0.64,Medium,15644179
603,39,5,162390.52,2,1,0,54702.66,0,False,True,False,0.13,Low,15771674
506,59,3,190353.08,1,1,0,78365.75,0,True,False,False,0.25,Low,15623314
715,21,8,0.0,2,1,0,68666.63,0,False,False,True,0.0,,15613292
690,47,2,0.0,2,1,0,151375.73,0,False,False,True,0.0,,15813871
644,40,10,139180.97,1,1,1,19959.67,0,False,False,False,0.21,Low,15759480
589,36,8,114435.47,1,1,0,26955.72,0,False,False,True,0.01,Low,15587712
592,66,5,149950.19,1,1,1,76267.59,0,False,False,False,0.07,Low,15671165
632,42,4,126115.6,1,1,0,100998.5,0,False,False,True,0.14,Low,15620746
577,59,7,111396.97,1,0,1,191070.01,0,True,False,False,0.25,Low,15706537
588,30,3,115007.08,1,0,0,176858.5,0,False,False,True,0.0,,15589312
617,54,6,102141.9,1,1,1,45325.26,0,False,False,True,0.08,Low,15741180
668,36,3,133686.52,1,1,0,190958.48,1,False,True,False,0.66,Medium,15733888
810,32,9,120879.73,2,0,1,78896.59,0,False,False,True,0.0,,15798532
767,47,5,0.0,1,1,0,121964.46,1,False,True,True,0.9,High,15577359
718,49,10,82321.88,1,0,1,11144.4,0,False,True,False,0.32,Medium,15614936
589,27,4,0.0,2,1,0,144181.48,0,False,True,False,0.01,Low,15747647
778,33,5,116474.28,2,1,1,32757.55,0,False,True,True,0.0,,15588566
724,34,3,132352.69,1,1,0,80320.3,0,False,False,False,0.07,Low,15570141
477,39,4,182491.57,1,1,0,185830.72,0,True,False,False,0.26,Low,15800793
580,34,6,0.0,2,1,1,160095.31,0,False,False,True,0.0,,15572415
566,63,2,120787.18,2,1,1,52198.84,0,False,True,True,0.2,Low,15635125
711,29,3,130181.47,2,1,0,31811.44,0,False,False,False,0.01,Low,15636551
706,32,5,88348.43,2,1,1,104181.78,0,True,False,True,0.02,Low,15600912
703,31,6,0.0,2,1,1,67667.19,0,False,True,True,0.0,,15768476
679,39,2,146186.28,2,1,1,193974.47,0,True,False,True,0.01,Low,15650266
603,32,7,0.0,1,1,0,198055.94,1,False,False,True,0.76,High,15621004
598,34,0,104488.17,1,0,1,43249.67,0,False,True,True,0.05,Low,15748352
836,32,4,109196.67,2,1,0,55218.02,0,True,False,False,0.26,Low,15788920
687,61,7,80538.56,1,1,0,131305.37,1,False,False,False,0.96,High,15743236
704,41,4,109026.8,2,1,1,43117.1,0,True,False,True,0.03,Low,15637717
605,75,2,61319.63,1,0,1,186655.11,0,True,False,True,0.04,Low,15635500
516,40,9,0.0,2,0,1,33266.29,0,False,False,False,0.07,Low,15634792
572,39,2,0.0,2,1,1,555.28,0,False,False,False,0.01,Low,15607560
557,42,6,177822.03,1,1,0,150944.31,1,False,False,True,0.8,High,15727177
443,59,4,110939.3,1,1,0,72846.58,1,True,False,True,0.96,High,15774358
604,25,7,165413.43,1,1,1,35279.74,0,True,False,True,0.03,Low,15791304
483,27,1,77805.66,1,1,1,2101.89,0,False,False,True,0.02,Low,15603328
702,50,3,0.0,2,0,0,94949.84,0,False,False,True,0.06,Low,15804937
670,57,3,175575.95,2,1,0,99061.75,1,False,True,False,0.88,High,15804142
804,38,3,124197.22,1,1,0,74692.06,0,False,True,False,0.03,Low,15608845
850,30,3,0.0,2,1,0,116692.8,0,False,False,False,0.0,,15702434
554,39,10,160132.75,1,1,0,32824.15,0,False,False,False,0.1,Low,15632609
588,37,7,70258.88,2,1,0,139607.61,0,True,False,False,0.08,Low,15603550
758,32,4,162657.64,2,1,1,115525.13,0,True,False,True,0.02,Low,15755239
787,43,0,132217.45,1,1,0,20955.03,1,True,False,True,0.8,High,15670528
582,25,9,148042.97,2,1,0,52341.15,0,False,True,True,0.01,Low,15732704
633,33,4,92855.02,1,1,1,159813.18,0,False,True,False,0.02,Low,15589019
766,47,9,129289.98,1,1,0,169935.46,1,True,False,True,0.86,High,15677796
564,37,9,100252.18,1,1,1,146033.52,0,False,True,True,0.05,Low,15760177
602,37,3,107592.89,2,0,1,153122.73,0,False,True,True,0.02,Low,15636595
649,39,3,113096.41,1,1,1,60335.24,0,False,False,True,0.03,Low,15737275
679,40,7,0.0,2,1,1,163757.29,0,False,True,False,0.0,,15672905
639,34,7,149940.04,2,0,0,156648.81,0,False,True,True,0.14,Low,15753955
790,50,8,121438.58,1,1,1,176471.78,1,True,False,True,0.79,High,15708504
565,32,9,0.0,2,1,0,5388.3,0,False,False,True,0.01,Low,15592451
478,50,2,0.0,1,0,1,93332.64,1,False,False,False,0.58,Medium,15790455
825,29,3,148874.01,2,0,1,71192.82,0,False,False,True,0.07,Low,15572174
528,32,0,68138.37,1,1,1,170309.19,0,False,True,False,0.12,Low,15656330
577,35,5,110080.3,1,1,1,109794.31,0,False,True,True,0.03,Low,15569626
663,24,7,0.0,2,1,1,166310.82,0,False,False,True,0.0,,15608726
505,25,5,114268.85,2,1,1,126728.27,0,True,False,False,0.03,Low,15637366
633,29,6,117412.35,1,0,0,30338.94,0,True,False,True,0.11,Low,15778049
586,38,6,0.0,2,1,1,37935.83,0,False,False,False,0.0,,15727421
850,35,9,0.0,2,0,0,25329.48,0,False,False,False,0.03,Low,15688865
629,37,1,35549.81,2,0,0,49676.33,0,True,False,False,0.06,Low,15751032
744,56,9,0.0,2,1,1,169498.61,0,False,False,True,0.04,Low,15734737
750,36,7,136492.92,3,1,1,26500.29,1,False,False,True,0.88,High,15746515
637,28,3,123675.69,1,1,1,166458.41,0,True,False,True,0.05,Low,15664311
575,40,1,139532.34,1,1,0,181294.39,0,False,False,False,0.14,Low,15708139
671,58,1,178713.98,1,1,1,21768.21,0,False,True,True,0.11,Low,15768574
571,40,5,0.0,2,0,0,72849.29,0,False,False,True,0.02,Low,15738018
590,41,1,89086.31,1,1,0,24499.97,0,False,False,True,0.08,Low,15699753
619,38,3,96143.47,1,0,0,98994.92,0,False,True,True,0.02,Low,15703199
640,30,5,32197.64,1,0,1,141446.01,0,True,False,False,0.01,Low,15627830
670,38,7,0.0,2,1,1,77864.41,0,False,False,True,0.0,,15570855
737,33,4,0.0,2,1,0,115115.32,0,False,False,False,0.02,Low,15772503
555,32,10,0.0,2,0,1,168605.96,0,False,True,True,0.0,,15584453
742,33,6,0.0,2,0,0,38550.4,0,False,False,True,0.0,,15710111
618,40,0,140306.38,1,1,0,160618.61,1,True,False,False,0.75,High,15618562
560,35,1,0.0,2,1,0,3701.63,0,False,False,False,0.01,Low,15706764
654,38,8,0.0,2,1,0,88659.44,0,False,False,True,0.0,,15798737
787,42,2,74483.97,2,0,1,44273.91,0,True,False,False,0.02,Low,15712608
611,53,7,0.0,2,0,1,156495.39,1,False,False,False,0.65,Medium,15636736
559,34,0,0.0,1,1,0,182988.94,0,False,True,True,0.04,Low,15703544
481,37,8,152303.66,2,1,1,175082.2,0,False,False,True,0.01,Low,15815645
753,32,5,159904.79,1,1,0,148811.14,0,True,False,True,0.07,Low,15705739
675,32,1,0.0,3,1,0,85901.09,0,False,False,True,0.16,Low,15709643
748,31,1,99557.94,1,1,0,199255.32,0,True,False,False,0.14,Low,15669805
610,46,5,116886.59,1,0,0,107973.44,0,False,True,False,0.12,Low,15737489
580,32,9,142188.2,2,0,1,128028.6,0,False,True,True,0.03,Low,15775131
624,40,3,149961.99,2,1,0,104610.86,0,True,False,False,0.04,Low,15765283
709,36,8,0.0,2,1,1,69676.55,0,False,False,False,0.09,Low,15628715
605,34,2,0.0,1,0,0,35982.42,0,False,False,False,0.24,Low,15813283
706,53,7,0.0,2,0,1,117939.17,0,False,True,True,0.04,Low,15745716
567,40,8,28649.64,1,1,1,95140.62,0,False,True,True,0.16,Low,15598485
747,21,4,81025.6,2,1,0,167682.57,0,False,False,False,0.06,Low,15696552
664,57,1,0.0,2,1,1,56562.57,0,False,False,True,0.05,Low,15754569
711,39,3,152462.79,1,1,0,90305.97,0,False,False,False,0.2,Low,15701741
609,25,10,0.0,1,0,1,109895.16,0,False,False,True,0.12,Low,15572631
632,28,7,155519.59,1,1,0,1843.24,0,False,True,True,0.12,Low,15636069
725,36,1,118851.05,1,1,1,102747.02,0,False,False,False,0.07,Low,15682467
850,34,9,92899.27,2,1,0,97465.89,0,False,False,False,0.05,Low,15790744
682,40,4,0.0,1,0,1,105352.55,0,False,False,True,0.11,Low,15625023
797,37,4,75263.7,1,1,0,85801.77,0,False,False,True,0.09,Low,15731267
668,38,1,147904.31,1,1,1,69370.05,0,False,True,True,0.04,Low,15742879
783,41,5,106640.5,1,1,0,176945.96,0,True,False,False,0.07,Low,15757015
766,28,4,90696.78,1,0,1,21597.2,0,True,False,False,0.02,Low,15770711
704,36,2,175509.8,2,1,0,152039.67,0,False,True,False,0.24,Low,15569430
722,40,6,0.0,2,1,1,111893.09,0,False,False,True,0.01,Low,15617304
692,34,7,0.0,2,1,0,195074.62,0,False,False,False,0.0,,15704466
584,35,2,114321.28,2,0,0,15959.01,0,False,False,False,0.06,Low,15664681
644,51,4,95560.04,1,0,0,72628.84,1,True,False,False,0.93,High,15605534
598,50,5,88379.81,3,0,1,64157.24,1,True,False,False,0.89,High,15792473
733,48,7,85915.52,1,1,1,23860.5,0,True,False,True,0.25,Low,15802625
615,58,3,72309.3,1,1,1,85687.09,1,True,False,True,0.8,High,15766017
850,39,2,0.0,2,1,0,179451.42,0,False,False,False,0.02,Low,15762172
521,43,8,0.0,1,1,1,93180.09,0,False,False,True,0.1,Low,15728333
675,69,1,0.0,2,1,0,157097.09,0,False,False,True,0.45,Medium,15792868
746,58,3,0.0,3,1,1,80344.96,1,False,False,True,0.79,High,15605698
770,33,4,0.0,1,1,0,26080.54,1,False,False,False,0.74,High,15777060
618,30,3,133844.22,1,1,1,31406.93,0,False,False,True,0.01,Low,15626243
556,36,7,154872.08,2,1,1,32044.64,0,False,False,True,0.04,Low,15719898
749,27,9,0.0,2,1,0,132734.87,0,False,False,False,0.0,,15599976
702,43,6,116121.67,1,1,0,61602.42,0,False,True,True,0.14,Low,15752809
555,42,6,107104.5,1,1,1,41304.44,1,True,False,True,0.8,High,15589698
587,47,6,71026.77,1,1,0,57962.41,0,False,False,True,0.15,Low,15609977
639,38,3,0.0,1,1,0,42862.82,0,False,False,True,0.39,Medium,15750121
643,33,4,0.0,2,1,1,152992.04,0,False,False,True,0.0,,15734177
600,41,1,0.0,2,1,1,91193.65,0,False,False,False,0.01,Low,15781347
651,53,7,0.0,2,1,1,130132.41,0,False,False,True,0.02,Low,15592025
666,27,4,0.0,2,0,0,88751.45,0,False,False,False,0.0,,15670163
520,39,6,145644.05,1,0,0,104118.93,0,False,False,False,0.08,Low,15765402
650,50,7,129667.77,1,0,0,42028.16,0,False,True,False,0.21,Low,15624343
564,33,3,109341.87,1,1,0,75632.78,0,True,False,True,0.12,Low,15602354
586,64,1,0.0,2,1,1,53710.23,0,False,False,True,0.01,Low,15579183
617,35,5,0.0,2,0,1,13066.3,0,False,False,False,0.01,Low,15584899
712,30,6,0.0,2,1,0,152417.97,0,False,True,False,0.01,Low,15723658
654,55,3,87485.67,1,1,1,3299.01,0,False,False,True,0.13,Low,15803965
605,27,9,0.0,2,1,0,198091.81,0,False,False,True,0.01,Low,15682489
491,36,0,53369.13,1,1,1,103934.12,0,False,False,False,0.03,Low,15813645
707,35,9,0.0,2,1,1,70403.65,0,False,False,False,0.04,Low,15766787
638,34,5,146679.77,1,1,0,102179.86,0,False,True,True,0.1,Low,15687171
683,43,2,112499.42,2,1,0,30375.18,0,False,False,True,0.05,Low,15690744
815,38,2,48387.0,1,1,0,184796.84,0,False,True,False,0.13,Low,15707974
645,38,1,68079.8,1,0,1,166264.89,0,False,True,True,0.07,Low,15673084
645,49,4,160133.88,1,0,1,88391.97,0,True,False,True,0.2,Low,15814772
683,30,4,66190.33,1,1,1,115186.97,0,False,False,True,0.01,Low,15743709
705,37,10,0.0,2,1,1,13935.53,1,False,False,False,0.69,Medium,15610343
647,35,4,123761.68,1,1,0,83910.4,0,False,False,True,0.02,Low,15737414
786,33,0,122325.58,1,0,0,34712.34,1,True,False,False,0.46,Medium,15788480
534,41,9,0.0,2,1,0,13871.34,0,False,False,True,0.04,Low,15568519
602,42,1,138912.17,1,1,1,139494.75,0,False,True,False,0.05,Low,15792453
695,42,0,0.0,2,0,1,140724.64,0,False,False,False,0.03,Low,15658100
553,25,7,128524.19,2,1,0,20682.46,0,True,False,False,0.01,Low,15695197
516,31,3,0.0,2,1,0,124202.26,0,False,True,False,0.03,Low,15749807
655,34,3,0.0,2,1,0,159638.77,0,False,False,False,0.0,,15773876
849,49,9,132934.89,1,1,0,171056.65,1,True,False,False,0.69,Medium,15591698
520,43,3,150805.17,3,0,1,25333.03,1,True,False,True,0.92,High,15712813
568,46,3,0.0,2,1,1,29372.62,0,False,True,False,0.01,Low,15763898
695,32,9,0.0,3,0,1,38533.79,0,False,True,True,0.2,Low,15793324
807,28,7,165969.26,3,1,0,156122.13,1,False,True,False,0.91,High,15757759
642,36,2,124495.98,3,1,1,57904.22,1,True,False,False,0.94,High,15796230
703,39,1,141559.5,1,1,1,31257.1,1,True,False,True,0.73,High,15611729
556,38,2,114756.14,1,1,0,193214.05,0,False,False,True,0.06,Low,15709531
585,30,6,0.0,2,1,1,137757.69,0,False,False,False,0.0,,15650751
587,49,7,155393.98,2,1,0,13308.2,1,True,False,False,0.85,High,15641413
524,32,6,0.0,1,1,1,132861.9,1,False,True,False,0.69,Medium,15753840
556,31,1,128663.81,2,1,0,125083.29,0,True,False,False,0.04,Low,15669994
504,44,4,113522.64,1,1,1,12405.2,0,False,True,True,0.2,Low,15695301
731,26,3,0.0,2,1,0,37697.29,0,False,True,False,0.04,Low,15792004
651,34,3,0.0,2,1,1,105599.65,0,False,False,True,0.0,,15603035
675,40,8,79035.95,1,1,0,142783.98,1,False,True,False,0.34,Medium,15717286
657,22,6,0.0,3,0,1,168412.07,1,False,True,False,0.85,High,15577107
686,33,9,141918.09,2,0,1,184036.47,0,True,False,True,0.08,Low,15754747
690,35,9,107944.33,2,0,0,48478.47,0,False,False,False,0.09,Low,15705676
567,36,7,0.0,2,0,1,3896.08,0,False,False,True,0.0,,15751912
557,57,1,120043.13,1,1,0,132370.75,1,True,False,True,0.98,High,15677336
446,45,10,125191.69,1,1,1,128260.86,1,False,True,False,0.74,High,15684395
850,31,1,96399.31,2,1,0,106534.15,0,False,False,True,0.09,Low,15659949
637,41,2,0.0,2,0,1,102515.42,0,False,False,True,0.01,Low,15812422
499,60,7,76961.6,2,1,1,83643.87,0,False,False,True,0.08,Low,15806941
622,34,7,98675.74,1,1,0,138906.85,1,True,False,False,0.64,Medium,15637690
684,37,1,126817.13,2,1,1,29995.83,1,True,False,True,0.59,Medium,15632882
612,32,3,121394.42,1,1,0,164081.42,0,False,False,True,0.05,Low,15807107
813,29,5,106059.4,1,0,0,187976.88,1,True,False,False,0.77,High,15661034
850,44,2,112755.34,2,0,0,158171.36,0,True,False,True,0.12,Low,15811958
795,29,4,0.0,2,0,0,155711.64,0,False,True,True,0.0,,15785167
628,55,7,0.0,3,1,0,85890.75,1,False,True,False,0.98,High,15646720
565,38,7,145400.69,2,1,1,83844.79,0,True,False,False,0.02,Low,15658614
601,39,3,72647.64,1,1,0,41777.9,1,False,False,True,0.65,Medium,15704657
802,40,4,0.0,2,1,1,81908.09,0,False,True,True,0.01,Low,15567147
614,37,6,96340.81,2,1,1,139377.24,1,True,False,False,0.65,Medium,15701319
434,55,6,0.0,1,0,1,73562.05,1,False,True,True,0.78,High,15745266
522,32,8,124450.36,2,1,1,165786.1,0,True,False,True,0.0,,15650437
550,36,2,113877.23,2,1,0,174921.91,0,True,False,True,0.06,Low,15764314
599,25,3,0.0,2,1,1,120790.02,0,False,True,True,0.01,Low,15612594
493,36,5,148667.81,2,1,0,56092.51,0,False,False,False,0.03,Low,15593501
755,34,3,0.0,2,1,1,158816.03,0,False,False,True,0.0,,15804150
605,62,4,111065.93,2,0,1,125660.99,0,False,False,False,0.07,Low,15649297
708,41,0,0.0,1,1,0,128400.62,0,False,False,True,0.07,Low,15641110
699,44,8,158697.61,1,1,0,107181.22,0,False,False,True,0.11,Low,15660608
763,53,4,0.0,1,1,0,77203.72,1,False,False,False,1.0,High,15806570
743,25,6,0.0,2,1,0,129740.11,0,False,True,True,0.0,,15715345
660,48,0,90044.32,2,0,1,187604.97,1,False,False,False,0.75,High,15755521
619,38,10,84651.79,1,1,1,184754.26,0,True,False,True,0.1,Low,15579074
739,32,3,102128.27,1,1,0,63981.37,1,True,False,True,0.74,High,15641158
769,60,9,148846.39,1,1,0,192831.67,1,True,False,True,0.96,High,15752507
692,69,10,154953.94,1,1,1,70849.47,0,False,False,True,0.01,Low,15597983
560,30,0,108883.29,1,1,0,27914.95,0,False,False,False,0.01,Low,15586069
607,48,4,112070.86,3,1,0,173568.3,1,False,False,False,0.96,High,15655082
630,29,6,131354.39,1,0,1,9324.31,1,True,False,True,0.67,Medium,15720155
767,45,7,132746.2,2,1,0,26628.88,1,True,False,False,0.77,High,15582116
543,34,8,0.0,2,0,1,145601.8,0,False,False,False,0.01,Low,15749365
776,39,8,125211.55,2,1,0,144496.07,0,False,False,True,0.01,Low,15632069
535,58,1,0.0,2,1,1,11779.98,1,False,True,True,0.62,Medium,15663134
549,36,6,139422.37,1,0,0,83983.39,1,True,False,True,0.77,High,15766683
844,28,4,0.0,2,0,1,123318.37,0,False,False,False,0.02,Low,15707219
586,47,5,157099.47,2,1,1,65481.86,0,True,False,False,0.1,Low,15709232
583,40,3,0.0,2,1,0,47728.0,0,False,False,True,0.01,Low,15801351
701,26,5,83600.24,1,0,1,59195.05,0,False,True,True,0.03,Low,15578747
726,28,2,0.0,1,0,0,98060.51,0,False,False,True,0.01,Low,15675626
829,36,4,81795.74,2,1,0,90106.94,0,True,False,True,0.04,Low,15583736
749,38,9,129378.32,1,1,1,13549.34,0,False,True,True,0.02,Low,15590011
743,46,9,0.0,1,1,0,113436.08,0,False,False,False,0.33,Medium,15609913
619,56,7,0.0,2,1,1,42442.21,0,False,True,False,0.01,Low,15719479
699,22,9,99339.0,1,1,0,68297.61,1,False,False,True,0.63,Medium,15575147
749,36,7,0.0,2,0,0,80134.65,0,False,True,True,0.04,Low,15597309
600,29,6,74430.1,2,1,1,96051.1,0,True,False,False,0.02,Low,15648367
760,38,3,91241.85,1,0,1,80682.35,0,False,True,True,0.01,Low,15758031
528,32,2,99092.45,1,0,1,111149.98,0,True,False,True,0.03,Low,15751771
630,26,5,0.0,2,1,0,182612.38,0,False,False,False,0.0,,15689288
683,39,2,100062.16,2,1,0,109201.43,0,True,False,False,0.05,Low,15731026
677,26,6,98723.67,1,0,1,151146.67,0,True,False,False,0.07,Low,15775809
669,29,9,0.0,1,1,1,93901.61,0,False,True,True,0.0,,15743076
693,43,6,128760.32,1,1,0,36342.79,0,False,False,True,0.27,Low,15658258
612,52,5,144772.69,1,0,0,98302.57,1,False,True,False,0.85,High,15756321
719,44,4,0.0,1,0,0,84972.9,1,False,True,True,0.78,High,15706799
702,26,2,71281.29,1,1,1,108747.12,1,False,False,True,0.62,Medium,15775703
755,29,9,117035.89,1,1,1,21862.19,0,False,False,True,0.01,Low,15642636
514,26,1,0.0,2,0,0,121551.93,0,False,False,True,0.0,,15704651
753,40,0,3768.69,2,1,0,177065.24,1,False,False,False,0.7,Medium,15806771
548,36,2,108913.84,2,1,1,140460.01,0,True,False,False,0.08,Low,15566735
850,28,2,101100.22,2,1,1,35337.31,0,True,False,True,0.01,Low,15681671
612,38,7,110615.47,1,1,1,193502.93,0,False,False,False,0.03,Low,15775949
628,33,8,152143.89,1,1,1,32174.03,0,True,False,True,0.03,Low,15586752
479,47,6,121797.09,1,0,1,5811.9,1,False,False,True,0.76,High,15582519
724,41,5,109798.25,1,0,1,149593.61,0,False,False,False,0.07,Low,15658233
512,41,7,122403.24,1,0,1,37439.9,1,True,False,True,0.76,High,15755330
638,43,3,145860.98,1,1,1,142763.51,1,False,False,False,0.79,High,15605072
834,40,7,0.0,2,0,0,45038.74,0,False,True,True,0.01,Low,15617538
781,29,9,0.0,2,0,0,172097.4,0,False,False,True,0.0,,15591428
707,48,7,105086.74,1,1,1,180344.69,1,True,False,False,0.8,High,15692142
670,22,2,114991.45,1,1,1,37392.56,0,False,False,True,0.02,Low,15692931
663,33,8,96769.04,1,1,1,36864.05,0,False,True,False,0.03,Low,15781127
624,23,5,0.0,2,0,0,132418.59,0,False,False,False,0.01,Low,15677136
598,34,4,0.0,2,0,0,60894.26,0,False,False,False,0.01,Low,15677828
619,23,5,132725.1,1,1,1,143913.33,0,True,False,True,0.03,Low,15567897
792,70,3,0.0,2,1,1,172240.27,0,False,False,False,0.01,Low,15793641
683,26,7,0.0,2,1,0,86619.77,0,False,False,False,0.0,,15678333
691,33,6,0.0,2,1,0,164074.89,0,False,False,False,0.0,,15630511
765,33,5,84557.82,1,1,1,69039.43,0,False,True,False,0.02,Low,15792627
508,49,1,93817.41,2,1,1,132468.76,1,False,False,True,0.76,High,15717191
637,33,9,113913.53,1,0,1,65316.5,0,False,False,False,0.0,,15625716
667,44,5,140406.68,2,0,1,57164.19,0,True,False,False,0.04,Low,15710053
575,22,8,105229.34,1,1,1,34397.08,0,False,True,False,0.03,Low,15580043
744,46,1,0.0,3,1,1,177431.59,1,False,True,False,0.96,High,15601410
567,41,9,137891.35,1,1,0,142009.46,1,False,False,False,0.73,High,15684669
502,35,6,0.0,2,1,1,80618.47,0,False,False,False,0.0,,15619083
609,53,6,0.0,2,1,1,124218.27,0,False,False,False,0.07,Low,15692207
715,37,9,165252.52,1,1,0,85286.3,0,False,False,True,0.06,Low,15730705
541,32,8,0.0,2,0,0,40889.14,0,False,False,True,0.0,,15749688
850,71,4,0.0,2,1,1,107236.87,0,False,False,False,0.01,Low,15728542
595,23,7,0.0,2,1,1,168085.97,0,False,True,True,0.0,,15760063
650,28,5,122034.4,3,0,1,146663.43,1,True,False,False,0.94,High,15658982
625,44,7,0.0,1,1,0,4791.8,0,False,False,False,0.17,Low,15758769
817,59,1,118962.58,1,1,1,120819.58,0,False,False,True,0.04,Low,15778481
526,49,2,0.0,1,1,0,114539.67,1,False,True,True,0.72,High,15661162
850,34,4,71379.53,2,1,1,154000.99,0,False,False,False,0.01,Low,15568164
598,40,2,171178.25,1,1,0,137980.58,1,False,False,False,0.74,High,15601569
613,36,9,131307.11,1,0,0,83343.73,0,False,False,True,0.09,Low,15772383
709,62,3,0.0,2,1,1,82195.15,0,False,True,True,0.05,Low,15667456
678,27,5,87099.85,2,1,0,149550.95,0,False,True,False,0.08,Low,15672983
720,71,5,183135.39,2,1,1,197688.5,0,False,False,True,0.08,Low,15799534
662,26,0,0.0,2,0,1,72929.96,0,False,False,True,0.01,Low,15582847
525,51,10,0.0,3,1,0,171045.35,1,False,False,True,0.96,High,15612478
662,31,3,0.0,2,0,1,27731.05,0,False,False,True,0.0,,15709621
770,33,6,0.0,2,1,1,126131.9,0,False,False,False,0.0,,15802009
721,33,4,72535.45,1,1,1,103931.49,0,False,True,False,0.05,Low,15698816
633,58,2,128137.42,2,1,0,147635.33,1,True,False,True,0.88,High,15574830
701,51,9,0.0,2,0,0,61961.57,0,False,False,True,0.05,Low,15603082
556,42,0,115915.53,2,0,1,125435.47,1,True,False,True,0.72,High,15685947
639,66,0,0.0,2,0,1,42240.54,0,False,False,True,0.05,Low,15643048
632,50,2,0.0,2,0,0,57942.88,0,False,False,True,0.01,Low,15807568
456,29,5,107000.49,1,1,1,153419.62,0,False,False,True,0.01,Low,15597591
729,38,10,0.0,2,1,0,189727.12,0,False,True,False,0.11,Low,15747558
632,34,2,0.0,2,0,0,165385.55,0,False,False,False,0.0,,15756655
433,34,9,152806.74,1,1,0,19687.99,0,False,True,True,0.03,Low,15589949
802,60,3,92887.06,1,1,0,39473.63,1,False,False,False,0.96,High,15601012
670,25,7,0.0,2,1,1,144723.38,0,False,False,True,0.0,,15724269
738,40,6,114940.67,2,1,1,194895.57,1,True,False,False,0.67,Medium,15567506
706,34,0,140641.26,2,1,1,77271.91,0,True,False,True,0.02,Low,15791877
592,70,5,71816.74,2,1,0,105096.82,1,True,False,False,0.83,High,15794360
522,41,7,0.0,2,0,1,176780.39,0,False,False,False,0.07,Low,15686538
746,48,5,165282.42,1,1,0,153786.46,1,False,False,True,0.81,High,15585985
651,42,2,143145.87,2,1,0,43612.06,0,False,True,True,0.1,Low,15699257
494,28,9,114731.76,2,0,1,79479.74,0,False,False,True,0.02,Low,15804104
753,46,9,113909.69,3,1,0,92320.37,1,True,False,False,1.0,High,15727619
671,36,2,116695.27,1,0,0,193201.86,0,True,False,True,0.2,Low,15740237
696,42,4,0.0,1,0,0,126353.13,1,False,False,True,0.77,High,15801436
577,43,3,0.0,2,1,1,135008.92,0,False,True,True,0.0,,15705735
587,36,1,0.0,2,0,1,17135.6,0,False,False,True,0.0,,15649359
712,37,7,93978.96,2,1,0,60651.77,0,True,False,True,0.06,Low,15624892
498,35,2,121968.11,2,0,1,188343.05,0,True,False,True,0.05,Low,15784918
660,37,2,97324.91,1,1,0,23291.83,0,False,False,True,0.05,Low,15584785
678,29,6,0.0,2,1,0,64443.75,0,False,True,True,0.0,,15797197
530,37,8,0.0,2,1,1,287.99,0,False,False,True,0.01,Low,15574858
559,48,2,0.0,2,0,1,137961.41,0,False,False,False,0.18,Low,15794101
624,42,3,145155.37,1,1,0,72169.95,1,False,False,True,0.74,High,15743245
592,28,5,137222.77,1,0,0,39608.58,0,False,False,True,0.01,Low,15791535
767,48,9,0.0,2,0,1,175458.21,0,False,False,True,0.02,Low,15605215
653,38,5,114268.22,2,1,1,89524.83,0,True,False,False,0.07,Low,15771749
678,27,2,0.0,2,1,1,13221.25,0,False,True,True,0.0,,15616833
586,42,2,0.0,1,1,0,102889.34,0,False,True,False,0.15,Low,15750728
550,40,8,150490.32,1,0,0,166468.21,1,False,False,False,0.81,High,15769353
643,28,9,160858.13,2,1,0,27149.27,0,True,False,True,0.03,Low,15770091
612,39,5,170288.38,1,1,1,59601.15,0,False,True,True,0.01,Low,15716420
674,27,4,111568.01,1,0,1,22026.18,0,True,False,False,0.1,Low,15740602
657,29,7,83889.03,1,1,0,153059.62,0,False,True,True,0.02,Low,15796071
724,35,0,171982.95,2,0,1,167313.07,0,True,False,False,0.0,,15811389
500,34,4,0.0,2,1,0,12833.96,0,False,False,False,0.04,Low,15783875
688,20,8,137624.4,2,1,1,197582.79,0,False,False,True,0.05,Low,15671800
599,50,3,121159.65,1,0,0,4033.39,1,False,False,True,0.54,Medium,15677288
631,29,7,0.0,2,0,1,125877.22,0,False,False,True,0.0,,15633525
634,52,1,0.0,2,1,1,176913.42,0,False,True,True,0.06,Low,15634606
545,37,3,91184.01,1,1,0,105476.65,0,False,False,True,0.04,Low,15579207
644,18,8,0.0,2,1,0,59172.42,0,False,True,True,0.08,Low,15619892
690,54,1,144027.8,1,1,1,108731.02,1,True,False,False,0.8,High,15567778
711,34,6,0.0,2,1,1,175310.38,0,False,False,False,0.0,,15711750
712,29,8,140170.61,1,1,1,38170.04,0,False,False,False,0.05,Low,15751084
627,27,1,62092.9,1,1,1,105887.04,0,False,False,True,0.18,Low,15768945
694,39,3,0.0,1,1,1,95625.03,0,False,True,True,0.01,Low,15586931
534,35,4,0.0,2,0,0,9541.15,0,False,True,True,0.01,Low,15636353
603,45,9,0.0,1,0,0,148516.79,0,False,False,True,0.15,Low,15623858
808,33,2,103516.87,1,1,0,113907.8,0,False,False,False,0.05,Low,15703354
723,30,1,0.0,3,1,0,164647.72,1,False,True,True,0.78,High,15663987
585,35,2,0.0,2,1,0,98621.04,1,False,False,False,0.09,Low,15780805
706,34,8,0.0,2,1,1,37479.97,0,False,False,True,0.0,,15768566
671,31,6,0.0,2,1,1,15846.42,0,False,False,False,0.03,Low,15643229
597,43,2,85162.26,1,0,1,5104.08,1,False,True,True,0.17,Low,15754940
646,43,8,143061.88,1,1,0,61937.6,0,False,False,False,0.21,Low,15676576
801,46,6,0.0,2,1,1,170008.74,0,False,True,False,0.13,Low,15800068
731,33,5,137388.01,2,1,0,165000.68,0,False,True,False,0.06,Low,15648030
620,25,1,137712.01,1,1,1,76197.05,0,True,False,False,0.13,Low,15668594
484,40,7,106901.42,2,0,0,118045.98,0,True,False,True,0.02,Low,15728709
647,47,5,105603.21,2,1,1,157360.9,0,False,True,True,0.1,Low,15724181
688,40,8,150679.71,2,0,1,196226.38,0,True,False,False,0.1,Low,15647546
680,30,4,108300.27,2,0,1,44384.57,1,True,False,True,0.63,Medium,15702601
689,46,7,52016.08,2,1,1,72993.65,0,False,False,False,0.08,Low,15567725
513,34,7,60515.13,1,0,0,124571.09,0,True,False,True,0.06,Low,15674179
553,35,2,158584.28,2,1,0,43640.16,0,True,False,True,0.03,Low,15686957
689,47,2,118812.5,2,0,0,31121.42,0,True,False,True,0.16,Low,15607690
517,46,4,0.0,1,1,0,22372.78,0,False,True,True,0.24,Low,15806546
731,37,8,0.0,2,1,1,170338.35,0,False,False,True,0.0,,15632850
687,47,1,91219.29,1,0,0,158845.49,1,True,False,False,0.87,High,15709016
507,32,7,0.0,2,1,0,67926.18,0,False,True,True,0.0,,15638068
468,22,1,76318.64,1,1,1,194783.12,0,False,False,False,0.07,Low,15749345
682,58,4,0.0,1,1,0,176036.01,0,False,True,False,0.31,Medium,15791321
603,24,3,0.0,1,1,1,198826.03,1,False,False,False,0.66,Medium,15699095
522,25,1,111432.13,1,1,1,168683.57,0,True,False,True,0.16,Low,15638329
629,41,10,150148.51,1,0,0,6936.27,0,False,True,True,0.13,Low,15575445
729,32,7,38550.06,1,0,1,179230.23,0,False,False,False,0.1,Low,15752622
574,39,5,119013.86,1,1,0,103421.91,0,False,False,False,0.09,Low,15774507
677,39,0,111213.64,2,1,1,147578.26,0,True,False,False,0.07,Low,15570857
627,28,5,71097.23,1,1,1,130504.49,0,True,False,True,0.01,Low,15599386
788,36,10,109632.85,1,1,1,16149.13,0,False,True,True,0.03,Low,15744913
697,63,7,148368.02,1,0,0,118862.08,1,False,False,True,0.98,High,15647292
578,45,1,148600.91,1,1,0,143397.14,1,False,False,True,0.77,High,15728838
519,48,10,71083.98,1,1,0,137959.0,0,False,False,True,0.24,Low,15584704
632,40,9,139625.34,1,1,0,93702.96,1,False,False,False,0.77,High,15749068
679,39,4,0.0,1,0,0,172939.3,1,False,False,False,0.39,Medium,15622985
699,30,9,0.0,1,1,1,108162.13,0,False,False,True,0.01,Low,15587676
615,64,0,81564.1,2,0,1,35896.09,0,False,False,True,0.07,Low,15779496
622,36,9,0.0,2,1,1,104852.6,0,False,True,True,0.0,,15733460
755,28,7,124540.28,1,0,1,188850.89,0,False,False,False,0.17,Low,15711457
767,42,2,133616.39,1,1,0,28615.8,0,False,False,False,0.09,Low,15795290
752,38,10,101648.5,2,1,0,172001.44,0,True,False,False,0.18,Low,15611223
633,26,8,124281.84,1,1,1,60116.57,0,False,False,False,0.03,Low,15794159
717,59,4,0.0,2,1,1,170528.63,0,False,False,False,0.13,Low,15780677
585,45,0,0.0,2,0,0,189683.7,0,False,True,True,0.14,Low,15690175
751,37,9,183613.66,2,0,0,49734.94,0,False,False,False,0.02,Low,15722599
754,65,1,136186.44,1,1,1,121529.59,1,True,False,True,0.87,High,15569976
495,47,10,137682.68,1,1,0,71071.47,0,False,False,True,0.24,Low,15707011
650,34,4,106005.54,1,0,1,142995.32,0,False,False,True,0.01,Low,15702277
529,31,6,152310.55,1,1,0,13054.25,0,False,False,False,0.02,Low,15801915
585,43,2,0.0,2,1,0,89402.54,0,False,False,False,0.04,Low,15580213
668,32,1,134446.04,1,0,1,111241.37,0,False,True,True,0.02,Low,15637947
591,38,2,142289.28,1,0,1,119638.85,0,False,False,False,0.06,Low,15715888
731,19,6,0.0,2,1,1,151581.79,0,False,False,True,0.0,,15732967
754,45,6,0.0,1,1,0,73881.68,1,False,False,False,0.85,High,15737047
650,46,9,149003.76,2,1,0,176902.83,0,True,False,False,0.11,Low,15694039
588,41,2,131341.46,2,0,1,7034.94,0,True,False,True,0.09,Low,15649457
712,29,7,77919.78,1,1,0,122547.58,0,False,True,False,0.03,Low,15742809
691,34,7,0.0,2,0,1,161559.12,0,False,False,False,0.01,Low,15637829
771,41,10,108309.0,4,1,1,137510.41,1,False,False,False,0.98,High,15633194
678,39,6,0.0,1,0,1,185366.56,0,False,True,False,0.06,Low,15611635
719,40,9,0.0,2,1,0,182224.14,0,False,True,False,0.01,Low,15638774
610,36,7,115462.02,1,0,1,42581.04,0,True,False,True,0.09,Low,15722037
722,37,9,0.0,2,1,0,31921.95,0,False,True,True,0.02,Low,15672930
758,23,5,122739.1,1,1,0,102460.84,1,True,False,False,0.71,High,15668774
709,32,2,0.0,2,0,0,109681.29,0,False,False,False,0.06,Low,15780966
634,53,3,113781.5,2,1,1,106345.05,1,True,False,False,0.74,High,15659694
678,49,1,0.0,2,1,1,102472.9,0,False,True,False,0.09,Low,15624424
633,35,3,0.0,2,1,1,36249.76,0,False,False,True,0.0,,15708713
710,43,9,128284.45,1,1,0,32996.89,1,False,False,True,0.69,Medium,15755405
640,45,8,120591.19,1,0,0,195123.94,0,True,False,True,0.28,Low,15647570
656,63,8,0.0,2,0,1,57014.43,0,False,False,True,0.0,,15684348
551,59,2,166968.28,1,1,0,159483.76,1,False,False,False,0.97,High,15702541
786,39,7,0.0,2,0,0,100929.59,0,False,True,False,0.01,Low,15646942
561,49,8,0.0,2,1,1,12513.07,0,False,False,False,0.17,Low,15748920
807,42,5,0.0,2,1,1,74900.9,0,False,True,True,0.02,Low,15694581
602,38,2,71667.97,2,0,0,137111.89,0,True,False,True,0.1,Low,15643215
727,31,3,82729.47,2,1,0,60212.51,0,True,False,False,0.0,,15649060
678,40,1,0.0,2,1,1,187343.4,0,False,False,True,0.0,,15774258
730,23,8,0.0,2,1,0,183284.53,0,False,False,True,0.0,,15731553
596,30,1,0.0,2,1,0,8125.39,0,False,True,False,0.15,Low,15617029
686,39,3,129626.19,2,1,1,103220.56,0,True,False,True,0.03,Low,15780716
684,26,2,114035.39,1,0,0,96885.19,0,True,False,False,0.15,Low,15577018
797,32,1,151922.94,1,1,0,8877.06,0,True,False,True,0.23,Low,15809515
658,39,4,0.0,1,1,1,147530.06,0,False,False,False,0.04,Low,15789924
653,27,6,107751.68,2,1,1,33389.42,0,False,True,False,0.0,,15725076
641,37,6,0.0,2,1,0,45309.24,0,False,False,True,0.0,,15672481
656,41,6,101179.23,2,1,1,35230.61,0,False,True,False,0.08,Low,15574115
750,36,6,0.0,2,1,1,59816.41,0,False,True,False,0.0,,15661830
768,40,8,0.0,2,0,1,69080.46,0,False,False,False,0.04,Low,15665879
568,33,7,0.0,2,1,0,143450.61,0,False,False,True,0.0,,15673820
706,36,9,58571.18,2,1,0,40774.01,0,True,False,True,0.02,Low,15747772
430,38,8,153058.64,1,1,0,99377.27,0,True,False,False,0.11,Low,15666197
745,35,4,98270.34,1,1,0,133617.43,0,True,False,True,0.11,Low,15773639
747,43,1,130788.71,1,0,1,101495.0,1,False,False,True,0.7,Medium,15581893
657,40,7,99165.84,1,0,1,119333.95,1,True,False,True,0.74,High,15672447
639,42,4,0.0,2,0,0,167682.37,0,False,False,False,0.03,Low,15777830
704,44,3,0.0,2,0,1,152884.85,0,False,False,True,0.02,Low,15713890
651,23,4,115636.05,2,1,0,70400.86,0,False,True,True,0.12,Low,15577598
706,44,2,185932.18,2,1,0,65413.41,0,True,False,False,0.13,Low,15786042
632,30,2,72549.0,2,0,1,182728.8,0,True,False,True,0.01,Low,15753462
751,42,4,0.0,2,1,1,81442.6,0,False,False,True,0.0,,15759690
767,35,2,0.0,2,0,0,144251.38,0,False,False,False,0.0,,15801414
741,39,5,0.0,1,0,1,40207.06,0,False,False,True,0.08,Low,15656141
651,29,3,121890.06,1,1,0,54530.51,1,True,False,True,0.75,High,15608701
601,46,2,99786.07,1,1,1,32683.88,1,False,False,True,0.14,Low,15582892
520,34,3,0.0,2,1,1,104703.96,0,False,False,True,0.0,,15632967
626,27,4,115084.53,2,0,1,26907.43,0,True,False,True,0.06,Low,15587573
811,30,6,0.0,2,1,1,180591.32,0,False,False,True,0.0,,15654891
730,32,9,127661.69,1,0,0,60905.51,0,False,False,False,0.02,Low,15611365
604,47,4,118907.6,1,0,1,47777.15,1,True,False,False,0.87,High,15749103
499,44,6,77627.33,2,1,0,108222.68,0,True,False,False,0.11,Low,15810203
754,40,2,160625.17,1,0,1,3554.63,0,False,True,True,0.05,Low,15813660
716,29,8,0.0,2,0,0,78616.92,0,False,True,False,0.0,,15605673
636,20,10,124266.86,1,0,0,100566.81,0,False,False,False,0.04,Low,15669282
470,25,8,127974.06,2,1,1,183259.35,0,False,False,False,0.08,Low,15792726
444,43,3,0.0,2,1,1,159131.21,0,False,False,True,0.07,Low,15593241
809,48,2,0.0,1,1,0,160976.85,1,False,True,False,0.98,High,15683053
850,30,3,104911.35,2,1,1,42933.26,0,True,False,False,0.03,Low,15632736
637,27,1,0.0,2,1,0,91291.2,0,False,False,True,0.0,,15731865
512,43,1,0.0,2,1,1,52471.36,0,False,False,True,0.06,Low,15760450
774,43,1,110646.54,1,0,0,108804.28,0,False,True,False,0.26,Low,15787204
641,57,5,0.0,2,1,1,122449.18,0,False,False,True,0.03,Low,15650454
586,42,6,126704.49,2,1,0,41682.3,0,True,False,True,0.03,Low,15573730
611,30,9,0.0,2,1,1,148887.69,0,False,False,True,0.0,,15705050
660,31,1,84560.04,1,1,1,137784.25,0,False,True,True,0.01,Low,15791342
532,43,9,0.0,2,0,0,190573.91,1,False,False,True,0.72,High,15684316
557,38,2,129893.56,1,0,0,102076.03,0,True,False,False,0.16,Low,15700540
730,25,5,167385.81,1,1,1,56307.51,0,False,True,True,0.0,,15770631
535,27,6,0.0,2,0,1,49775.58,0,False,False,False,0.01,Low,15790594
773,36,4,105858.71,1,0,1,4395.45,0,True,False,False,0.2,Low,15604020
510,44,4,123070.89,1,1,0,28461.29,1,True,False,False,0.92,High,15637599
539,39,1,0.0,1,1,1,28184.7,0,False,False,True,0.21,Low,15736578
690,48,2,0.0,2,1,1,3149.1,0,False,True,False,0.05,Low,15666332
821,40,1,0.0,2,1,0,194273.12,0,False,False,False,0.02,Low,15727291
687,35,1,125141.24,2,1,1,148537.07,0,True,False,True,0.03,Low,15785920
557,46,4,96173.17,2,1,1,116378.31,0,False,False,False,0.08,Low,15658987
532,37,5,0.0,2,0,1,6761.84,0,False,True,False,0.01,Low,15687719
540,39,2,0.0,2,1,0,81995.92,0,False,True,True,0.01,Low,15799641
705,55,8,0.0,2,1,1,14392.68,0,False,False,False,0.09,Low,15758702
542,35,9,127543.11,2,1,0,468.94,1,True,False,False,0.69,Medium,15689526
706,38,1,0.0,2,1,0,122379.54,0,False,False,True,0.05,Low,15586848
765,56,1,0.0,1,1,0,13228.93,1,False,False,False,0.92,High,15707637
529,67,8,103101.56,2,1,1,154002.02,1,False,False,True,0.03,Low,15719426
714,54,7,126113.28,1,1,0,112777.38,0,False,False,True,0.31,Medium,15639265
582,41,1,40488.76,1,1,0,128528.83,0,False,False,True,0.03,Low,15576124
609,40,10,137389.77,2,1,0,170122.22,0,True,False,False,0.09,Low,15757829
518,28,9,85146.36,1,0,0,2803.89,0,False,False,False,0.09,Low,15633227
791,35,5,129828.58,1,1,1,181918.26,1,True,False,True,0.81,High,15753092
747,42,4,80214.36,1,1,0,115241.96,1,False,False,True,0.81,High,15782939
565,40,2,0.0,2,1,1,129956.13,0,False,False,False,0.08,Low,15746338
735,34,1,141796.43,1,1,0,45858.49,0,False,False,True,0.06,Low,15590676
697,49,7,195238.29,4,0,1,131083.56,1,False,False,False,0.9,High,15599329
813,27,6,111348.15,1,1,0,46422.46,0,True,False,True,0.13,Low,15783097
772,43,6,0.0,2,1,1,57675.88,0,False,False,True,0.02,Low,15597885
606,71,8,0.0,2,1,1,169741.96,0,False,False,False,0.01,Low,15597467
667,42,10,64404.26,2,0,0,26022.37,0,True,False,False,0.08,Low,15724764
637,40,9,154309.67,1,1,1,125334.16,1,True,False,True,0.73,High,15778418
542,67,10,129431.36,1,0,1,21343.74,0,False,False,True,0.05,Low,15684769
762,43,5,134204.67,1,1,1,139971.01,0,False,True,False,0.04,Low,15756167
698,39,4,0.0,2,0,1,47455.82,0,False,False,False,0.02,Low,15632439
850,32,8,0.0,2,1,1,55593.8,0,False,False,False,0.03,Low,15755138
621,50,5,0.0,2,1,0,191756.54,1,False,False,False,0.69,Medium,15659092
671,48,9,116711.06,2,0,0,76373.38,0,True,False,False,0.48,Medium,15742116
775,31,9,0.0,2,1,0,169278.51,0,False,False,True,0.02,Low,15801994
504,34,0,54980.81,1,1,1,136909.88,0,False,True,True,0.17,Low,15647572
751,37,3,99773.85,2,1,0,54865.92,0,False,True,False,0.05,Low,15644551
691,30,7,101231.77,2,0,0,156529.44,0,True,False,True,0.03,Low,15709135
841,32,2,117070.21,1,1,0,113482.2,0,True,False,True,0.22,Low,15684469
709,23,8,73314.04,2,1,0,63446.47,0,True,False,True,0.03,Low,15627637
673,37,2,0.0,1,1,1,13624.02,0,False,False,True,0.26,Low,15667093
541,37,9,212314.03,1,0,1,148814.54,0,False,False,True,0.19,Low,15690589
661,31,3,136067.82,2,1,0,65567.91,0,False,False,False,0.11,Low,15595350
784,42,2,109052.04,2,1,0,6409.55,0,False,True,False,0.08,Low,15777586
742,35,2,79126.17,1,1,1,126997.53,0,False,False,False,0.04,Low,15804064
850,55,7,0.0,1,0,0,171762.87,1,False,True,False,0.93,High,15717770
443,35,9,108308.0,1,1,0,129031.19,1,False,False,False,0.74,High,15754443
778,48,3,102290.56,2,1,0,182691.31,0,True,False,False,0.36,Medium,15776939
529,39,6,102025.08,2,1,0,12351.01,0,False,False,True,0.15,Low,15713517
678,37,2,113383.07,1,1,1,135123.96,0,True,False,False,0.14,Low,15683522
516,65,9,102541.1,1,1,0,181490.42,0,False,True,False,0.36,Medium,15673995
469,35,5,0.0,2,1,0,186490.37,0,False,True,True,0.04,Low,15771054
786,40,6,0.0,2,0,0,41248.8,0,False,True,True,0.0,,15578788
703,41,6,109941.51,1,1,0,116267.28,0,False,False,False,0.21,Low,15737408
579,41,0,141749.68,1,0,1,9201.53,0,True,False,True,0.25,Low,15750837
565,38,5,0.0,2,0,1,80630.32,0,False,False,True,0.0,,15576022
443,44,2,0.0,1,1,0,159165.7,0,False,False,True,0.25,Low,15635502
589,37,7,85146.48,2,1,0,86490.09,1,False,False,True,0.59,Medium,15627298
691,44,6,134066.1,2,1,1,197572.41,0,False,False,False,0.24,Low,15811415
711,28,8,0.0,2,0,0,105159.89,0,False,False,False,0.03,Low,15645059
775,27,4,0.0,1,1,1,40807.26,0,False,True,True,0.0,,15689671
621,35,7,87619.29,1,1,0,143.34,0,False,False,True,0.07,Low,15718667
350,51,10,0.0,1,1,1,125823.79,1,False,False,True,0.88,High,15803202
668,30,8,0.0,2,1,0,138465.7,0,False,True,False,0.0,,15593683
633,27,3,0.0,2,1,0,44008.91,0,False,True,True,0.01,Low,15703394
697,43,8,103409.16,1,1,0,66893.28,1,True,False,True,0.85,High,15570289
734,30,7,123040.38,1,1,1,76503.06,0,True,False,False,0.14,Low,15567437
434,41,4,108128.52,1,0,1,56784.11,0,False,False,True,0.25,Low,15711687
646,48,8,169023.33,2,1,1,175657.55,0,True,False,True,0.12,Low,15656592
764,30,5,0.0,2,0,1,105155.66,0,False,False,True,0.0,,15634373
727,41,10,0.0,2,0,1,47468.56,0,False,True,False,0.09,Low,15769125
724,29,6,0.0,2,0,1,64729.51,0,False,False,False,0.0,,15711386
749,42,9,222267.63,1,0,0,101108.85,1,False,True,True,0.9,High,15714241
706,47,10,144090.42,1,1,0,140938.95,1,True,False,False,0.88,High,15642530
728,30,10,114835.43,1,0,1,37662.49,0,False,False,True,0.03,Low,15713599
636,44,2,0.0,2,0,0,86414.41,0,False,False,True,0.0,,15744770
634,34,3,145030.92,1,1,1,41820.65,0,False,False,True,0.01,Low,15780498
627,43,8,71240.3,1,0,1,127734.16,0,False,False,True,0.06,Low,15624397
518,59,5,138772.15,1,0,1,123872.0,0,False,False,True,0.08,Low,15615219
687,29,7,93617.07,1,0,1,113050.92,0,False,True,False,0.02,Low,15570908
622,23,8,0.0,2,1,1,131389.39,0,False,True,False,0.02,Low,15762855
693,45,4,0.0,2,1,1,26589.56,0,False,True,False,0.04,Low,15661827
450,25,9,74237.2,2,0,1,195463.35,0,False,True,True,0.07,Low,15746035
664,49,5,127421.78,2,1,0,108876.75,1,True,False,False,0.84,High,15691906
663,28,8,61274.7,2,1,0,136054.45,0,False,True,False,0.06,Low,15793424
660,34,8,106486.66,2,0,1,182262.66,0,False,False,True,0.03,Low,15577905
579,29,10,73194.52,2,1,1,129209.09,0,False,False,False,0.0,,15667216
655,44,6,146498.76,1,1,0,64853.51,1,True,False,False,0.94,High,15673971
683,47,1,0.0,2,1,0,148989.15,0,False,False,True,0.08,Low,15701238
655,32,2,0.0,1,1,1,71047.51,0,False,False,False,0.06,Low,15644849
575,30,8,0.0,2,1,0,185341.63,0,False,True,False,0.0,,15635531
574,30,5,120355.0,1,1,0,137793.35,0,False,True,True,0.01,Low,15632263
795,32,2,117265.21,1,1,1,198317.23,0,False,False,True,0.02,Low,15720110
776,43,4,0.0,2,0,1,162137.5,0,False,False,False,0.04,Low,15619045
707,52,7,0.0,1,1,0,109688.82,1,False,True,False,0.94,High,15697510
705,37,3,109974.22,1,1,1,36320.87,1,True,False,False,0.28,Low,15784923
678,44,2,98009.13,2,0,1,31384.86,0,True,False,False,0.14,Low,15567383
663,34,10,0.0,1,1,1,114083.73,0,False,False,True,0.07,Low,15732621
748,66,8,0.0,1,1,1,163331.65,0,False,False,True,0.11,Low,15757981
677,34,10,171671.9,1,1,1,50777.77,0,False,True,False,0.07,Low,15727819
634,63,10,0.0,2,1,0,30772.86,1,False,True,True,0.54,Medium,15738088
350,60,3,0.0,1,0,0,113796.15,1,False,False,False,0.84,High,15765173
727,61,0,128213.96,2,1,1,188729.08,1,False,False,True,0.74,High,15665159
773,51,8,116197.65,2,1,1,86701.4,0,True,False,True,0.23,Low,15618203
675,39,1,0.0,2,1,0,153129.22,0,False,False,True,0.02,Low,15791452
649,36,6,86607.39,1,0,0,19825.09,0,False,True,False,0.04,Low,15638159
552,29,10,0.0,2,1,0,12186.83,0,False,False,True,0.0,,15585466
761,62,5,98854.34,1,0,0,86920.97,1,True,False,True,0.98,High,15677310
622,31,7,0.0,1,1,0,35408.77,0,False,False,True,0.01,Low,15646262
615,59,8,0.0,2,1,1,165576.55,0,False,False,True,0.02,Low,15656901
681,31,4,97338.19,2,0,0,48226.76,0,True,False,True,0.06,Low,15621093
768,30,6,0.0,2,1,1,199454.37,0,False,False,True,0.01,Low,15592123
617,34,9,0.0,2,1,0,118749.58,0,False,True,True,0.01,Low,15589200
452,33,6,131698.57,2,1,0,151623.91,0,False,False,False,0.02,Low,15602934
807,37,10,130110.45,2,0,1,172097.95,0,True,False,True,0.05,Low,15812720
567,44,9,0.0,2,1,0,87677.15,0,False,True,True,0.05,Low,15695383
603,24,1,165149.13,2,1,0,21858.28,0,False,True,True,0.04,Low,15723064
617,37,9,101707.8,1,1,0,123866.28,0,False,True,False,0.02,Low,15761606
701,34,3,105588.66,1,0,1,74694.41,0,False,False,False,0.01,Low,15650322
820,39,9,111336.89,1,1,0,16770.31,1,True,False,True,0.76,High,15669782
438,60,7,78391.17,1,0,1,49424.6,0,False,False,True,0.08,Low,15751628
600,27,6,0.0,2,1,1,172031.22,0,False,True,False,0.0,,15809057
782,34,9,0.0,1,1,0,183021.06,1,False,False,True,0.78,High,15617052
638,41,9,144326.09,1,1,0,73979.85,1,True,False,False,0.73,High,15590810
850,27,1,101278.25,2,1,1,26265.18,0,True,False,True,0.0,,15801293
741,19,8,108711.57,2,1,0,24857.25,0,True,False,False,0.06,Low,15770968
689,73,1,108555.07,1,0,1,167969.15,0,False,True,True,0.03,Low,15572356
743,35,1,146781.24,1,1,0,189307.7,0,True,False,False,0.04,Low,15603247
493,36,2,0.0,2,0,1,99770.3,0,False,False,False,0.04,Low,15619116
416,35,8,0.0,1,0,0,119712.78,0,False,True,True,0.07,Low,15691792
725,25,9,0.0,2,1,1,168607.74,0,False,False,False,0.01,Low,15783276
497,34,2,0.0,2,1,1,83087.13,0,False,False,True,0.0,,15766137
537,66,8,103291.25,2,1,1,130664.79,0,True,False,True,0.15,Low,15574554
706,29,1,209490.21,1,1,1,133267.69,1,False,True,False,0.31,Medium,15578671
651,38,2,0.0,3,1,0,67029.82,1,False,True,True,0.9,High,15716608
720,33,2,0.0,2,0,1,141031.08,0,False,False,True,0.0,,15690670
797,45,8,0.0,1,0,0,125110.02,0,False,False,True,0.12,Low,15630466
543,23,5,0.0,2,1,0,117832.39,0,False,True,True,0.0,,15630349
454,34,4,0.0,2,1,0,198817.72,0,False,False,True,0.14,Low,15803801
691,37,9,149405.18,1,1,1,146411.6,0,False,False,True,0.0,,15647890
510,52,6,191665.21,1,1,1,131312.56,1,False,False,False,0.85,High,15606115
792,40,7,0.0,1,1,0,141652.2,0,False,True,False,0.12,Low,15714642
721,41,6,135071.12,1,1,1,64477.25,0,False,False,True,0.11,Low,15741181
765,41,2,0.0,2,0,1,191215.61,0,False,False,True,0.02,Low,15773973
850,39,8,0.0,2,1,1,37090.44,0,False,True,True,0.0,,15758546
681,38,6,181804.34,2,1,1,57517.71,0,True,False,True,0.02,Low,15598940
586,60,3,47020.65,2,0,1,63241.21,1,False,False,False,0.7,Medium,15669783
753,36,7,128518.98,1,1,1,44567.83,1,False,False,False,0.72,High,15624993
593,38,5,142658.04,2,0,1,135337.11,0,True,False,False,0.05,Low,15760568
674,21,9,120150.39,2,1,1,33964.03,0,False,False,False,0.02,Low,15699047
610,35,7,81905.95,1,1,1,61623.19,0,False,False,False,0.04,Low,15616168
652,26,3,137998.2,2,0,1,168989.77,0,False,False,True,0.0,,15773146
850,26,8,123126.29,1,1,0,74425.41,0,True,False,False,0.18,Low,15770375
740,51,4,0.0,2,1,1,178929.84,0,False,False,False,0.03,Low,15589725
637,43,1,135645.29,2,0,1,101382.86,1,True,False,True,0.63,Medium,15710034
685,31,7,122449.31,2,1,1,180769.55,0,False,True,True,0.0,,15800806
558,40,4,161766.87,1,0,0,92378.54,0,False,True,True,0.06,Low,15570485
677,37,3,0.0,2,1,1,38252.25,0,False,False,False,0.0,,15575391
592,36,10,123187.51,1,0,1,146111.35,0,True,False,True,0.13,Low,15790750
652,36,9,150956.71,1,0,0,72350.17,0,True,False,True,0.08,Low,15714832
662,42,6,105021.28,1,1,0,48242.38,0,False,True,False,0.08,Low,15619953
543,64,4,0.0,2,1,1,148305.82,0,False,False,True,0.01,Low,15673929
675,50,1,133204.91,1,0,1,8270.06,0,False,True,False,0.1,Low,15578835
643,35,6,0.0,2,1,1,41549.64,0,False,True,False,0.04,Low,15752388
611,49,9,115488.52,2,1,1,138656.81,1,True,False,False,0.83,High,15797081
412,29,5,0.0,2,0,0,12510.53,0,False,False,True,0.01,Low,15570194
638,41,7,0.0,2,1,0,43889.41,0,False,True,True,0.0,,15580149
824,38,3,0.0,2,1,0,192800.25,0,False,True,False,0.05,Low,15777708
683,40,1,0.0,2,0,0,75762.0,0,False,False,False,0.06,Low,15769955
562,39,6,130565.02,1,1,0,9854.72,1,True,False,False,0.86,High,15810444
599,41,2,91328.71,1,1,0,115724.78,0,False,False,False,0.13,Low,15645593
753,35,4,0.0,2,1,1,106303.4,0,False,False,True,0.0,,15765345
594,50,7,81310.34,1,1,1,183868.01,0,False,False,True,0.1,Low,15760873
657,34,3,107136.6,1,1,0,153895.46,0,False,False,True,0.01,Low,15794178
716,34,9,0.0,1,1,1,66695.71,0,False,True,True,0.01,Low,15589361
850,43,7,0.0,2,1,1,173851.11,0,False,False,True,0.03,Low,15662483
664,46,2,0.0,1,1,1,177423.02,1,False,False,True,0.84,High,15809736
558,33,0,108477.49,1,1,1,109096.71,1,False,False,True,0.69,Medium,15731148
606,40,1,144757.97,2,1,1,166656.18,0,True,False,True,0.07,Low,15774328
776,33,2,0.0,2,1,1,176921.0,0,False,True,True,0.0,,15646969
557,36,1,113110.26,1,1,0,98413.1,0,False,True,True,0.1,Low,15718769
614,27,9,106414.57,2,0,0,77500.81,0,False,False,False,0.01,Low,15610226
620,42,4,106920.91,1,0,1,119747.08,0,False,True,True,0.05,Low,15616270
695,35,7,0.0,2,1,0,160387.98,0,False,True,True,0.0,,15790717
729,39,1,131513.26,1,1,1,193715.0,0,True,False,False,0.15,Low,15635703
571,53,2,0.0,2,1,0,28045.77,0,False,False,False,0.62,Medium,15616365
457,40,10,134320.23,2,1,0,150757.35,0,False,False,True,0.26,Low,15630244
559,29,3,79715.36,1,1,0,82252.28,0,False,False,False,0.06,Low,15734714
664,38,4,74306.19,2,1,0,154395.56,0,False,False,False,0.05,Low,15721433
500,50,5,0.0,4,1,1,83866.35,1,False,True,False,0.77,High,15590201
782,42,7,126428.38,1,1,0,39830.1,0,True,False,True,0.15,Low,15590828
708,38,8,99640.89,1,1,0,12429.22,0,False,True,True,0.03,Low,15752097
681,43,3,66338.68,1,1,1,18772.5,1,False,False,True,0.71,High,15800031
674,39,6,0.0,2,1,1,9574.83,0,False,True,False,0.02,Low,15630857
697,43,10,128226.37,1,0,0,188486.94,0,False,True,True,0.1,Low,15689953
774,26,5,0.0,2,1,1,64716.08,0,False,False,False,0.0,,15759733
624,36,6,0.0,2,0,0,84749.96,0,False,False,True,0.0,,15810826
747,37,1,0.0,2,0,1,180551.76,0,False,True,True,0.0,,15668009
715,32,10,0.0,2,1,0,60907.49,0,False,False,False,0.01,Low,15743456
808,24,4,122168.65,1,1,0,174107.04,0,False,False,True,0.02,Low,15725762
678,43,7,178074.33,1,0,0,110405.9,0,False,False,False,0.13,Low,15761713
813,59,2,135078.41,1,1,0,187636.06,1,True,False,True,0.9,High,15769246
687,38,8,69434.4,2,1,1,66580.13,1,False,True,True,0.66,Medium,15781129
832,29,5,0.0,2,1,0,178779.52,0,False,False,False,0.0,,15599124
668,72,2,0.0,2,1,1,70783.61,0,False,False,True,0.0,,15639004
526,34,3,122726.56,1,1,1,46772.36,0,True,False,True,0.12,Low,15810995
457,38,7,164496.99,1,1,1,163327.27,0,False,False,False,0.05,Low,15653773
649,38,8,0.0,1,1,0,103760.53,0,False,True,False,0.32,Medium,15708357
669,41,0,150219.41,2,0,0,107839.03,0,False,False,False,0.07,Low,15733597
668,42,8,187534.79,1,1,1,32900.41,1,False,False,True,0.18,Low,15789560
466,30,3,0.0,1,1,0,193984.6,0,False,False,False,0.12,Low,15699524
685,30,2,0.0,2,1,1,140889.32,0,False,False,True,0.0,,15626475
610,34,0,103108.17,1,0,0,125646.82,0,False,False,True,0.0,,15810839
582,50,6,96486.57,2,1,1,20344.02,0,True,False,False,0.07,Low,15684318
702,36,9,90560.48,2,1,0,174268.87,0,True,False,True,0.01,Low,15768120
556,46,3,131764.96,1,1,1,108500.66,1,False,True,True,0.8,High,15712807
812,24,1,92476.88,1,0,0,83247.14,0,False,True,False,0.03,Low,15696371
645,47,9,152076.93,1,1,0,121840.2,1,True,False,True,0.88,High,15675794
809,43,2,0.0,2,1,1,132908.07,0,False,False,True,0.09,Low,15774277
560,49,4,0.0,1,1,1,100075.1,1,False,False,True,0.81,High,15603764
744,29,1,43504.42,1,1,1,119327.75,0,False,False,True,0.13,Low,15618647
731,39,2,0.0,2,1,0,136737.13,0,False,True,False,0.06,Low,15614643
471,28,5,0.0,2,1,1,22356.97,0,False,True,False,0.03,Low,15707696
686,38,2,93569.86,3,0,0,10137.34,1,True,False,False,0.96,High,15749583
668,45,4,102486.21,2,1,1,158379.25,0,False,True,True,0.04,Low,15815125
575,36,1,0.0,1,0,1,94570.56,0,False,False,True,0.08,Low,15779620
435,37,8,114346.3,1,0,1,980.93,1,True,False,True,0.78,High,15768233
743,23,3,110203.77,1,1,0,95583.45,0,False,False,True,0.03,Low,15637788
580,39,9,128362.59,1,1,0,86044.98,0,False,False,False,0.07,Low,15777046
599,49,10,143888.22,2,1,1,166236.38,1,True,False,False,0.74,High,15788723
534,34,5,170600.78,1,0,1,5240.53,0,False,True,True,0.05,Low,15790489
680,32,5,0.0,1,1,1,150684.23,0,False,False,False,0.04,Low,15739476
631,46,10,0.0,2,1,1,129508.96,0,False,True,False,0.02,Low,15612670
485,39,2,75339.64,1,1,1,70665.16,0,False,False,False,0.22,Low,15631222
699,40,8,122038.34,1,1,0,102085.35,0,False,False,False,0.23,Low,15658972
712,34,1,0.0,2,1,1,195052.12,0,False,False,True,0.01,Low,15724691
603,51,8,186825.57,1,1,0,93739.71,1,False,False,True,0.76,High,15740442
850,40,6,124788.18,1,1,0,65612.12,0,False,False,True,0.43,Medium,15760427
584,41,3,0.0,2,1,1,160095.48,0,False,False,False,0.0,,15677939
604,71,2,0.0,2,1,1,49506.82,0,False,False,False,0.02,Low,15611599
586,51,2,138553.57,1,1,1,92406.22,0,False,False,True,0.05,Low,15633474
467,39,5,0.0,2,1,1,7415.96,0,False,True,True,0.02,Low,15671973
520,35,9,105387.89,1,1,1,25059.06,0,False,False,True,0.0,,15790019
683,40,4,95053.1,1,1,1,116816.54,1,False,True,True,0.74,High,15737735
557,36,3,0.0,1,0,1,144078.02,0,False,False,True,0.07,Low,15661745
613,32,0,0.0,2,0,1,126675.62,0,False,True,False,0.0,,15797065
786,34,3,137361.96,1,0,0,183682.09,0,False,False,True,0.02,Low,15710671
593,32,10,158537.42,1,1,0,166850.57,0,False,True,True,0.06,Low,15656522
670,29,9,0.0,2,1,0,27359.19,0,False,True,False,0.03,Low,15705085
657,48,5,143595.87,1,0,0,101314.65,1,True,False,False,0.86,High,15744873
718,32,9,169947.41,2,1,1,27979.16,0,True,False,True,0.0,,15781914
623,24,7,148167.83,2,1,1,109470.34,0,False,False,False,0.0,,15637354
496,31,5,0.0,2,1,0,93713.13,0,False,False,True,0.0,,15717307
429,39,6,48023.83,1,1,0,74870.99,0,False,False,False,0.14,Low,15746695
606,36,1,155655.46,1,1,1,192387.51,1,False,False,True,0.6,Medium,15804962
499,46,6,0.0,2,1,0,73457.55,0,False,False,False,0.08,Low,15665378
642,62,7,0.0,2,1,1,61120.75,0,False,False,True,0.01,Low,15757865
641,52,4,0.0,1,1,0,90964.54,1,False,False,False,0.96,High,15578787
673,32,8,121240.76,1,1,0,116969.73,0,False,False,True,0.04,Low,15794323
570,36,3,0.0,2,1,0,92118.75,0,False,False,False,0.07,Low,15697546
472,37,1,0.0,2,1,1,48357.9,0,False,False,False,0.02,Low,15629519
550,35,9,129847.75,2,1,0,197325.4,0,True,False,True,0.13,Low,15624703
625,55,8,118772.71,4,0,0,135853.62,1,True,False,False,1.0,High,15570002
516,46,2,0.0,2,1,1,169122.54,0,False,False,True,0.06,Low,15808566
682,32,2,105163.88,2,1,1,164170.46,0,True,False,True,0.02,Low,15805463
620,28,8,0.0,2,1,1,199909.32,0,False,False,True,0.0,,15709136
626,39,0,0.0,2,1,1,83295.09,0,False,False,False,0.04,Low,15801605
623,29,1,0.0,2,0,0,39382.06,0,False,False,False,0.0,,15567855
569,35,4,93934.63,1,1,0,184748.23,0,False,False,False,0.02,Low,15675141
724,69,5,117866.92,1,1,1,62280.91,0,False,False,False,0.07,Low,15665759
678,55,5,0.0,1,0,1,196794.11,1,False,False,False,0.79,High,15761487
713,26,4,122857.46,2,1,0,144682.17,1,False,True,False,0.62,Medium,15700394
631,32,10,0.0,2,0,1,196342.66,0,False,False,True,0.0,,15631162
846,37,6,127103.97,1,1,1,41516.44,0,False,False,False,0.13,Low,15630641
660,43,1,0.0,1,0,1,112026.1,1,False,False,False,0.79,High,15585066
567,54,9,96402.96,1,0,0,52035.29,1,False,False,True,0.85,High,15722991
731,31,1,132512.26,1,1,1,185466.85,0,False,False,True,0.0,,15737404
693,47,8,107604.66,1,1,1,80149.27,0,False,True,True,0.09,Low,15722409
772,34,9,0.0,2,1,0,170980.86,0,False,False,True,0.0,,15806420
657,38,7,0.0,2,1,0,185827.74,0,False,False,True,0.01,Low,15658148
774,34,4,120875.23,2,0,1,113407.26,0,True,False,True,0.02,Low,15810660
667,37,9,71786.9,2,1,1,67734.79,0,False,False,False,0.04,Low,15709780
516,37,8,113143.12,1,0,0,3363.36,0,False,False,False,0.03,Low,15727350
551,49,1,150777.72,2,1,1,135757.27,0,False,True,True,0.31,Medium,15752312
542,35,2,174894.53,1,1,1,22314.55,0,False,True,True,0.04,Low,15616745
623,28,7,0.0,1,0,0,129526.57,0,False,False,True,0.17,Low,15572294
701,43,2,160416.56,1,0,1,37266.43,0,False,False,False,0.18,Low,15674110
583,48,3,91246.53,1,1,0,60017.46,1,False,False,True,0.82,High,15662501
731,46,10,0.0,2,1,0,153015.42,0,False,True,True,0.06,Low,15649239
461,35,5,0.0,1,1,1,54209.02,0,False,False,False,0.05,Low,15700424
702,23,7,98775.23,1,1,0,114603.96,0,True,False,False,0.12,Low,15636388
565,47,10,139756.12,1,1,0,165849.49,1,True,False,False,0.94,High,15713975
711,42,3,177626.77,3,0,1,16392.72,1,False,True,True,0.94,High,15592925
664,54,8,0.0,1,1,1,162719.69,1,False,False,True,0.8,High,15581626
518,50,4,0.0,1,0,0,107112.25,1,False,True,True,0.83,High,15641319
728,42,8,0.0,2,0,1,41823.22,0,False,True,True,0.0,,15723481
585,37,6,152496.82,1,1,1,99907.29,0,True,False,True,0.05,Low,15787825
573,52,8,0.0,2,0,1,178229.04,0,False,False,True,0.04,Low,15710726
568,26,1,112930.28,2,1,0,22095.73,0,True,False,True,0.03,Low,15627195
602,26,8,113674.2,1,1,0,197861.16,1,True,False,False,0.74,High,15657957
603,44,9,0.0,1,1,0,138328.24,0,False,False,True,0.34,Medium,15676117
687,38,0,144450.58,1,0,1,137276.83,0,False,False,True,0.02,Low,15607874
741,52,1,171236.3,2,0,0,21834.4,1,False,False,True,0.86,High,15796993
469,37,9,96776.49,1,1,1,119890.86,0,False,True,True,0.03,Low,15649858
477,58,8,145984.92,1,1,1,24564.7,0,True,False,False,0.41,Medium,15811032
737,43,8,96353.8,1,0,0,10209.8,0,True,False,True,0.23,Low,15679963
835,25,7,0.0,2,1,1,83449.65,0,False,False,True,0.04,Low,15579131
717,33,0,115777.23,1,1,1,81508.1,0,True,False,False,0.15,Low,15572428
562,51,7,122822.0,2,0,0,32626.21,0,False,False,False,0.21,Low,15622461
758,61,2,0.0,2,1,1,43982.41,0,False,True,True,0.06,Low,15636105
408,40,3,0.0,2,0,0,124874.23,0,False,False,True,0.08,Low,15583849
650,32,4,79450.09,1,1,1,118324.75,0,False,True,False,0.08,Low,15718780
582,33,2,122394.0,1,1,1,22113.93,0,True,False,True,0.3,Low,15739271
706,43,1,0.0,2,1,0,31962.77,0,False,True,False,0.11,Low,15697129
567,41,0,134378.89,1,1,1,105746.94,0,True,False,True,0.15,Low,15763415
720,29,2,0.0,2,1,0,39925.52,0,False,False,True,0.0,,15796617
631,31,2,88161.85,2,1,0,127630.88,0,False,True,False,0.01,Low,15626628
623,41,2,142412.13,1,1,0,28778.98,0,False,True,True,0.1,Low,15765857
514,35,3,121030.9,1,1,0,10008.68,0,False,False,True,0.03,Low,15742511
650,35,3,165982.43,2,1,1,24482.16,0,True,False,False,0.04,Low,15786433
673,35,6,0.0,2,1,0,98618.79,0,False,True,False,0.01,Low,15685805
504,32,8,206663.75,1,0,0,16281.94,0,False,False,False,0.24,Low,15627971
723,37,3,94661.53,2,1,0,121239.65,0,True,False,True,0.05,Low,15783025
645,25,0,174400.36,1,1,0,42669.37,0,False,False,True,0.12,Low,15726289
664,41,7,123428.69,1,1,1,164924.11,0,False,True,True,0.08,Low,15802118
760,43,6,175735.5,1,1,1,157337.29,0,False,True,True,0.08,Low,15607990
766,36,5,78381.13,1,0,1,153831.6,0,False,True,True,0.03,Low,15695932
634,37,5,115345.86,2,0,0,168781.8,0,False,False,True,0.05,Low,15812279
640,31,10,118613.34,1,1,0,168469.65,0,True,False,False,0.08,Low,15687558
784,28,2,109960.06,2,1,1,170829.87,0,True,False,True,0.0,,15729065
547,42,1,142703.4,1,1,0,86207.49,1,True,False,False,0.81,High,15698902
608,40,8,121729.42,1,0,0,61164.45,0,True,False,False,0.23,Low,15570192
547,35,4,0.0,1,1,1,133287.73,0,False,False,False,0.04,Low,15809265
612,43,4,139496.35,2,1,1,77128.23,0,False,False,False,0.03,Low,15745201
573,28,8,0.0,2,0,0,77660.03,0,False,True,True,0.0,,15580623
615,32,5,138521.83,1,1,1,56897.1,0,False,True,True,0.04,Low,15578156
710,33,2,0.0,2,1,0,72945.32,0,False,False,False,0.03,Low,15631063
674,38,10,83727.68,1,1,0,45418.12,0,True,False,False,0.1,Low,15692577
702,38,9,0.0,2,1,1,158527.45,0,False,True,False,0.01,Low,15810910
616,37,9,0.0,1,1,0,111312.96,0,False,False,True,0.16,Low,15723217
688,32,6,124179.3,1,1,1,138759.15,0,False,True,True,0.02,Low,15733111
605,36,7,128829.25,1,1,0,190588.59,0,False,False,True,0.05,Low,15610727
676,33,6,171490.78,1,0,0,79099.64,0,False,False,True,0.06,Low,15792720
708,33,3,0.0,2,1,0,138613.21,0,False,True,True,0.0,,15723153
745,38,7,0.0,2,1,1,194230.82,0,False,True,False,0.0,,15802823
661,20,8,0.0,1,1,0,110252.53,0,False,True,True,0.04,Low,15756118
726,31,9,0.0,2,1,1,106117.3,0,False,False,True,0.03,Low,15684934
475,40,7,160818.08,1,0,1,169642.13,1,False,False,True,0.78,High,15776936
751,54,9,156367.6,2,0,1,116179.92,0,True,False,True,0.06,Low,15729087
645,59,8,121669.93,2,0,0,91.75,1,True,False,False,0.89,High,15786463
775,42,6,133970.22,2,0,1,187839.9,0,False,False,True,0.01,Low,15717498
540,41,3,0.0,2,1,0,121098.65,0,False,False,True,0.0,,15718406
591,34,3,96127.27,1,0,0,30972.06,0,False,False,False,0.03,Low,15799468
596,60,7,121907.97,1,0,1,30314.04,0,False,True,True,0.03,Low,15626383
573,41,5,0.0,2,0,1,14479.29,0,False,True,True,0.0,,15597385
577,31,6,0.0,1,1,1,196395.25,0,False,True,True,0.07,Low,15570271
830,40,8,77701.64,1,0,1,19512.38,0,True,False,False,0.12,Low,15690330
663,67,9,0.0,3,1,1,72318.77,0,False,False,True,0.52,Medium,15680611
421,34,2,0.0,2,1,1,96615.23,0,False,False,True,0.0,,15810227
718,34,5,113922.44,2,1,0,30772.22,0,False,True,True,0.02,Low,15807194
655,61,2,183997.7,2,1,1,161217.18,0,True,False,False,0.1,Low,15712199
712,23,2,0.0,2,0,1,66795.78,0,False,False,True,0.01,Low,15694995
663,28,4,0.0,2,1,1,123969.64,0,False,False,True,0.0,,15723400
640,47,6,89799.46,2,0,1,13783.77,1,False,False,False,0.75,High,15654772
577,29,2,0.0,1,1,1,168924.41,0,False,True,True,0.07,Low,15574743
546,36,7,85660.96,1,0,0,134778.01,0,False,True,False,0.09,Low,15807593
802,37,9,115569.21,1,0,1,119782.89,0,True,False,True,0.14,Low,15686718
590,45,2,81828.22,1,1,0,52167.97,0,False,False,False,0.23,Low,15695299
594,18,1,132694.73,1,1,0,167689.56,0,True,False,True,0.14,Low,15722701
577,51,2,108867.0,1,0,0,140800.66,1,False,True,True,0.63,Medium,15799635
541,39,7,0.0,2,1,0,19823.02,0,False,False,True,0.0,,15742323
781,27,5,0.0,2,0,0,72969.9,0,False,False,False,0.01,Low,15658435
806,34,2,96152.68,2,1,0,143711.02,0,True,False,True,0.02,Low,15586029
723,49,0,153855.52,1,1,1,180862.26,1,True,False,False,0.79,High,15772337
535,45,2,0.0,2,1,0,125658.28,0,False,False,True,0.08,Low,15807555
768,36,3,141334.95,1,0,1,125870.5,0,False,False,False,0.03,Low,15603378
653,41,1,104584.11,1,1,0,15126.32,1,True,False,True,0.86,High,15792862
803,50,8,98173.02,1,0,0,22457.25,1,True,False,False,0.66,Medium,15657349
545,44,1,0.0,2,1,1,82614.89,0,False,True,False,0.11,Low,15777614
581,38,3,135157.05,1,1,1,32919.42,0,True,False,False,0.15,Low,15653952
513,49,5,171601.27,1,1,0,126223.84,0,True,False,False,0.24,Low,15724336
731,29,5,179539.2,1,0,0,112010.02,0,False,False,True,0.14,Low,15689594
727,39,5,80615.46,2,0,0,180962.32,0,True,False,True,0.07,Low,15801920
560,47,1,0.0,1,0,0,128882.66,1,False,True,True,0.68,Medium,15653347
766,27,5,126285.73,1,1,0,177614.17,1,True,False,True,0.67,Medium,15749951
630,23,4,137964.51,1,0,1,174570.55,0,True,False,False,0.04,Low,15648178
652,41,9,159434.03,1,1,0,178373.93,0,True,False,True,0.13,Low,15738662
729,40,5,113574.61,2,1,0,103396.08,0,True,False,True,0.11,Low,15640855
629,33,6,0.0,2,1,1,59129.72,0,False,False,False,0.03,Low,15584288
667,33,9,124573.33,2,0,0,683.37,0,True,False,True,0.15,Low,15760988
671,31,6,105864.6,2,1,0,145567.34,0,True,False,False,0.01,Low,15569624
768,47,5,104552.61,1,1,0,48137.08,1,True,False,False,0.88,High,15597949
732,35,3,0.0,2,1,0,90876.95,0,False,False,False,0.1,Low,15604551
546,30,5,0.0,2,0,1,198543.09,0,False,False,False,0.04,Low,15617476
630,55,2,0.0,1,1,1,106202.07,1,False,False,True,0.84,High,15645323
765,46,8,119492.88,2,0,1,166896.01,1,True,False,False,0.31,Medium,15793311
704,33,0,130499.09,2,1,1,74804.36,0,False,False,False,0.03,Low,15764153
470,48,6,140576.11,1,1,1,116971.05,0,False,True,False,0.19,Low,15802560
688,34,9,91025.58,2,0,1,163783.0,0,True,False,False,0.04,Low,15728608
685,33,1,0.0,3,0,1,70221.13,1,False,False,False,0.8,High,15770474
567,38,1,125877.65,2,1,1,107841.77,0,False,False,False,0.03,Low,15724444
720,64,3,45752.78,2,1,0,79623.28,1,False,True,True,0.81,High,15753110
609,39,3,121778.71,1,1,1,138399.67,0,False,False,True,0.03,Low,15711521
521,49,2,127948.57,1,1,1,182765.14,0,True,False,False,0.22,Low,15632816
556,30,7,0.0,2,1,1,186648.19,0,False,False,False,0.0,,15693637
662,30,5,115286.68,2,1,1,149587.92,0,True,False,True,0.0,,15725509
704,41,9,62078.21,2,1,0,129050.67,0,True,False,True,0.08,Low,15684645
750,38,1,0.0,2,1,0,47764.99,0,False,False,False,0.08,Low,15692235
619,32,4,175406.13,2,1,1,172792.43,1,False,True,False,0.66,Medium,15777459
468,26,1,131643.25,1,1,0,64436.16,0,False,True,True,0.1,Low,15656937
435,44,3,151739.65,1,1,0,167461.5,0,True,False,True,0.19,Low,15610643
529,43,6,93616.35,2,0,0,98348.66,0,False,False,True,0.07,Low,15777315
702,60,5,138597.54,2,1,1,41536.59,1,True,False,False,0.7,Medium,15611058
608,41,5,0.0,2,1,1,72462.25,0,False,False,False,0.0,,15630413
576,40,9,0.0,2,1,0,112465.19,1,False,False,True,0.64,Medium,15635942
666,27,1,85225.21,1,0,1,64511.44,0,False,False,False,0.01,Low,15648858
730,36,8,148749.29,2,1,0,91830.75,0,False,False,False,0.08,Low,15810732
647,52,7,130013.12,1,1,1,190806.36,1,True,False,True,0.79,High,15705448
516,27,1,0.0,1,0,1,112311.15,0,False,True,False,0.08,Low,15730488
711,81,6,0.0,2,1,1,72276.24,0,False,False,False,0.01,Low,15620443
736,54,7,111729.47,2,0,1,84920.49,0,False,False,True,0.07,Low,15741078
768,36,5,180169.44,2,1,0,17348.56,0,False,False,False,0.08,Low,15753161
427,40,8,0.0,2,1,1,82870.75,0,False,True,True,0.1,Low,15711396
686,47,6,0.0,1,1,0,32080.69,1,False,True,False,0.85,High,15593499
690,42,5,0.0,2,0,1,120512.08,0,False,False,False,0.06,Low,15579189
647,29,2,0.0,2,1,0,179032.68,0,False,True,False,0.0,,15743545
714,35,3,0.0,2,1,1,95623.28,0,False,False,True,0.0,,15791316
736,36,8,103914.17,1,1,1,110035.88,1,True,False,False,0.4,Medium,15608246
608,34,4,88772.87,1,1,1,168822.01,0,False,False,False,0.06,Low,15676526
809,39,5,0.0,1,1,0,77705.75,0,False,False,False,0.16,Low,15813911
745,40,6,131184.67,1,1,1,49815.62,0,False,False,False,0.1,Low,15630195
781,38,2,117810.79,1,0,1,65632.33,1,False,False,True,0.71,High,15736250
527,31,4,0.0,1,1,0,169361.89,0,False,False,True,0.05,Low,15671334
595,32,0,92466.21,1,1,0,4721.3,0,True,False,False,0.14,Low,15574169
850,38,2,102741.15,2,0,1,23974.85,0,True,False,False,0.06,Low,15718839
569,37,9,178755.84,1,1,0,199929.17,0,False,False,True,0.33,Medium,15762331
728,43,7,0.0,2,1,0,40023.7,0,False,False,True,0.02,Low,15606901
473,32,5,146602.25,2,1,1,72946.95,0,True,False,False,0.06,Low,15713559
738,29,2,0.0,2,1,1,170421.13,0,False,False,True,0.0,,15768881
659,35,6,0.0,2,1,1,58879.11,0,False,False,True,0.03,Low,15743075
597,38,6,115702.67,2,1,1,25059.05,0,False,True,True,0.05,Low,15660980
445,61,2,137655.31,1,0,1,29909.84,0,True,False,False,0.67,Medium,15810942
671,29,3,0.0,2,1,0,158043.11,0,False,False,False,0.0,,15728362
656,34,6,59877.33,1,1,0,14032.62,1,False,True,False,0.68,Medium,15683339
658,31,5,100082.14,1,0,1,49809.88,0,False,False,True,0.0,,15685476
698,52,10,107304.39,3,1,0,28806.32,1,True,False,True,0.98,High,15663650
655,38,9,0.0,1,0,1,90490.33,0,False,True,True,0.01,Low,15617434
772,41,10,96032.22,1,1,1,75825.57,0,False,True,True,0.03,Low,15622470
681,33,10,0.0,1,0,0,158336.36,0,False,True,True,0.08,Low,15703682
688,29,9,144553.5,2,1,0,143454.95,0,True,False,True,0.06,Low,15727391
633,40,5,86172.81,2,1,1,117279.49,0,True,False,True,0.05,Low,15711062
735,73,9,0.0,1,1,1,114283.33,0,False,False,True,0.1,Low,15567339
521,29,2,87212.8,1,1,1,994.86,0,True,False,False,0.06,Low,15760662
541,36,5,0.0,2,1,0,124795.84,0,False,False,True,0.0,,15605737
612,36,2,130700.92,2,0,0,77592.8,0,True,False,False,0.1,Low,15692977
562,62,3,0.0,2,1,0,105986.01,0,False,False,True,0.18,Low,15672082
703,32,6,0.0,2,0,0,33606.52,0,False,False,False,0.01,Low,15600280
710,23,6,0.0,2,1,1,134188.11,0,False,True,True,0.03,Low,15804052
731,40,5,171325.98,1,1,1,159718.27,1,False,True,False,0.74,High,15576065
703,58,4,92930.92,1,0,1,85148.78,0,False,True,True,0.08,Low,15796838
618,40,0,0.0,1,1,0,119059.13,0,False,False,False,0.13,Low,15693526
689,29,1,77556.79,2,1,1,122998.26,0,False,False,False,0.02,Low,15748595
718,33,7,102874.28,1,0,0,117841.06,0,False,False,True,0.02,Low,15679029
608,37,5,146093.39,2,0,0,160593.41,0,False,False,True,0.18,Low,15753639
749,34,2,0.0,1,0,0,174189.04,1,False,True,True,0.68,Medium,15604138
753,51,4,79811.72,2,0,1,68260.27,1,False,True,True,0.61,Medium,15666095
630,39,10,105473.74,1,0,0,58854.88,1,False,True,True,0.73,High,15643487
693,43,1,121927.92,1,1,0,87994.95,1,True,False,False,0.88,High,15764033
838,40,6,61671.19,1,0,1,150659.35,1,False,True,False,0.25,Low,15747288
756,39,5,149363.12,2,1,1,109098.39,0,True,False,False,0.04,Low,15790599
775,27,4,152309.37,1,1,0,104112.0,0,False,False,False,0.03,Low,15737705
635,33,5,0.0,2,1,0,122949.71,0,False,False,False,0.01,Low,15737194
705,36,1,111629.29,1,1,1,21807.16,0,False,True,True,0.0,,15726776
481,40,3,0.0,1,1,1,32319.93,0,False,False,True,0.19,Low,15804357
727,49,7,96296.78,1,1,0,190457.87,1,False,True,False,0.81,High,15664432
595,20,4,95830.43,1,1,0,177738.98,0,False,False,True,0.03,Low,15688984
535,38,0,135919.33,1,1,0,80425.65,0,False,False,False,0.12,Low,15583026
578,59,10,185966.64,1,0,0,9445.42,1,False,False,True,0.87,High,15771668
597,29,5,0.0,2,1,1,174825.57,0,False,False,False,0.0,,15779904
449,21,7,0.0,2,0,0,175743.92,0,False,False,False,0.02,Low,15784323
850,43,8,92244.83,2,1,0,54949.73,0,True,False,False,0.02,Low,15756277
494,35,9,112727.06,2,1,0,183752.91,0,False,False,False,0.17,Low,15663312
676,34,8,100359.54,1,0,0,46038.28,0,False,False,False,0.06,Low,15793197
818,43,10,105301.5,1,1,1,78941.59,0,True,False,True,0.38,Medium,15731463
712,45,6,112994.65,1,0,0,198398.68,0,False,True,True,0.11,Low,15621768
672,40,4,89025.88,2,1,0,188892.19,0,True,False,True,0.06,Low,15691323
636,35,9,95478.17,1,0,0,169286.74,0,False,False,True,0.03,Low,15781326
698,37,8,0.0,2,0,0,145004.39,0,False,False,True,0.0,,15595640
597,43,7,119127.46,2,1,0,55809.92,0,True,False,False,0.23,Low,15814331
717,28,4,128206.79,1,1,1,54272.12,0,False,False,True,0.0,,15602030
614,49,1,0.0,2,1,0,192440.54,0,False,False,True,0.1,Low,15747974
708,23,4,71433.08,1,1,0,103697.57,0,True,False,False,0.09,Low,15611315
507,36,9,118214.32,3,1,0,119110.03,1,True,False,True,0.97,High,15636977
581,27,5,102258.11,2,1,0,194681.6,0,False,False,False,0.0,,15690337
579,39,2,151963.26,2,1,0,158948.63,0,False,True,False,0.29,Low,15680666
504,46,2,163764.84,1,1,1,165122.55,1,False,True,False,0.8,High,15679551
737,32,7,128551.36,2,0,1,189402.71,0,False,False,False,0.01,Low,15778915
540,31,10,118158.74,1,1,1,158027.57,0,False,True,False,0.08,Low,15568849
609,32,7,118520.41,1,0,0,3815.48,0,False,False,True,0.02,Low,15747762
778,24,4,0.0,2,1,1,162809.2,0,False,False,True,0.0,,15753679
621,40,10,163823.37,1,0,0,89519.47,0,False,False,True,0.13,Low,15750049
665,63,7,104469.58,1,1,1,25165.36,1,True,False,True,0.76,High,15606097
608,47,6,0.0,1,1,1,126012.57,0,False,False,False,0.17,Low,15802368
680,36,7,0.0,2,1,0,20109.21,0,False,True,True,0.0,,15767488
663,46,2,141726.88,1,1,1,58257.23,0,True,False,False,0.41,Medium,15669946
627,35,2,137852.96,1,1,1,172269.21,1,True,False,False,0.66,Medium,15612103
607,26,1,0.0,1,1,0,29818.2,0,False,False,True,0.01,Low,15645353
681,43,8,154100.3,1,0,0,114659.81,0,False,False,False,0.08,Low,15650018
766,45,6,0.0,2,0,0,147184.74,0,False,False,False,0.07,Low,15659002
694,30,2,0.0,3,0,1,15039.41,0,False,False,True,0.18,Low,15616028
411,54,9,0.0,1,0,1,76621.49,0,False,False,False,0.61,Medium,15660475
742,39,8,140004.96,1,1,1,92985.78,0,False,False,True,0.0,,15652615
673,43,8,127132.96,1,0,1,6009.27,1,False,True,True,0.06,Low,15653572
529,61,1,0.0,2,1,1,191370.97,0,False,False,True,0.09,Low,15628059
519,38,7,125328.56,1,1,0,188225.67,0,False,False,False,0.06,Low,15703413
573,35,9,0.0,2,1,0,11743.89,0,False,False,True,0.02,Low,15610433
453,28,3,139986.65,1,1,0,136846.75,0,True,False,False,0.04,Low,15770548
798,39,6,119787.76,1,1,1,164248.33,0,True,False,False,0.09,Low,15645637
693,34,10,107556.06,2,0,0,154631.35,0,False,True,False,0.05,Low,15590888
637,44,2,0.0,2,1,0,149665.65,0,False,False,False,0.06,Low,15568326
672,47,1,0.0,1,0,0,91574.92,0,False,False,True,0.21,Low,15655368
597,28,0,142705.95,1,1,0,127233.39,0,False,False,False,0.02,Low,15665579
543,42,7,0.0,1,1,1,56650.47,0,False,False,True,0.12,Low,15676091
695,56,4,0.0,2,1,0,84644.76,0,False,True,False,0.27,Low,15716984
584,35,6,161613.94,2,1,1,148238.16,0,False,False,True,0.01,Low,15715078
652,58,3,116353.2,2,0,1,193502.9,0,True,False,False,0.26,Low,15569452
601,38,4,60013.81,1,1,1,38020.05,0,False,False,True,0.35,Medium,15628863
628,28,4,0.0,2,1,1,176750.81,0,False,True,True,0.0,,15778192
607,32,9,144272.07,2,1,0,176580.63,0,True,False,True,0.05,Low,15793723
646,46,8,0.0,2,1,0,133059.15,0,False,False,False,0.03,Low,15798943
572,30,6,117696.67,1,1,0,100843.82,0,False,False,True,0.0,,15764708
801,58,1,79954.61,2,1,1,30484.19,0,False,True,True,0.1,Low,15791040
597,26,8,149989.39,1,1,0,42330.58,0,False,False,False,0.01,Low,15631512
613,40,7,124339.9,1,0,0,193309.58,0,False,False,True,0.18,Low,15640106
529,29,4,135759.4,1,0,0,112813.79,1,True,False,True,0.6,Medium,15710315
794,37,9,0.0,2,1,0,68008.85,0,False,True,False,0.02,Low,15771535
557,34,3,83074.0,1,1,0,132673.22,0,False,False,True,0.01,Low,15611947
499,28,4,141792.61,1,1,1,22001.91,0,False,False,False,0.01,Low,15670266
544,26,6,0.0,1,1,0,100200.4,1,False,False,False,0.74,High,15609083
739,30,6,0.0,1,0,0,122604.44,0,False,False,False,0.22,Low,15567923
458,43,1,106870.12,2,1,0,100564.37,0,True,False,False,0.13,Low,15788183
528,31,9,120962.59,1,1,0,5419.31,0,False,False,True,0.05,Low,15735782
773,51,4,0.0,2,0,0,123587.83,1,False,True,True,0.27,Low,15774401
646,30,5,0.0,2,1,0,13935.32,0,False,False,False,0.01,Low,15737971
564,31,0,110527.17,1,1,1,87060.77,0,False,False,True,0.13,Low,15758750
624,52,0,133723.43,1,0,0,4859.59,1,True,False,False,0.98,High,15611767
682,52,5,112670.48,1,1,0,21085.17,1,False,False,False,0.92,High,15643770
726,44,2,0.0,2,1,1,26733.86,0,False,False,False,0.07,Low,15744717
560,24,1,116084.32,1,1,0,89734.7,0,False,False,True,0.07,Low,15570681
382,36,0,0.0,1,1,1,179540.73,1,False,True,True,0.78,High,15792650
457,38,6,0.0,2,1,0,173219.09,0,False,True,False,0.02,Low,15605531
673,37,10,0.0,2,1,1,37411.35,0,False,False,False,0.25,Low,15605339
584,40,4,82441.75,1,0,0,80852.11,0,False,False,False,0.15,Low,15672216
629,39,10,0.0,2,1,1,43174.49,1,False,False,False,0.17,Low,15812893
584,37,10,134171.8,4,1,1,70927.11,1,True,False,False,0.98,High,15624180
724,30,10,0.0,2,1,1,54265.55,0,False,False,True,0.03,Low,15701364
644,31,5,0.0,2,1,1,41872.17,0,False,False,True,0.01,Low,15762588
676,48,2,124442.38,1,1,0,15068.53,1,True,False,False,0.92,High,15806318
499,31,4,0.0,1,1,0,25950.49,0,False,False,True,0.05,Low,15712596
598,60,4,0.0,1,1,0,197727.14,1,False,False,True,0.94,High,15600399
655,37,4,108862.76,1,1,0,79555.08,1,True,False,False,0.7,Medium,15576216
559,28,3,141099.43,1,1,1,15607.27,0,False,False,True,0.0,,15620750
543,67,0,128843.67,1,1,1,134612.48,0,False,False,False,0.09,Low,15623489
679,39,0,86843.61,1,0,1,159830.58,0,False,False,True,0.05,Low,15667944
594,32,4,120074.97,2,1,1,162961.79,0,True,False,False,0.01,Low,15584928
586,27,5,130231.8,2,1,1,192427.16,0,False,False,True,0.01,Low,15779913
776,31,5,0.0,2,1,0,92647.94,0,False,False,False,0.0,,15644977
699,39,2,109724.38,1,1,1,180022.39,0,False,False,True,0.02,Low,15749679
847,35,5,111743.43,1,1,1,183584.14,0,True,False,False,0.14,Low,15629010
582,35,8,121309.17,2,1,1,28750.67,0,True,False,True,0.02,Low,15768465
648,38,10,82697.28,1,1,0,74846.67,0,False,False,True,0.07,Low,15767781
618,49,9,44301.43,3,1,1,89729.3,1,False,False,False,0.92,High,15635364
543,31,4,138317.94,1,0,0,61843.73,0,False,False,False,0.1,Low,15722004
642,49,4,120688.61,1,1,0,24770.22,1,True,False,True,0.98,High,15766044
462,27,4,176913.52,1,1,0,80587.27,0,False,False,True,0.05,Low,15586680
640,47,6,89047.14,1,1,0,116286.25,0,False,True,True,0.12,Low,15635388
740,40,4,114318.78,2,1,0,129333.69,1,True,False,True,0.62,Medium,15655175
773,50,4,0.0,2,1,0,129372.94,0,False,False,False,0.3,Low,15639133
583,32,7,94753.55,2,1,1,18149.03,0,True,False,False,0.08,Low,15799653
589,46,10,0.0,2,0,1,168369.37,0,False,True,False,0.05,Low,15723872
509,35,8,0.0,2,0,1,67431.28,0,False,False,True,0.0,,15775627
612,32,9,106520.73,2,1,0,177092.16,0,True,False,True,0.03,Low,15630704
505,37,0,134006.39,1,1,1,93736.69,0,False,True,True,0.03,Low,15815534
546,25,3,132837.7,1,1,0,131647.31,0,True,False,False,0.09,Low,15697249
681,41,0,120549.29,2,1,0,175722.31,0,False,False,False,0.07,Low,15681316
762,20,1,139432.55,1,1,1,85606.83,0,False,False,True,0.01,Low,15682523
786,29,7,80895.44,2,1,0,64945.57,0,False,True,True,0.03,Low,15650244
629,34,6,0.0,2,1,0,190347.72,0,False,True,True,0.01,Low,15648638
787,39,7,171646.76,1,0,1,100791.36,0,False,True,False,0.04,Low,15795747
713,42,0,109121.71,1,0,1,167873.49,0,False,True,True,0.06,Low,15607330
541,39,6,109844.81,1,1,0,25289.23,0,False,False,False,0.03,Low,15624013
451,31,7,140931.82,1,0,1,20388.77,0,False,False,False,0.0,,15800805
644,49,10,0.0,2,1,1,145089.64,0,False,True,True,0.03,Low,15667321
686,32,6,0.0,2,1,1,179093.26,0,False,False,True,0.0,,15601116
847,41,3,101543.51,4,1,0,16025.17,1,True,False,False,0.95,High,15622033
765,37,7,102708.77,1,1,0,9087.81,0,True,False,True,0.13,Low,15758451
678,37,8,149000.91,2,1,1,21472.42,0,True,False,False,0.02,Low,15688689
539,20,0,83459.86,1,1,1,146752.67,0,False,False,True,0.02,Low,15652674
800,40,3,75893.11,2,1,0,132562.23,0,False,False,False,0.06,Low,15806327
799,39,7,167395.6,2,0,1,139537.43,0,True,False,False,0.05,Low,15649618
629,61,6,0.0,2,1,1,133672.61,0,False,False,False,0.03,Low,15677117
734,52,6,71283.09,2,0,1,38984.37,0,True,False,False,0.08,Low,15751445
542,31,3,0.0,2,1,1,115217.59,0,False,False,False,0.0,,15749669
414,60,3,0.0,2,1,1,93844.82,0,False,True,True,0.04,Low,15656351
675,38,1,104016.88,1,0,0,22068.83,1,False,False,False,0.64,Medium,15667438
683,38,5,127616.56,1,1,0,123846.07,0,False,False,False,0.02,Low,15682273
748,32,5,154737.88,2,1,1,172638.13,0,False,False,True,0.0,,15580912
596,29,2,0.0,2,1,1,1591.19,0,False,True,True,0.01,Low,15785183
642,35,4,125476.31,1,1,1,91775.51,0,False,False,True,0.01,Low,15705383
499,21,3,176511.08,1,1,1,153920.22,0,False,False,False,0.07,Low,15712903
649,47,8,110783.28,1,1,1,71420.16,0,False,True,False,0.06,Low,15774285
739,42,2,141642.92,2,1,0,172149.76,0,False,False,True,0.02,Low,15583138
616,31,1,0.0,2,1,1,54706.75,0,False,False,True,0.01,Low,15740160
560,33,9,0.0,1,0,1,183358.21,0,False,True,False,0.06,Low,15793425
427,42,1,75681.52,1,1,1,57098.0,0,True,False,True,0.32,Medium,15749265
435,54,3,0.0,1,1,0,156910.46,1,False,False,True,0.96,High,15623989
633,29,7,0.0,1,1,1,130224.73,0,False,False,True,0.16,Low,15604832
443,35,6,161111.45,1,0,0,13946.66,0,False,False,True,0.09,Low,15584580
727,62,5,0.0,2,0,1,38652.96,0,False,False,True,0.01,Low,15573854
674,45,6,72494.69,1,0,1,140041.78,0,False,False,False,0.1,Low,15614847
661,31,3,133964.3,1,1,1,166187.1,0,False,False,False,0.02,Low,15679966
619,34,1,0.0,1,1,0,139919.38,0,False,True,True,0.1,Low,15799435
562,27,3,0.0,2,1,0,28137.03,0,False,False,False,0.01,Low,15752186
633,61,3,157201.48,1,0,1,50368.63,0,False,False,True,0.07,Low,15705544
551,48,5,95679.29,1,0,0,94978.1,0,False,True,False,0.26,Low,15713632
720,29,7,106230.92,1,1,1,69903.93,1,True,False,False,0.7,Medium,15586523
688,32,5,0.0,2,0,1,177607.77,0,False,False,False,0.01,Low,15609176
635,36,9,81231.85,2,1,0,196731.08,0,True,False,False,0.04,Low,15769308
561,31,1,81480.27,2,1,1,65234.6,0,False,False,False,0.0,,15676810
850,33,8,73059.38,1,1,1,186281.0,0,False,False,True,0.01,Low,15634591
636,36,5,117559.05,2,1,1,111573.3,0,False,False,True,0.0,,15679804
461,74,1,186445.31,2,1,1,196767.83,0,True,False,False,0.06,Low,15677764
771,38,5,137657.71,2,1,0,72985.61,0,True,False,False,0.07,Low,15571917
713,36,8,133889.35,1,1,1,143265.65,0,False,False,True,0.01,Low,15574608
658,45,9,134562.8,1,1,1,159268.67,0,True,False,False,0.28,Low,15740868
586,56,9,100781.75,2,1,1,54448.41,0,True,False,False,0.15,Low,15702442
737,30,8,174356.13,1,0,0,31928.5,0,False,False,True,0.14,Low,15699797
742,27,5,190125.43,2,0,0,21793.59,0,True,False,True,0.04,Low,15648047
824,26,7,146266.0,1,1,0,21903.62,1,False,False,True,0.7,Medium,15766826
701,41,9,164046.1,1,1,0,49405.93,0,True,False,True,0.15,Low,15591628
623,43,4,123536.52,2,0,0,154908.52,0,False,True,False,0.12,Low,15583857
744,36,10,0.0,2,1,1,182867.84,0,False,False,True,0.0,,15752534
698,38,1,171848.38,1,0,0,16957.45,0,False,True,False,0.1,Low,15741403
616,40,9,0.0,2,0,0,93717.55,0,False,False,True,0.04,Low,15783589
662,39,5,139562.05,2,1,0,61636.22,0,False,False,False,0.03,Low,15598046
594,37,2,0.0,2,0,1,95864.5,0,False,False,True,0.02,Low,15643330
685,40,2,168001.34,2,1,1,167400.29,0,False,False,True,0.05,Low,15680405
742,27,0,0.0,2,0,1,131534.96,0,False,False,True,0.01,Low,15728683
678,83,6,123356.63,1,0,1,92934.41,0,True,False,True,0.06,Low,15621644
651,47,2,0.0,2,1,1,119808.64,0,False,True,True,0.01,Low,15733032
585,50,2,125845.66,1,1,0,9439.31,1,True,False,True,0.95,High,15608381
579,40,10,45408.85,2,1,0,18732.91,0,True,False,True,0.16,Low,15658946
722,37,0,125977.81,1,0,0,160162.42,0,True,False,False,0.18,Low,15757912
613,51,7,147262.11,1,1,1,53630.9,1,True,False,False,0.72,High,15645371
694,42,8,133767.19,1,1,0,36405.21,0,False,False,True,0.1,Low,15653110
550,49,0,108806.96,3,1,0,61446.92,1,True,False,True,0.95,High,15766355
741,42,6,106036.52,1,1,0,194686.78,1,False,False,True,0.25,Low,15585249
668,69,9,0.0,1,0,1,134483.07,0,False,True,False,0.06,Low,15611786
529,27,1,0.0,2,1,1,37769.98,0,False,False,False,0.0,,15575486
636,31,6,0.0,2,1,1,2382.61,0,False,False,True,0.0,,15780215
563,61,1,82182.1,1,1,0,106826.92,1,False,True,True,0.91,High,15686099
767,35,9,0.0,2,1,0,39511.61,0,False,False,False,0.02,Low,15739042
644,50,9,76817.0,4,1,0,196371.13,1,False,False,True,0.96,High,15815316
780,71,9,142550.25,2,1,1,122506.78,0,True,False,True,0.02,Low,15778489
635,41,10,0.0,2,1,1,61994.2,0,False,True,False,0.03,Low,15786389
641,35,2,103711.56,1,0,1,192464.21,1,True,False,True,0.76,High,15601787
593,40,2,0.0,1,1,1,5194.95,0,False,True,False,0.17,Low,15624715
540,35,7,128369.75,2,1,0,198256.15,0,True,False,False,0.02,Low,15763093
663,35,5,0.0,2,1,1,62634.94,0,False,True,True,0.0,,15572073
630,34,9,0.0,2,1,1,114006.35,0,False,False,True,0.0,,15780256
605,19,8,166133.28,1,1,1,107994.99,0,True,False,True,0.02,Low,15659305
710,62,9,148214.36,1,1,0,48571.14,1,True,False,False,0.95,High,15638882
755,78,5,121206.96,1,1,1,76016.49,0,False,False,False,0.05,Low,15714680
641,25,10,0.0,2,1,1,180808.39,0,False,True,True,0.03,Low,15777217
737,50,4,127552.85,2,1,0,4225.11,0,True,False,True,0.49,Medium,15739123
695,49,9,159458.53,1,1,0,135841.35,0,False,False,True,0.2,Low,15594450
466,47,5,102085.72,1,1,1,183536.24,1,True,False,False,0.79,High,15797751
558,58,2,142537.18,1,1,1,88791.83,0,True,False,True,0.16,Low,15691543
665,29,1,182781.74,2,1,1,63732.9,0,False,True,True,0.06,Low,15722845
737,45,10,0.0,2,1,0,1364.54,0,False,False,True,0.07,Low,15605804
654,29,7,0.0,2,1,1,149184.15,0,False,False,True,0.0,,15702061
619,28,3,0.0,2,1,0,53394.12,0,False,False,False,0.04,Low,15694321
845,43,3,152063.59,2,1,0,97910.06,0,True,False,False,0.01,Low,15798749
727,28,2,110997.76,1,1,0,101433.76,0,False,False,False,0.01,Low,15720050
582,50,2,148942.0,1,1,1,116944.3,0,False,False,True,0.05,Low,15758048
716,41,9,0.0,1,1,1,113267.48,0,False,False,True,0.18,Low,15805681
660,36,0,84438.57,1,1,1,181449.51,0,False,True,False,0.05,Low,15802809
664,34,7,93920.47,1,0,0,179913.98,0,False,False,False,0.02,Low,15807239
801,43,4,158713.08,2,0,0,98586.14,0,False,False,True,0.04,Low,15749093
615,42,4,0.0,3,0,1,120321.09,0,False,True,True,0.2,Low,15689344
718,63,7,123204.88,1,1,1,100538.8,0,True,False,True,0.45,Medium,15606076
667,40,8,72945.29,2,1,0,98931.5,0,False,False,True,0.03,Low,15610090
670,37,0,178742.71,1,1,1,194493.57,0,False,True,True,0.07,Low,15693926
590,43,8,0.0,2,1,1,143628.31,0,False,False,True,0.0,,15791501
739,40,8,0.0,1,1,0,167030.51,0,False,True,False,0.2,Low,15621870
373,42,7,0.0,1,1,0,77786.37,1,False,False,True,0.86,High,15734711
418,46,9,0.0,1,1,1,81014.5,1,False,False,False,0.83,High,15814405
837,29,9,0.0,2,1,1,41866.26,0,False,False,False,0.0,,15729359
645,43,9,140121.17,1,1,0,11302.7,1,True,False,True,0.89,High,15606944
552,39,2,132906.88,1,0,1,149384.43,0,True,False,True,0.08,Low,15671934
580,45,2,179334.83,2,1,1,169303.65,0,True,False,True,0.05,Low,15641773
684,35,3,137179.39,1,1,1,37264.11,0,False,False,True,0.03,Low,15701972
634,35,3,0.0,2,1,1,19515.48,0,False,True,True,0.0,,15749114
607,49,9,119960.29,2,1,0,103068.22,0,False,False,False,0.14,Low,15780362
802,29,9,127414.55,1,1,1,134459.12,0,False,False,True,0.04,Low,15753229
736,36,6,0.0,1,1,0,70496.66,0,False,False,False,0.19,Low,15656009
629,40,9,137409.19,1,1,0,175877.7,1,False,False,False,0.79,High,15785024
737,28,8,0.0,2,1,0,106390.01,0,False,False,True,0.02,Low,15670492
718,39,2,0.0,1,1,1,52138.49,0,False,True,False,0.06,Low,15795458
561,43,4,0.0,4,0,0,18522.91,1,False,False,True,0.88,High,15732438
641,31,9,112494.99,1,1,1,32231.6,0,False,False,True,0.01,Low,15781987
677,30,1,78133.15,1,0,1,174225.88,0,False,False,True,0.02,Low,15775826
641,36,1,0.0,2,1,0,102021.39,0,False,True,False,0.02,Low,15807457
658,32,5,145553.07,1,1,1,31484.76,0,False,True,False,0.04,Low,15632538
659,48,4,123593.22,2,1,0,82469.06,1,True,False,True,0.83,High,15641389
567,47,2,0.0,1,0,0,110900.43,1,False,False,False,0.81,High,15657306
584,26,0,146286.22,1,1,0,105105.35,0,False,False,False,0.05,Low,15709447
709,35,1,111827.27,2,1,0,12674.68,0,False,True,False,0.04,Low,15762682
690,26,2,0.0,2,1,1,93255.85,0,False,True,False,0.01,Low,15626042
627,70,1,94416.78,1,0,1,145299.5,0,False,False,True,0.03,Low,15597109
765,45,2,91549.78,1,1,1,47139.44,0,False,True,True,0.04,Low,15756148
645,38,7,59568.57,1,1,1,167723.25,0,False,False,False,0.05,Low,15665634
716,23,2,94464.81,2,0,1,185900.88,0,False,False,False,0.0,,15739997
771,57,4,0.0,1,0,0,85876.67,1,False,False,False,0.95,High,15686242
687,44,8,95368.14,2,1,1,1787.85,0,True,False,True,0.13,Low,15759244
717,33,10,102185.42,2,1,0,23231.93,0,True,False,False,0.04,Low,15672027
524,32,1,144875.71,1,0,0,187740.04,0,False,False,True,0.07,Low,15594576
679,39,5,0.0,2,1,1,100060.54,0,False,True,True,0.0,,15707138
538,32,2,0.0,1,1,1,80130.54,0,False,False,False,0.05,Low,15756954
752,37,5,113291.05,2,1,1,132467.54,0,True,False,False,0.05,Low,15619130
846,61,0,0.0,2,1,1,96202.44,0,False,True,True,0.2,Low,15639665
532,39,0,0.0,2,1,0,94977.3,0,False,True,False,0.07,Low,15571065
670,43,9,111677.88,1,1,0,178827.3,1,True,False,True,0.63,Medium,15686060
597,35,8,131101.04,1,1,1,192852.67,0,True,False,False,0.17,Low,15615753
627,52,1,76101.81,2,0,1,177238.35,0,True,False,True,0.11,Low,15800961
700,40,2,0.0,2,1,0,199753.97,0,False,True,False,0.03,Low,15763065
766,52,7,92510.9,2,0,1,66193.61,0,False,False,False,0.14,Low,15672467
488,34,2,0.0,2,1,1,181270.84,0,False,False,False,0.0,,15752915
694,39,5,77652.4,1,1,1,25407.59,0,False,False,True,0.1,Low,15744695
639,31,3,98360.03,1,0,0,20973.8,0,False,False,False,0.08,Low,15584897
705,46,4,115518.07,1,0,0,76544.9,1,True,False,False,0.94,High,15601857
810,69,3,27288.43,1,1,1,110509.9,0,True,False,True,0.1,Low,15674156
638,36,6,0.0,1,1,0,164247.51,0,False,False,False,0.01,Low,15695465
595,43,5,0.0,2,0,0,105149.8,0,False,True,False,0.06,Low,15792232
575,36,7,0.0,1,1,1,55868.97,1,False,False,True,0.74,High,15807900
850,31,6,131996.66,2,1,1,178747.43,0,False,False,True,0.03,Low,15743760
419,27,2,121580.42,1,0,1,134720.51,0,False,True,False,0.1,Low,15652835
640,55,10,132436.34,1,1,0,978.66,0,False,False,True,0.12,Low,15767818
570,34,10,0.0,2,0,1,183387.12,0,False,True,True,0.0,,15591150
640,46,5,107978.4,2,1,0,155876.06,0,True,False,False,0.46,Medium,15734659
689,40,4,78119.59,4,1,0,119259.34,1,True,False,False,0.79,High,15796115
725,26,6,98684.15,1,0,0,133720.57,0,False,False,True,0.06,Low,15724648
751,44,10,0.0,2,1,0,170634.49,0,False,False,False,0.08,Low,15737732
544,53,9,0.0,1,1,0,125692.07,1,False,True,False,0.77,High,15632280
768,43,2,129264.05,2,0,0,19150.14,0,True,False,False,0.13,Low,15750407
648,37,6,131753.41,1,1,0,86894.67,0,True,False,True,0.14,Low,15795370
577,33,6,0.0,2,1,0,57975.8,0,False,True,False,0.0,,15656829
639,27,2,0.0,1,1,1,82938.99,0,False,True,False,0.06,Low,15643794
686,26,1,57422.62,1,1,1,79189.4,0,True,False,True,0.05,Low,15798605
657,28,7,0.0,2,0,1,5177.62,0,False,False,False,0.01,Low,15637324
613,34,5,144094.2,1,1,0,44510.26,0,False,False,True,0.04,Low,15589589
701,33,9,147510.34,1,1,0,190611.92,0,False,False,True,0.13,Low,15778936
578,28,8,161592.76,1,1,0,177834.79,0,False,True,False,0.03,Low,15757385
689,40,1,0.0,2,1,1,119446.64,0,False,False,False,0.01,Low,15666200
687,72,4,0.0,2,1,1,50267.69,0,False,True,False,0.01,Low,15683977
499,53,1,75225.53,2,0,0,144849.1,1,False,True,False,0.91,High,15675518
693,39,0,0.0,2,0,0,81901.6,0,False,True,False,0.05,Low,15584812
737,70,9,87542.89,2,1,1,42576.86,0,False,False,False,0.04,Low,15752984
651,32,8,144581.96,1,1,1,87609.5,0,False,False,False,0.03,Low,15577913
753,33,5,122568.05,2,1,1,82820.85,0,False,False,True,0.0,,15591980
523,24,5,172231.93,1,0,1,155144.12,0,False,True,False,0.09,Low,15598948
458,28,2,171932.26,2,1,1,9578.24,0,True,False,False,0.05,Low,15574142
643,39,7,0.0,2,1,1,170392.59,0,False,False,True,0.0,,15582903
638,34,7,0.0,2,0,0,3946.29,0,False,True,False,0.06,Low,15733229
685,38,4,111798.06,2,1,1,102184.66,0,True,False,True,0.02,Low,15635752
684,38,4,0.0,3,1,0,75609.84,0,False,False,True,0.66,Medium,15771000
670,27,5,79336.61,1,1,1,26170.08,0,False,False,False,0.01,Low,15804864
701,63,3,120916.52,3,0,0,144727.45,1,True,False,True,1.0,High,15641175
705,31,3,142905.51,1,1,1,58134.97,0,False,False,False,0.02,Low,15692226
593,27,10,0.0,3,0,0,94620.0,1,False,True,True,0.73,High,15584156
651,33,1,96834.78,1,1,0,108764.69,0,False,False,False,0.02,Low,15702656
741,37,9,105261.76,2,1,1,149503.54,0,False,False,True,0.01,Low,15606552
596,54,1,123544.0,1,1,1,120314.75,1,True,False,True,0.84,High,15687001
581,41,2,127913.71,2,1,1,44205.95,0,True,False,True,0.05,Low,15781903
689,28,5,95328.6,1,1,0,6129.61,1,False,True,False,0.05,Low,15731951
544,30,4,73218.89,1,0,1,126796.69,0,False,False,True,0.01,Low,15580953
718,41,1,0.0,2,0,1,27509.52,1,False,False,False,0.04,Low,15810390
583,35,8,149995.72,2,1,0,42143.55,0,True,False,True,0.03,Low,15628274
663,28,8,123674.28,2,1,1,87985.2,0,True,False,True,0.0,,15615444
666,33,2,124125.26,1,1,0,81884.8,0,True,False,True,0.1,Low,15784010
524,29,3,159035.45,1,1,0,2705.31,1,False,True,True,0.69,Medium,15571586
599,27,5,0.0,2,1,0,30546.4,0,False,False,True,0.0,,15748616
667,27,7,156811.74,1,1,1,149402.59,0,False,False,True,0.0,,15769402
727,52,4,0.0,2,1,1,118429.02,0,False,False,True,0.01,Low,15739248
689,55,4,0.0,2,1,1,58442.25,0,False,True,False,0.01,Low,15603481
639,39,6,150555.83,1,1,0,30414.17,0,False,False,True,0.15,Low,15723604
678,28,2,109137.12,1,1,1,58814.41,0,False,False,True,0.02,Low,15797822
523,36,8,158351.02,2,1,0,155304.53,0,False,False,True,0.07,Low,15665064
650,47,9,0.0,1,1,0,187943.6,0,False,False,False,0.74,High,15640580
744,35,7,0.0,2,1,1,43036.6,0,False,True,True,0.0,,15581089
697,40,4,0.0,2,0,1,26543.28,0,False,False,True,0.01,Low,15728605
800,46,6,0.0,2,1,0,171928.04,0,False,True,False,0.12,Low,15737385
664,24,7,0.0,1,0,1,35611.35,0,False,False,True,0.03,Low,15714789
740,39,9,0.0,2,1,0,19047.23,0,False,False,True,0.0,,15786035
835,56,2,0.0,2,1,1,39820.13,0,False,False,False,0.02,Low,15815259
559,52,2,0.0,1,1,0,129013.59,1,False,False,True,0.95,High,15592716
676,36,1,82729.49,1,1,0,113810.12,0,False,True,True,0.09,Low,15734850
613,45,9,142765.24,2,1,0,34749.65,0,True,False,False,0.16,Low,15638047
713,25,4,121172.97,1,1,1,56268.98,0,False,False,False,0.0,,15674573
751,28,10,132932.14,2,1,1,46630.47,0,True,False,False,0.03,Low,15694859
523,22,8,123374.46,1,1,1,124906.59,0,False,False,True,0.08,Low,15776404
775,74,0,161371.5,1,1,1,134869.93,0,True,False,False,0.18,Low,15579345
608,45,4,0.0,2,0,0,36697.48,1,False,True,True,0.69,Medium,15690733
673,51,8,79563.36,2,1,1,172200.91,0,False,False,True,0.03,Low,15631481
616,46,2,0.0,2,1,0,137136.46,0,False,False,True,0.01,Low,15620988
650,48,7,138232.24,1,1,0,57594.78,0,True,False,False,0.9,High,15571529
655,41,5,0.0,1,0,0,36548.0,1,False,False,False,0.82,High,15592104
782,53,1,81571.05,1,1,0,182960.46,1,True,False,False,0.9,High,15651900
781,35,1,0.0,2,0,0,42117.9,0,False,True,True,0.01,Low,15596212
593,33,0,95927.04,1,1,0,199478.05,0,False,False,False,0.04,Low,15710687
505,35,8,116932.59,1,1,0,91092.84,0,False,True,True,0.03,Low,15613787
707,40,1,0.0,2,1,0,14090.4,1,False,False,True,0.61,Medium,15599211
692,36,3,79551.12,1,0,1,178267.07,0,False,False,False,0.06,Low,15675983
813,30,1,116416.94,1,0,1,85808.22,0,True,False,True,0.06,Low,15622370
850,37,4,88141.1,1,1,0,109659.12,0,False,True,True,0.1,Low,15656319
753,32,6,177729.13,1,1,1,161642.08,0,False,False,True,0.02,Low,15605130
850,32,5,0.0,1,1,1,3830.59,0,False,True,False,0.05,Low,15672574
671,32,6,123912.78,2,1,1,146636.44,0,False,True,True,0.0,,15659355
791,33,3,0.0,1,1,1,144413.92,1,False,False,False,0.65,Medium,15777907
624,80,3,0.0,1,1,1,65801.44,0,False,False,True,0.05,Low,15655171
649,35,4,108306.44,1,1,1,192486.24,0,False,False,False,0.06,Low,15619674
732,48,4,102962.62,1,1,0,120852.85,1,True,False,False,0.94,High,15775192
664,36,0,103502.22,1,1,1,146191.82,0,False,False,False,0.01,Low,15617657
789,43,8,119654.44,2,0,1,148412.24,1,True,False,True,0.09,Low,15688951
680,33,10,183768.47,1,1,0,164119.35,0,False,False,True,0.28,Low,15763460
701,37,1,0.0,2,1,0,163457.55,0,False,False,True,0.0,,15756992
684,25,1,0.0,2,0,1,144978.47,0,False,False,False,0.01,Low,15617454
586,52,6,140900.97,1,1,1,67288.89,0,False,False,False,0.19,Low,15701932
522,25,5,94049.92,2,1,0,103269.0,0,True,False,False,0.15,Low,15700813
739,27,8,98926.4,1,1,1,106969.98,0,False,True,False,0.03,Low,15645600
835,18,2,142872.36,1,1,1,117632.63,0,True,False,True,0.03,Low,15634146
790,29,3,46057.96,2,1,1,189777.66,0,False,True,True,0.02,Low,15686743
671,48,6,119769.77,1,0,1,66032.65,0,False,False,False,0.1,Low,15698792
560,44,5,143244.97,1,1,0,98661.27,0,False,False,False,0.16,Low,15591724
651,28,10,79562.98,1,1,1,74687.37,0,False,False,True,0.02,Low,15571281
682,69,6,0.0,2,0,1,149604.18,0,False,False,True,0.01,Low,15661380
808,41,0,0.0,1,1,1,79888.78,0,False,False,True,0.09,Low,15728885
644,26,8,96659.64,2,1,1,138775.69,0,False,True,True,0.03,Low,15618950
688,29,1,0.0,2,1,0,154695.57,0,False,False,True,0.0,,15609804
617,26,2,165947.99,2,0,1,168834.38,0,False,False,False,0.07,Low,15735849
738,33,4,92676.3,1,1,0,105817.63,0,False,False,True,0.02,Low,15652948
663,45,5,83195.12,1,1,1,48682.1,0,False,False,True,0.04,Low,15618155
515,48,5,129387.94,1,0,1,147955.91,1,False,False,True,0.74,High,15566378
845,28,9,0.0,2,1,1,56185.98,0,False,False,False,0.02,Low,15565879
639,38,9,130233.14,1,1,1,81861.1,0,False,True,True,0.03,Low,15792922
557,32,3,123502.53,1,1,1,69826.8,0,False,False,False,0.01,Low,15770567
543,37,8,140894.06,2,1,1,118059.19,0,True,False,True,0.01,Low,15738042
585,44,7,163867.86,1,1,1,112333.22,0,True,False,True,0.1,Low,15714920
610,27,2,0.0,2,1,0,14546.76,0,False,False,False,0.02,Low,15782121
727,18,2,93816.7,2,1,0,126172.11,0,True,False,False,0.04,Low,15673180
540,40,8,0.0,2,1,0,3560.0,0,False,True,False,0.04,Low,15660636
418,35,7,0.0,2,1,1,88878.15,0,False,False,True,0.01,Low,15664504
660,32,0,114668.89,1,1,0,84605.0,0,False,False,False,0.03,Low,15790322
850,38,5,146756.68,1,1,0,78268.61,0,True,False,True,0.14,Low,15739847
618,46,6,150213.71,1,1,0,120668.46,1,False,False,False,0.26,Low,15699415
642,18,5,111183.53,2,0,1,10063.75,0,True,False,True,0.05,Low,15665521
850,40,9,99816.46,1,1,1,163989.66,1,False,False,False,0.65,Medium,15682868
739,34,9,0.0,1,1,0,60584.33,0,False,False,True,0.05,Low,15584462
508,41,5,0.0,2,1,1,94170.84,0,False,False,False,0.01,Low,15661708
667,41,6,0.0,2,0,0,167181.77,0,False,False,True,0.04,Low,15584452
741,60,5,0.0,1,1,1,38914.51,0,False,False,False,0.18,Low,15717010
592,29,7,0.0,2,1,1,91196.67,0,False,False,True,0.05,Low,15643828
651,45,6,86714.06,1,1,0,85869.89,1,True,False,False,0.86,High,15733361
773,52,2,0.0,2,1,0,57337.79,0,False,True,True,0.22,Low,15795488
850,41,8,132838.07,1,1,1,175347.28,0,False,True,True,0.02,Low,15581551
550,42,10,128707.31,1,1,0,63092.65,1,True,False,False,0.85,High,15632051
783,40,6,0.0,2,1,0,109742.55,0,False,False,True,0.01,Low,15780409
777,29,2,0.0,2,1,0,124489.88,0,False,False,True,0.0,,15572767
659,29,6,123192.12,1,1,1,56971.41,1,False,False,True,0.68,Medium,15590337
727,46,3,115248.11,4,1,0,130752.01,1,True,False,True,0.99,High,15634551
603,38,8,59360.77,1,1,1,191457.06,0,False,False,True,0.19,Low,15669290
644,37,9,0.0,2,1,1,96442.86,0,False,True,True,0.0,,15621140
647,35,6,112668.7,1,0,1,122584.29,0,False,False,False,0.02,Low,15613518
648,37,7,138503.51,2,1,0,57215.85,0,True,False,False,0.06,Low,15728043
721,57,1,0.0,1,1,1,195940.96,0,False,True,True,0.16,Low,15570073
524,29,7,0.0,2,1,1,105448.74,0,False,False,True,0.04,Low,15777033
626,34,3,0.0,2,1,1,37870.29,0,False,False,False,0.03,Low,15682454
569,43,7,0.0,2,1,0,52534.81,0,False,False,True,0.04,Low,15758513
578,36,1,157267.95,2,1,0,141533.19,0,False,True,True,0.02,Low,15772604
769,40,9,133871.05,1,1,1,50568.02,0,False,False,False,0.09,Low,15721715
694,31,4,141989.27,2,1,0,26116.82,0,True,False,True,0.01,Low,15688563
664,41,5,0.0,1,1,1,152054.33,0,False,False,False,0.11,Low,15772009
646,38,7,0.0,2,1,0,1528.4,0,False,False,True,0.0,,15809585
779,29,3,46388.16,3,1,0,127939.26,1,False,False,False,0.75,High,15593778
782,72,5,148666.99,1,1,0,2605.65,1,True,False,False,0.83,High,15655360
769,34,7,115101.5,1,0,0,57841.89,1,True,False,True,0.65,Medium,15780909
655,67,6,148363.38,1,1,1,186995.17,0,True,False,True,0.1,Low,15757310
623,46,4,0.0,1,1,0,5549.11,1,False,True,True,0.74,High,15801411
705,39,8,144102.32,1,1,1,11682.36,0,False,True,False,0.02,Low,15761706
686,41,5,128876.71,3,1,1,106939.34,1,False,False,True,0.97,High,15658409
678,36,6,118448.15,2,1,0,53172.02,0,True,False,True,0.06,Low,15810010
738,39,5,0.0,2,1,1,114388.98,0,False,False,True,0.0,,15627027
703,28,9,0.0,2,0,1,2151.17,0,False,False,True,0.01,Low,15624374
554,42,1,0.0,2,0,1,183492.9,0,False,True,True,0.01,Low,15720083
582,38,9,135979.01,4,1,1,76582.95,1,False,False,False,0.97,High,15752294
644,37,6,117271.8,2,1,0,104217.96,1,False,False,True,0.12,Low,15743193
724,29,4,0.0,1,1,0,8982.75,0,False,False,True,0.07,Low,15696733
593,33,1,0.0,2,0,0,9984.4,0,False,False,True,0.01,Low,15677522
710,30,10,0.0,2,1,0,19500.1,0,False,True,False,0.03,Low,15643523
631,35,8,129205.49,1,1,1,79146.36,0,False,False,True,0.01,Low,15624936
739,41,8,0.0,1,1,0,191694.77,1,False,True,False,0.78,High,15716085
644,18,7,0.0,1,0,1,59645.24,1,False,True,True,0.69,Medium,15641688
652,35,7,104015.54,2,1,1,55207.88,0,True,False,True,0.01,Low,15796834
554,37,3,0.0,2,1,0,166177.3,0,False,True,True,0.0,,15720123
483,30,9,0.0,2,0,0,136356.97,0,False,False,False,0.01,Low,15604732
669,42,1,103873.39,1,1,0,148611.52,0,True,False,False,0.19,Low,15723484
841,52,3,112383.03,1,1,0,85516.37,1,True,False,False,0.76,High,15807120
662,34,2,117731.79,2,0,1,55120.79,0,False,False,True,0.08,Low,15810891
821,45,0,135827.33,2,1,1,131778.58,0,True,False,True,0.45,Medium,15640407
783,38,9,114135.17,1,1,0,153269.98,0,False,False,True,0.06,Low,15778838
850,28,9,0.0,2,1,1,164864.67,0,False,False,False,0.0,,15709256
559,62,6,118756.62,1,1,1,20367.68,0,False,False,True,0.05,Low,15742285
602,34,8,98382.72,1,1,0,39542.0,0,False,True,True,0.03,Low,15729019
563,41,2,100520.92,1,1,1,19412.8,1,True,False,True,0.83,High,15608588
695,35,7,79858.13,2,1,1,127977.66,0,False,True,False,0.02,Low,15610557
546,20,6,0.0,1,0,1,20508.85,0,False,False,False,0.06,Low,15786418
719,76,10,95052.29,1,1,0,176244.87,0,True,False,False,0.57,Medium,15653050
539,42,1,177728.55,1,1,0,105013.63,0,True,False,True,0.13,Low,15744914
632,71,3,83116.68,1,1,1,27597.76,0,False,False,True,0.01,Low,15669611
772,34,7,111565.91,1,1,1,121073.23,0,True,False,True,0.09,Low,15594786
708,40,8,83015.71,1,1,0,101089.76,0,False,True,True,0.1,Low,15649211
668,28,1,124511.01,1,0,0,114258.18,0,True,False,False,0.13,Low,15766066
738,67,1,130652.52,1,0,1,22762.23,0,False,False,False,0.18,Low,15772216
785,55,5,0.0,2,1,1,7008.65,0,False,False,True,0.01,Low,15619898
597,61,5,0.0,2,1,1,81299.17,0,False,False,True,0.01,Low,15724543
531,37,7,121854.45,1,1,0,147521.35,0,False,False,True,0.01,Low,15755084
509,26,10,0.0,2,1,1,6177.83,0,False,False,True,0.0,,15730441
508,35,1,86893.28,1,0,0,59374.82,0,False,False,True,0.01,Low,15666767
749,32,7,79523.13,1,0,1,157648.12,0,True,False,False,0.05,Low,15690456
621,55,7,131033.76,1,0,1,75685.59,1,True,False,False,0.81,High,15570533
659,33,7,89939.62,1,1,0,136540.09,0,False,False,False,0.02,Low,15797692
634,59,3,95727.05,1,0,0,97939.4,1,True,False,False,0.94,High,15603135
675,39,7,0.0,2,0,1,36267.21,0,False,False,True,0.02,Low,15698927
770,31,3,155047.56,2,1,1,186064.34,0,False,False,True,0.0,,15687363
736,29,9,0.0,2,0,0,176152.7,0,False,False,False,0.01,Low,15733444
524,44,10,118569.03,2,0,0,82117.2,0,False,False,True,0.08,Low,15678057
674,28,5,0.0,1,1,1,151925.25,0,False,False,True,0.0,,15806918
700,44,9,0.0,2,1,0,142287.65,0,False,True,True,0.08,Low,15638247
741,35,1,0.0,2,1,0,36557.55,0,False,False,False,0.03,Low,15674833
455,40,1,0.0,3,0,1,129975.34,0,False,False,True,0.29,Low,15812534
608,37,2,130461.02,1,1,0,21967.15,0,False,True,True,0.05,Low,15586522
776,36,1,0.0,2,1,0,53477.76,0,False,False,True,0.01,Low,15794297
635,33,1,0.0,3,0,0,178067.33,1,False,False,True,0.84,High,15737025
746,37,4,0.0,2,0,1,171039.56,0,False,False,False,0.01,Low,15615931
692,47,3,0.0,2,1,0,150802.41,1,False,True,False,0.18,Low,15664860
683,35,9,61172.04,1,0,0,82951.12,0,False,True,True,0.03,Low,15664539
591,35,2,90194.34,2,1,0,57064.57,0,True,False,False,0.03,Low,15583692
581,24,3,95508.2,1,1,1,45755.0,0,False,False,False,0.01,Low,15693131
684,35,3,99967.76,1,1,1,176882.08,0,True,False,True,0.03,Low,15779973
561,37,4,101470.29,1,0,1,88838.14,0,False,True,True,0.03,Low,15620557
718,33,4,70541.06,1,0,0,88592.8,0,True,False,False,0.16,Low,15639549
590,31,8,112211.61,1,1,0,26261.42,0,False,False,True,0.01,Low,15618750
573,47,8,154543.98,1,1,0,29586.73,0,False,False,False,0.16,Low,15796790
350,40,0,111098.85,1,1,1,172321.21,1,False,False,False,0.87,High,15668309
504,44,0,131873.07,2,1,1,158036.72,1,True,False,False,0.76,High,15732437
813,27,1,137275.36,1,0,1,115733.16,0,False,True,True,0.01,Low,15665158
641,31,3,153316.14,1,1,0,59927.99,0,False,True,True,0.17,Low,15689322
662,22,9,0.0,2,1,1,44377.65,0,False,False,False,0.0,,15596624
497,44,2,121250.04,1,0,1,79691.4,0,False,True,True,0.23,Low,15601977
716,31,8,109578.04,2,1,1,51503.51,0,False,False,True,0.01,Low,15801462
526,37,5,53573.18,1,1,0,62830.97,0,False,False,False,0.12,Low,15566139
760,34,6,58003.41,1,1,0,90346.1,0,True,False,False,0.06,Low,15791006
669,31,6,113000.66,1,1,0,40467.82,0,False,False,False,0.01,Low,15668057
655,27,10,0.0,2,1,0,51620.94,0,False,False,True,0.0,,15580805
547,49,2,0.0,1,0,0,65466.93,1,False,False,False,0.94,High,15658768
648,40,5,139973.65,1,1,1,667.66,1,True,False,False,0.83,High,15613048
790,31,2,151290.16,1,1,1,172437.12,0,False,False,False,0.07,Low,15803654
744,50,1,121498.11,2,0,1,106061.47,1,True,False,False,0.75,High,15662337
761,32,4,103515.39,2,1,1,177622.38,0,False,True,False,0.02,Low,15650924
750,35,3,0.0,1,1,0,191520.5,0,False,False,False,0.17,Low,15647203
680,34,9,0.0,2,1,1,95686.6,0,False,False,True,0.0,,15682778
704,38,6,106687.76,1,1,0,173776.5,0,False,True,True,0.12,Low,15579820
521,41,2,0.0,2,1,1,113089.43,0,False,False,False,0.03,Low,15709354
452,35,8,0.0,2,1,1,149614.81,0,False,False,False,0.01,Low,15728480
695,31,5,106089.2,1,0,0,99537.68,0,False,False,False,0.0,,15641091
850,71,10,69608.14,1,1,0,97893.4,1,False,True,True,0.61,Medium,15603111
625,31,5,0.0,2,0,1,90.07,0,False,False,True,0.01,Low,15679693
608,40,7,96202.32,1,0,0,161154.85,0,True,False,False,0.15,Low,15797190
715,38,0,0.0,2,1,1,332.81,0,False,False,False,0.04,Low,15788025
834,33,5,0.0,2,1,0,66285.18,0,False,True,True,0.0,,15646168
469,33,1,127818.52,1,1,0,163477.22,0,False,False,True,0.0,,15580493
480,40,7,0.0,1,1,0,170332.67,1,False,False,False,0.75,High,15726720
527,58,3,137318.42,1,1,1,126144.96,0,True,False,True,0.16,Low,15735799
834,34,5,0.0,2,0,0,53437.1,0,False,True,True,0.0,,15773098
583,40,4,55776.39,2,1,0,26920.43,0,False,False,False,0.13,Low,15668971
696,32,4,84421.62,1,0,1,52314.71,0,True,False,True,0.04,Low,15603221
606,32,5,83161.65,1,1,1,116885.59,0,False,False,True,0.01,Low,15740043
713,39,10,0.0,2,1,1,126263.97,0,False,False,False,0.08,Low,15712264
821,42,3,87807.29,2,1,1,64613.81,0,True,False,True,0.02,Low,15751926
550,30,4,0.0,2,1,0,89216.29,0,False,False,False,0.0,,15589401
675,39,6,0.0,2,0,0,83419.15,0,False,False,False,0.01,Low,15742019
748,39,3,0.0,2,1,1,123998.52,0,False,True,True,0.0,,15660611
606,40,9,95293.86,2,0,1,96985.58,0,True,False,True,0.03,Low,15607634
726,30,7,92847.59,1,1,0,146154.06,0,True,False,True,0.03,Low,15595036
547,30,6,0.0,2,1,1,18471.86,0,False,False,True,0.0,,15745794
758,35,5,0.0,2,1,0,95009.6,0,False,True,True,0.0,,15781689
596,37,2,0.0,1,0,1,121175.86,0,False,False,True,0.13,Low,15696054
720,34,3,0.0,2,1,1,77047.78,0,False,True,True,0.0,,15752467
674,37,3,0.0,1,1,0,158049.9,0,False,False,True,0.14,Low,15597739
756,32,4,0.0,2,1,0,147040.25,0,False,False,False,0.01,Low,15651336
649,78,4,68345.86,2,1,1,142566.75,0,True,False,True,0.03,Low,15636061
613,28,7,76656.4,2,1,1,185483.24,0,True,False,True,0.04,Low,15723013
643,62,9,0.0,2,0,0,155870.82,0,False,False,True,0.22,Low,15784148
600,31,8,0.0,2,1,1,121555.51,0,False,False,True,0.0,,15578098
735,39,1,60374.98,1,1,0,40223.74,0,False,True,True,0.06,Low,15638621
585,34,1,0.0,1,1,1,75503.6,0,False,False,False,0.03,Low,15720924
724,33,4,88046.88,1,0,1,186942.49,1,True,False,True,0.68,Medium,15566531
635,29,2,0.0,2,0,0,117173.8,0,False,True,True,0.0,,15718064
472,19,9,0.0,2,1,0,3453.4,0,False,False,True,0.04,Low,15605067
590,36,1,0.0,2,1,0,48876.84,0,False,False,True,0.0,,15655335
651,63,8,129968.67,1,1,1,11830.53,0,False,True,False,0.11,Low,15607301
686,39,4,157731.6,2,1,0,162820.6,0,True,False,False,0.05,Low,15694628
606,32,6,0.0,2,0,1,36540.63,0,False,False,True,0.0,,15607112
781,33,3,89276.48,1,1,0,6959.0,0,False,False,True,0.01,Low,15635775
593,45,4,138825.19,1,0,0,10828.78,0,False,False,True,0.22,Low,15644280
793,63,4,103729.79,2,1,1,80272.06,0,False,False,True,0.07,Low,15708362
791,31,10,75499.24,1,1,0,22184.14,0,False,False,False,0.02,Low,15771997
850,68,5,169445.4,1,1,1,186335.07,0,False,False,True,0.08,Low,15730579
698,57,9,111359.55,2,1,0,105715.01,0,False,False,False,0.72,High,15728005
846,34,10,142388.61,2,0,1,68393.64,1,False,False,False,0.59,Medium,15791674
765,42,4,123311.39,2,1,1,82868.34,0,False,False,True,0.02,Low,15754599
574,52,7,115532.52,1,1,0,196257.67,0,False,True,True,0.22,Low,15693690
617,51,10,167273.71,1,0,0,93439.75,1,True,False,False,0.86,High,15728963
581,25,5,77886.53,2,1,0,150319.49,0,False,False,True,0.02,Low,15659710
710,37,6,135795.63,1,0,1,46523.6,0,True,False,True,0.04,Low,15658675
550,32,8,97514.07,1,1,1,199138.84,0,False,False,True,0.02,Low,15638788
533,51,6,127545.56,2,0,0,79559.02,1,True,False,True,0.81,High,15609735
779,49,9,106160.37,1,0,0,116893.87,0,False,False,True,0.15,Low,15771477
763,23,2,0.0,2,1,0,153983.99,0,False,False,False,0.14,Low,15570145
563,36,4,143680.47,2,1,1,63531.19,0,False,True,False,0.15,Low,15797149
678,38,3,124483.53,1,1,0,126253.31,0,False,True,True,0.06,Low,15636912
644,31,5,86006.3,1,1,1,73922.95,0,False,True,False,0.02,Low,15687828
682,43,7,111094.05,2,1,1,64679.3,0,True,False,False,0.07,Low,15667424
625,22,9,0.0,2,1,0,157072.91,0,False,False,True,0.0,,15759872
733,36,1,0.0,2,0,1,108377.82,0,False,True,True,0.0,,15572374
512,30,6,0.0,2,1,0,88827.31,0,False,False,False,0.0,,15754926
642,41,7,115171.71,1,1,1,37674.47,0,False,False,False,0.02,Low,15687431
737,22,10,111543.26,2,0,0,106327.85,0,True,False,False,0.05,Low,15604515
575,57,8,137936.94,1,1,1,84475.13,0,False,False,False,0.3,Low,15682839
543,37,3,122304.65,2,0,0,33998.7,0,True,False,False,0.06,Low,15624677
521,41,8,120586.54,1,0,1,20491.15,0,True,False,True,0.19,Low,15646366
637,32,3,0.0,2,1,1,197827.06,0,False,False,True,0.0,,15701768
714,40,9,46520.69,1,1,1,96687.25,0,False,False,True,0.07,Low,15623566
726,56,2,105473.74,1,1,1,46044.7,0,False,True,False,0.08,Low,15681274
680,34,7,0.0,2,1,0,98949.85,0,False,True,False,0.0,,15762573
812,39,5,115730.71,3,1,1,185599.34,1,True,False,True,0.9,High,15706458
757,30,3,145396.49,1,0,1,198341.15,0,False,True,True,0.0,,15654222
710,62,3,131078.42,2,1,0,119348.76,1,False,True,True,0.88,High,15704053
516,47,9,128298.74,1,0,0,149614.17,1,True,False,False,0.98,High,15724321
803,40,6,165526.71,1,1,0,12328.08,0,False,False,False,0.18,Low,15621815
560,38,5,83714.41,1,1,1,33245.97,0,False,False,False,0.0,,15724876
679,36,3,0.0,2,1,1,2243.41,0,False,False,False,0.03,Low,15696588
526,32,7,125540.05,1,0,0,86786.41,0,False,False,True,0.0,,15612832
485,41,2,100254.76,2,1,1,12706.67,0,False,False,True,0.01,Low,15804295
625,36,3,0.0,2,1,0,41295.1,1,False,False,False,0.54,Medium,15712536
773,43,7,138150.57,1,1,1,177357.16,0,False,True,True,0.02,Low,15662494
530,45,1,0.0,1,0,1,190663.89,1,False,False,False,0.85,High,15807728
616,43,7,95984.21,1,0,1,115262.54,1,True,False,False,0.89,High,15764916
651,23,10,0.0,2,1,1,170099.23,0,False,False,True,0.0,,15615330
586,38,2,136858.42,1,0,1,189143.94,0,True,False,True,0.1,Low,15638487
607,29,7,102609.0,1,1,0,163257.44,0,True,False,True,0.19,Low,15627859
724,39,3,0.0,2,0,1,95562.81,0,False,True,True,0.0,,15622192
733,64,3,0.0,2,1,1,75272.63,0,False,False,True,0.02,Low,15789413
667,70,3,77356.92,2,1,1,20881.96,0,True,False,True,0.0,,15583221
700,32,8,110923.15,2,1,1,161845.81,1,False,False,False,0.61,Medium,15768495
659,78,2,151675.65,1,0,1,49978.67,0,False,True,True,0.03,Low,15644103
710,22,8,0.0,3,1,0,107292.91,0,False,True,True,0.19,Low,15741197
760,37,7,0.0,1,0,0,32863.24,1,False,False,True,0.64,Medium,15664547
677,25,3,0.0,2,1,0,179608.96,0,False,False,False,0.0,,15797293
798,29,8,80204.11,2,1,0,70223.22,0,True,False,False,0.01,Low,15572021
758,35,7,0.0,2,1,0,77951.84,0,False,False,True,0.01,Low,15637461
715,45,4,0.0,2,1,1,55043.93,0,False,False,True,0.01,Low,15620577
752,32,9,115587.49,2,0,1,101677.46,0,True,False,True,0.07,Low,15609643
586,46,8,106968.96,1,1,1,79366.98,1,True,False,True,0.79,High,15785358
818,36,4,0.0,2,1,1,8037.03,0,False,False,True,0.02,Low,15603883
490,41,0,139659.04,1,1,1,176254.12,0,True,False,False,0.23,Low,15782550
610,69,5,86038.21,3,0,0,192743.06,1,True,False,False,0.95,High,15775761
627,24,5,102773.2,2,1,0,56793.02,1,True,False,True,0.64,Medium,15680201
533,35,8,0.0,2,1,1,187900.12,0,False,False,False,0.0,,15767594
708,51,8,70754.18,1,1,1,92920.04,1,False,False,False,0.77,High,15591985
681,59,4,122781.51,1,0,1,140166.95,0,False,False,True,0.06,Low,15789339
690,21,8,0.0,2,1,1,155782.89,0,False,False,True,0.0,,15781530
656,68,7,153545.11,1,1,1,186574.68,0,True,False,True,0.12,Low,15705174
673,40,1,121629.22,1,1,1,3258.6,0,False,True,True,0.05,Low,15572114
806,36,8,167983.17,2,1,1,106714.28,0,True,False,True,0.01,Low,15804009
648,43,7,81153.82,1,1,1,144532.85,1,False,True,False,0.76,High,15662698
501,35,6,99760.84,1,1,1,13591.52,0,False,False,True,0.01,Low,15696047
556,43,4,125890.72,1,1,1,74854.97,0,True,False,False,0.14,Low,15701160
627,27,2,0.0,2,1,0,125451.01,0,False,False,False,0.0,,15790093
652,31,2,119148.55,1,0,0,149740.22,0,False,False,True,0.02,Low,15632143
807,60,1,72948.58,2,1,1,17355.36,0,True,False,False,0.2,Low,15736778
708,21,8,133974.36,2,1,0,50294.09,0,True,False,True,0.01,Low,15734917
619,27,1,154483.98,1,1,0,156394.74,0,False,False,True,0.04,Low,15643903
601,40,10,98627.13,2,0,0,77977.69,0,False,False,True,0.02,Low,15569526
445,64,2,136770.67,1,0,1,43678.06,0,False,False,True,0.18,Low,15777067
800,39,4,95252.72,1,1,0,13906.34,0,True,False,True,0.31,Medium,15795511
554,33,3,117413.95,1,1,1,12766.74,0,False,False,True,0.12,Low,15610419
714,54,4,137986.58,2,0,1,51308.54,1,True,False,True,0.17,Low,15644994
656,44,10,143571.52,1,0,0,127444.14,0,False,False,True,0.1,Low,15703707
520,49,5,121197.64,1,1,0,72577.33,1,False,False,True,0.77,High,15659327
480,39,5,121626.9,1,1,1,82438.13,0,False,True,True,0.01,Low,15771323
660,30,1,84440.1,2,1,1,60485.98,0,True,False,True,0.04,Low,15750549
532,36,4,0.0,2,1,1,132798.78,0,False,False,True,0.0,,15698462
679,42,1,0.0,2,0,0,71823.15,0,False,False,True,0.0,,15739692
780,26,3,140356.7,1,1,0,117144.15,0,False,False,False,0.02,Low,15744041
747,29,7,0.0,2,1,1,141706.43,0,False,False,True,0.0,,15700714
705,39,3,92224.56,1,1,1,54517.25,0,False,False,False,0.06,Low,15777743
732,43,9,0.0,2,1,0,183147.17,0,False,False,False,0.1,Low,15623143
515,40,10,121355.99,1,1,0,138360.29,0,False,True,True,0.09,Low,15712568
816,40,9,109003.26,1,1,1,79580.56,0,True,False,False,0.17,Low,15617432
641,48,3,147341.43,1,1,1,157458.61,1,False,False,False,0.83,High,15650424
509,18,7,102983.91,1,1,0,171770.58,0,False,False,True,0.05,Low,15728829
601,49,4,96252.98,2,1,0,104263.82,0,True,False,False,0.48,Medium,15680430
527,39,4,0.0,2,1,0,167183.07,1,False,False,True,0.01,Low,15687626
455,27,5,155879.09,2,0,0,70774.97,0,False,False,False,0.09,Low,15609187
803,34,4,142929.16,2,1,1,114869.56,0,True,False,True,0.05,Low,15609521
553,32,7,64082.09,1,0,1,109159.58,0,False,False,True,0.01,Low,15752626
724,28,5,0.0,1,1,0,59351.68,0,False,False,False,0.09,Low,15571756
610,45,1,0.0,2,1,1,199657.46,0,False,False,False,0.05,Low,15814040
559,39,2,0.0,2,1,1,121151.1,0,False,True,False,0.02,Low,15658211
825,35,6,118336.95,1,1,0,26342.33,1,True,False,False,0.64,Medium,15742091
819,28,8,168253.21,1,1,1,102799.14,0,False,True,False,0.03,Low,15787168
772,42,0,101979.16,1,1,0,90928.48,0,True,False,False,0.21,Low,15772363
685,23,5,164902.43,1,0,0,141152.28,0,False,True,True,0.08,Low,15659364
506,43,2,0.0,2,1,0,105568.6,0,False,False,True,0.04,Low,15738980
642,22,10,111812.52,2,1,1,183045.46,0,True,False,True,0.01,Low,15794236
627,40,10,0.0,2,1,1,194792.42,0,False,True,True,0.0,,15721383
600,30,2,119755.0,1,1,1,21852.91,0,True,False,True,0.06,Low,15652981
653,46,0,119556.1,1,1,0,78250.13,1,False,False,True,0.77,High,15722731
762,35,3,119349.69,3,1,1,47114.18,1,False,True,False,0.92,High,15640507
569,30,3,139528.23,1,1,1,33230.37,0,False,True,False,0.06,Low,15578878
756,40,1,94773.11,1,1,0,114279.63,0,False,False,True,0.09,Low,15744295
673,31,1,108345.22,1,0,1,38802.03,0,False,False,True,0.02,Low,15776558
637,36,9,166939.88,1,1,1,72504.76,0,False,False,False,0.07,Low,15596136
644,33,7,174571.36,1,0,1,43943.09,0,False,False,True,0.01,Low,15704597
658,35,9,71829.34,1,1,1,68141.92,0,False,True,True,0.05,Low,15648272
649,36,8,0.0,2,0,1,109179.89,0,False,False,False,0.01,Low,15594915
603,39,9,76769.68,1,0,0,48224.72,0,False,False,False,0.23,Low,15581115
820,39,1,104614.29,1,1,0,61538.43,1,False,False,False,0.76,High,15763907
712,27,10,0.0,1,1,0,94544.88,0,False,True,True,0.07,Low,15705994
645,31,1,128927.93,1,1,1,2850.01,0,True,False,False,0.08,Low,15772421
705,31,9,110941.93,2,1,0,163484.8,0,True,False,False,0.02,Low,15711572
590,29,10,99250.08,1,1,1,129629.41,0,False,True,False,0.14,Low,15691170
631,36,1,0.0,2,0,0,133141.34,0,False,False,True,0.0,,15600106
604,34,7,0.0,2,1,1,188078.55,0,False,False,True,0.0,,15745431
643,48,8,0.0,2,1,0,174729.3,0,False,True,True,0.01,Low,15649508
690,30,5,0.0,2,0,1,78700.03,0,False,True,False,0.02,Low,15812611
558,31,7,0.0,1,1,0,198269.08,0,False,False,True,0.24,Low,15619699
637,51,1,104682.83,1,1,0,55266.96,1,True,False,True,0.94,High,15813946
648,45,5,118886.55,1,0,0,51636.7,0,True,False,False,0.38,Medium,15762762
652,28,8,156823.7,2,1,0,198251.52,0,False,True,True,0.01,Low,15629793
808,39,3,124216.93,1,0,1,171442.36,0,True,False,True,0.06,Low,15781298
551,26,2,144258.52,1,1,0,49778.79,0,False,False,False,0.0,,15622658
711,26,9,128793.63,1,1,0,19262.05,0,True,False,True,0.07,Low,15658980
467,28,10,126315.26,1,1,0,32349.29,1,True,False,True,0.8,High,15701936
789,40,4,0.0,2,1,0,137402.27,0,False,True,False,0.01,Low,15686917
602,33,5,0.0,2,0,1,64038.34,0,False,True,True,0.0,,15807312
576,39,1,0.0,2,1,1,68814.23,0,False,False,True,0.0,,15574523
584,38,1,115341.55,1,0,1,173632.92,0,False,False,True,0.09,Low,15724200
593,32,6,99162.29,1,1,0,128384.11,0,False,False,True,0.01,Low,15738224
705,48,1,156848.13,2,1,1,99475.95,1,True,False,False,0.75,High,15593283
595,64,2,105736.32,1,1,1,89935.73,1,True,False,False,0.47,Medium,15814690
699,41,1,200117.76,2,1,0,94142.35,0,True,False,False,0.18,Low,15807245
516,46,6,62212.29,1,0,1,171681.86,1,False,False,False,0.49,Medium,15799358
838,31,2,0.0,2,1,0,8222.96,0,False,False,True,0.03,Low,15616172
587,39,10,0.0,2,1,1,170409.45,0,False,False,True,0.0,,15777958
750,38,5,151532.4,1,1,1,46555.15,0,False,False,True,0.05,Low,15809124
581,39,1,121523.51,1,0,0,161655.55,1,True,False,True,0.82,High,15616367
484,41,5,0.0,1,1,1,74267.35,0,False,False,True,0.06,Low,15687385
576,26,8,0.0,2,0,1,34101.06,0,False,True,True,0.0,,15607877
567,46,1,68238.51,2,1,1,109572.58,0,True,False,False,0.11,Low,15736327
638,30,9,136808.53,2,1,1,106642.97,0,False,True,True,0.01,Low,15746704
646,24,0,92398.08,1,1,1,18897.29,0,True,False,True,0.04,Low,15778304
658,40,5,143566.12,1,1,1,189607.71,0,False,False,False,0.08,Low,15588456
590,38,9,0.0,2,1,1,148750.16,0,False,True,False,0.02,Low,15664035
546,25,7,127728.24,2,1,1,105279.74,0,False,True,True,0.0,,15596405
603,34,9,0.0,2,1,0,167916.35,0,False,False,False,0.02,Low,15815097
619,38,10,119658.49,1,1,1,8646.58,0,False,True,False,0.08,Low,15762708
678,34,6,0.0,2,1,1,124592.84,0,False,False,False,0.0,,15776211
459,26,4,149879.66,1,0,0,50016.17,0,False,False,True,0.04,Low,15626012
671,28,8,119859.52,2,1,0,125422.66,0,True,False,True,0.0,,15792077
501,43,6,104533.24,1,0,0,81123.59,1,False,True,True,0.65,Medium,15718765
719,37,10,145382.61,1,1,0,80408.59,0,False,True,True,0.02,Low,15576615
681,37,6,121231.39,1,1,1,146366.08,0,False,True,False,0.01,Low,15752650
706,24,2,141078.57,1,1,1,24402.87,0,False,True,True,0.02,Low,15797502
763,32,1,108465.65,2,1,0,60552.44,1,True,False,False,0.67,Medium,15687329
716,39,1,70657.61,2,1,1,76476.05,0,False,False,True,0.06,Low,15779423
507,40,3,120105.43,1,1,0,92075.01,1,True,False,True,0.78,High,15619514
678,55,4,129646.91,1,1,1,184125.1,1,True,False,True,0.85,High,15615430
775,30,10,191091.74,2,1,1,96170.38,0,False,False,False,0.21,Low,15716431
544,38,8,0.0,1,1,1,98208.62,0,False,False,True,0.06,Low,15798341
756,27,8,0.0,2,1,1,157932.75,0,False,False,True,0.0,,15651958
757,43,5,131433.33,2,1,1,3497.43,1,True,False,False,0.67,Medium,15726179
742,33,1,137937.95,1,1,1,51387.1,0,True,False,True,0.05,Low,15652999
591,49,3,0.0,2,1,0,50123.44,0,False,False,True,0.02,Low,15691950
667,24,4,0.0,2,0,0,180329.83,0,False,False,True,0.0,,15632446
787,32,4,0.0,2,1,1,13238.93,0,False,False,True,0.0,,15620936
718,43,0,93143.39,1,1,0,167554.86,0,False,False,False,0.11,Low,15587640
521,38,6,0.0,2,1,0,51454.06,0,False,False,True,0.0,,15782231
607,40,1,112544.45,1,1,1,19842.22,0,False,True,True,0.03,Low,15580462
633,34,3,123034.43,2,1,1,38315.04,0,False,False,False,0.07,Low,15736371
588,37,2,0.0,2,0,1,187816.59,0,False,True,True,0.02,Low,15648032
724,33,9,119278.44,1,1,1,197148.24,0,True,False,False,0.5,Medium,15610454
720,44,4,0.0,2,1,0,163471.01,0,False,False,True,0.03,Low,15671358
521,39,7,0.0,2,0,1,653.58,0,False,False,True,0.0,,15747130
620,36,7,169312.72,1,1,0,45414.09,0,False,True,True,0.05,Low,15578374
505,33,3,106506.77,3,1,0,45445.78,1,True,False,False,0.97,High,15572182
728,43,8,128412.61,1,0,1,139024.31,0,False,True,False,0.03,Low,15770041
486,62,9,118356.89,2,1,0,168034.83,1,True,False,True,0.96,High,15669414
584,42,3,137479.13,1,1,0,25669.1,0,True,False,True,0.2,Low,15777054
687,40,1,0.0,2,1,0,8207.36,0,False,True,False,0.06,Low,15621021
771,50,3,105229.72,1,1,1,16281.68,1,False,False,True,0.74,High,15785490
678,41,2,148088.11,1,1,0,14083.12,0,False,False,True,0.14,Low,15577695
751,48,4,0.0,1,0,1,30165.06,1,False,False,False,0.89,High,15686974
670,33,8,126679.69,1,1,1,39451.09,0,False,False,True,0.02,Low,15574584
675,31,2,90826.27,2,1,0,60270.87,0,False,True,True,0.02,Low,15719541
684,24,8,143582.89,1,1,1,22527.27,0,False,True,True,0.0,,15646310
637,21,10,125712.2,1,0,0,175072.47,0,False,False,False,0.04,Low,15697606
760,32,2,0.0,1,1,1,114565.35,0,False,True,False,0.07,Low,15711489
662,37,4,155187.3,1,1,0,48930.8,0,False,True,True,0.03,Low,15670427
680,49,10,0.0,2,1,0,187008.45,0,False,False,True,0.09,Low,15731755
604,40,5,155455.43,1,0,1,113581.85,0,False,True,True,0.12,Low,15796370
764,40,9,100480.53,1,1,0,124095.69,0,False,False,False,0.32,Medium,15598331
521,77,6,0.0,2,1,1,49054.1,0,False,False,False,0.01,Low,15704795
684,56,3,127585.98,3,1,1,80593.49,1,True,False,False,0.93,High,15796764
795,40,2,101891.1,1,1,1,183044.86,0,False,False,False,0.13,Low,15589420
678,61,8,0.0,2,1,1,159938.82,0,False,True,False,0.09,Low,15810563
589,38,4,0.0,1,1,0,95483.48,1,False,False,True,0.71,High,15746569
660,28,3,128929.88,1,1,1,198069.71,0,False,True,False,0.04,Low,15811594
646,39,6,121681.91,2,0,1,61793.47,0,True,False,True,0.07,Low,15645896
706,56,3,139603.22,1,1,1,86383.61,0,True,False,False,0.24,Low,15802909
730,27,7,0.0,2,1,0,144099.48,0,False,False,False,0.0,,15797665
606,36,10,0.0,2,0,1,155641.46,0,False,False,False,0.03,Low,15778959
690,36,10,91760.11,1,1,1,135784.94,0,False,True,False,0.04,Low,15722532
645,41,2,93925.3,1,1,0,123982.14,1,True,False,True,0.75,High,15784124
579,38,4,175739.36,1,1,1,193130.55,0,False,False,False,0.06,Low,15776518
481,28,10,0.0,2,1,0,145215.96,0,False,False,False,0.01,Low,15611247
492,45,9,170295.04,2,0,0,164741.81,0,True,False,True,0.16,Low,15721469
739,58,2,101579.28,1,1,1,72168.53,0,False,False,True,0.14,Low,15773338
624,55,7,118793.6,1,1,1,95022.02,1,False,False,True,0.67,Medium,15784042
682,44,3,115282.3,1,0,0,23766.4,0,False,False,True,0.04,Low,15776229
701,34,6,107980.37,1,1,1,119374.74,0,False,True,False,0.03,Low,15655903
718,44,1,133866.22,1,0,1,139049.24,0,False,False,False,0.26,Low,15590177
496,34,1,102723.35,2,1,0,180844.81,0,False,False,False,0.0,,15568876
543,41,5,0.0,2,0,1,143980.29,0,False,True,True,0.0,,15813140
616,44,7,193213.02,2,1,1,137392.77,0,False,True,False,0.16,Low,15770516
635,53,8,117005.55,1,0,1,123646.57,1,True,False,True,0.72,High,15755731
652,31,1,132862.59,1,0,0,158054.49,0,False,True,True,0.01,Low,15574480
688,26,0,0.0,2,1,0,105784.85,0,False,False,True,0.06,Low,15798084
678,49,3,204510.94,1,0,1,738.88,1,False,False,False,0.45,Medium,15673020
757,36,1,65349.71,1,0,0,64539.64,0,True,False,True,0.03,Low,15643575
667,36,8,139753.35,1,1,0,79871.16,0,False,False,True,0.03,Low,15596811
725,29,6,0.0,2,1,1,190776.83,0,False,False,False,0.0,,15786789
632,50,5,107959.39,1,1,1,6985.34,1,True,False,False,0.94,High,15578865
694,38,5,195926.39,1,1,1,85522.84,0,False,False,False,0.12,Low,15605672
803,36,1,0.0,2,1,1,149370.93,0,False,False,True,0.0,,15603674
814,31,6,87772.52,1,1,0,188516.45,0,False,False,False,0.01,Low,15759915
611,38,4,71018.6,2,1,0,2444.29,0,False,False,True,0.03,Low,15686219
755,38,4,111096.91,1,1,1,19762.88,0,True,False,True,0.1,Low,15696388
425,40,9,166776.6,2,0,1,172646.88,0,True,False,True,0.21,Low,15713604
850,34,6,101266.51,1,1,0,33501.98,0,False,False,False,0.03,Low,15647800
677,18,8,134796.87,2,1,1,114858.9,0,False,True,True,0.19,Low,15813451
797,46,8,0.0,1,0,0,162668.33,0,False,False,False,0.21,Low,15765375
692,43,10,118588.83,1,1,1,161241.65,1,True,False,False,0.78,High,15774586
735,28,5,160454.15,2,0,1,114957.22,0,True,False,True,0.03,Low,15603454
609,77,1,0.0,1,0,1,18708.76,0,False,False,True,0.05,Low,15653037
700,42,8,0.0,2,1,1,105305.72,0,False,False,False,0.0,,15782475
526,36,5,91132.18,1,0,0,58111.71,0,False,True,False,0.15,Low,15593496
693,57,9,0.0,2,1,1,135502.77,0,False,True,False,0.07,Low,15808971
748,20,7,0.0,2,0,0,10792.42,0,False,False,False,0.02,Low,15791972
657,36,8,0.0,2,0,1,123866.43,0,False,True,True,0.01,Low,15676869
739,25,5,113113.12,1,1,0,129181.27,0,True,False,False,0.46,Medium,15683007
784,23,2,0.0,1,1,1,6847.73,0,False,True,True,0.04,Low,15659495
744,41,7,190409.34,2,1,1,138361.48,0,True,False,True,0.04,Low,15703923
645,44,10,0.0,2,0,1,166707.22,0,False,False,True,0.02,Low,15674000
669,33,9,0.0,2,0,1,107221.03,0,False,False,False,0.0,,15618171
615,34,1,83503.11,2,1,1,73124.53,1,False,False,True,0.03,Low,15732202
724,53,1,139687.66,2,1,1,12913.92,0,True,False,False,0.23,Low,15735078
850,47,9,137301.87,1,1,0,44351.77,0,False,False,False,0.15,Low,15798615
625,39,10,129845.26,1,1,1,96444.88,0,True,False,False,0.16,Low,15638494
635,46,8,0.0,2,1,1,60739.16,0,False,True,True,0.01,Low,15763874
724,37,6,125489.4,1,1,0,118570.53,0,True,False,True,0.06,Low,15696355
550,47,2,0.0,2,1,1,97057.28,0,False,False,True,0.04,Low,15655952
645,45,6,155417.61,1,0,1,3449.22,0,False,False,True,0.08,Low,15739850
714,29,4,0.0,2,1,1,37605.9,0,False,True,True,0.01,Low,15611338
520,46,10,85216.61,1,1,0,117369.52,1,False,False,False,0.85,High,15707861
633,25,1,0.0,1,1,0,100598.98,0,False,False,True,0.02,Low,15672237
537,37,6,0.0,1,1,1,17802.42,0,False,False,True,0.14,Low,15657771
764,38,4,113607.47,1,1,0,91094.46,0,False,True,True,0.22,Low,15677783
795,33,9,104552.72,1,1,1,120853.83,1,True,False,False,0.81,High,15681026
573,44,9,0.0,2,1,0,107124.17,0,False,True,True,0.03,Low,15566543
702,44,9,0.0,1,0,0,59207.41,1,False,True,True,0.83,High,15594612
740,33,2,126524.11,1,1,0,136869.31,0,True,False,True,0.04,Low,15814664
479,34,5,117593.48,2,0,0,113308.29,0,False,False,True,0.12,Low,15642785
627,33,4,83199.05,1,0,0,159334.93,0,True,False,False,0.13,Low,15690164
479,35,4,125920.98,1,1,1,20393.44,0,False,True,True,0.11,Low,15590213
623,48,5,118469.38,1,1,1,158590.25,0,False,False,True,0.12,Low,15603794
512,40,8,153537.57,2,0,0,23101.13,0,True,False,False,0.08,Low,15733491
609,41,6,0.0,1,0,1,112585.19,0,False,False,True,0.1,Low,15806360
518,42,7,151027.05,2,1,0,119377.36,0,False,False,True,0.12,Low,15587133
833,34,3,144751.81,1,0,0,166472.81,0,False,False,False,0.06,Low,15721377
758,26,4,155739.76,1,1,0,171552.02,0,False,False,True,0.03,Low,15747927
611,27,7,0.0,2,1,1,157474.1,0,False,False,True,0.0,,15806455
583,33,7,122531.86,1,1,0,13549.24,0,False,False,True,0.06,Low,15695474
610,50,1,113957.01,2,1,0,196526.55,1,True,False,True,0.58,Medium,15666295
637,33,7,103377.81,1,1,0,84419.78,0,False,False,False,0.0,,15656062
683,32,9,0.0,2,1,1,24991.92,0,False,False,False,0.03,Low,15579969
774,40,9,93017.47,2,1,0,191608.97,0,False,False,True,0.05,Low,15703563
677,58,1,90022.85,1,0,1,2988.28,0,False,False,False,0.11,Low,15692664
741,35,6,74371.49,1,0,0,99595.67,0,False,True,True,0.07,Low,15719276
498,42,3,152039.7,1,1,1,53445.17,1,True,False,True,0.77,High,15672754
655,46,7,137145.12,1,1,0,115146.4,1,True,False,False,0.94,High,15768163
613,40,4,0.0,1,0,0,151325.24,0,False,False,True,0.15,Low,15656710
602,35,7,90602.42,2,1,1,51695.41,0,True,False,True,0.01,Low,15696175
659,36,6,123841.49,2,1,0,96833.0,0,False,False,True,0.0,,15586914
673,47,1,183579.54,2,0,1,34047.54,0,True,False,True,0.08,Low,15581736
606,30,8,180307.73,2,1,1,1914.41,0,False,True,True,0.07,Low,15588839
775,30,4,0.0,2,1,0,49337.84,0,False,False,True,0.01,Low,15589329
841,28,4,0.0,2,1,1,179436.6,0,False,True,True,0.0,,15605622
714,33,3,35016.6,1,1,0,53667.08,0,True,False,True,0.04,Low,15798964
597,53,4,88381.21,1,1,0,69384.71,1,False,False,False,0.93,High,15769959
726,36,2,0.0,1,1,0,195192.4,0,False,True,True,0.11,Low,15657105
644,28,7,155060.41,1,1,0,29179.52,0,False,False,True,0.23,Low,15569266
800,29,2,0.0,2,0,0,167773.55,0,False,False,False,0.05,Low,15719294
771,39,5,0.0,2,1,0,96270.64,0,False,False,True,0.0,,15606229
516,35,10,57369.61,1,1,1,101699.77,0,False,False,True,0.09,Low,15569892
709,36,7,0.0,1,0,1,42085.58,1,False,False,False,0.68,Medium,15584532
772,42,3,75075.31,2,1,0,92888.52,1,True,False,True,0.06,Low,15682355
792,28,4,130142.79,1,1,0,38190.78,0,False,False,False,0.0,,15628319
